     WORLDSEED    | X COORDS | Z COORDS | AREA
-2791475238868599577 -2211871 -2547647 7214464
-2791475264113250842 -293418 954730 7176192
-2949389215273995260 462406 -1238932 7105168
-2949389224484488285 1880061 189793 7064656
-2949389229770046932 -1615885 727760 7118944
-8215186191528275962 959385 -1947312 7031440
-8215186192216230401 344847 -3141968 7065216
-8458980720480135422 2520926 -556747 7883984
-8458980752826871637 875929 -776664 7430704
-8458980777437237192 -3090597 394302 7134192
-8458980792726006655 13058 1718411 7234160
-8458980795884304162 -257863 -3067141 7083088
-8458980804787414396 -3097990 -3188390 7759712
2487332249863450310 -1149567 -3276144 7287840
2487332261595335776 28463 -334206 7271680
2487332267171995544 2455273 493945 7249264
2487332269773402162 -313048 575333 7430512
2487332346689561931 -706493 2064148 7174336
1723695196529110995 -349697 41432 7087920
1723695232447231166 2279813 -436997 7659136
1723695269418025199 -1917281 1375164 7273664
1723695285603430791 -3149391 6999 7251312
4744927081568843142 2020332 -107478 7236544
4744927097620385718 2817806 474522 7239328
4744927124056017416 -701951 -412195 7093600
3968601694610751320 -1509094 2437936 7079984
3968601864475072562 621108 -396171 7719184
3968601929872915543 883441 -300258 7179632
-7673451951277270938 -1083300 457657 7029376
-7673451915447832346 1913934 -2967015 7279424
-7673451911028761790 -355074 -1971059 7448896
-7673451816812232407 1701175 -2361726 7485104
-7673451760796778143 2856835 -1108856 7322736
-3758234514267086190 -1559684 -2453476 7455312
-3758234512997752310 1483929 -231823 7340544
-3758234424002933171 682640 -2116658 7823328
-3758234395887121403 -636482 334065 7428368
-3758234388308221057 -1591701 -299556 7297552
-2356061401473508534 -372327 -2991327 7777888
-2356061367586037299 2588444 -631599 7571120
-2356061362049444946 -2603463 -1896276 7059392
-2356061308120035084 330669 -464680 7585280
-2356061295194368142 -1762088 -2865458 7005440
4832611536660296248 2504477 -2967590 7010080
4832611549034933653 1511880 1162585 7466048
4832611618810543280 -2452558 -1002502 7315376
4832611646040744909 2169229 -2063690 7031104
4832611673258555230 2376269 -1530706 7079712
4832611813796375846 1381353 1551660 7145728
4832611823048561929 1601655 1539679 7168096
4832611830193701670 -1210511 -926252 7115312
4832611876262235105 -1259252 -1073639 7393760
4832611923000410574 -842383 -1292280 7122064
4832611930040082452 -3090415 -496024 7056192
4832612051185151065 -863715 -2219190 7380608
4832612080161024528 707435 -996733 7217776
4832612152413172781 2836671 -2059166 7453712
4832612154393916011 593129 -300619 7309664
4832612177805231944 1769317 -1268851 7403136
-2658012417936472626 492223 -961158 8270448
-2658012379501553378 1663429 -542380 7064160
-2658012296600096221 2319271 264745 7066672
-2658012278527060582 1369033 1009009 7924304
-2658012256124236866 -2510761 335995 7089696
-2658012247339521747 102415 -1863759 7189728
-2658012184320465660 -2162870 -642760 7213504
-2658012120653411292 -1476299 -2208530 7124672
-2658012040321794862 2116373 -3156743 7330224
-2658011999271359872 -432878 922665 7223376
-2658011981393584688 1442387 -3351034 7058144
-2658011913839794900 -2610971 -2227532 7115808
-2658011897901726266 717731 -1289279 7026816
-2658011886857026442 -1090935 -1796071 7230240
-2658011883595114328 -2529068 -3029598 7440704
-2658011839607908753 -1778638 54462 7536736
4425236940154434350 -381535 252874 7585424
4425236956319534572 198298 -610202 7001568
4425237004664532196 -542288 -2932853 7187872
4425237028132599835 1779968 -3239849 7094160
4425237031198879371 2242083 -2770560 7162672
4425237093795032096 1457054 -478510 7043840
4425237112793868490 -865285 179904 7050176
4425237328777388927 3137133 -3045672 7036784
4425237471580887824 -2249254 -1463650 7212832
4425237504315397344 -778596 -1409605 7180528
4425237506635815580 -3395164 77870 7044512
4425237513945821612 -1773854 1719013 7035904
4425237529863482399 -1831919 2051541 7545280
3801159947101344172 1592503 714399 7244240
3801159956204355482 -3218899 -2073566 7460720
3801159978837410025 1720600 1710279 7245952
3801160046277224808 2832618 -2443491 7568832
3801160056728389261 -3007677 51523 7544048
3801160059874861447 -2134679 637613 7048112
3801160116524687767 2845484 -1934380 7207680
3801160310109114828 1819670 -2453908 7095712
3801160317678713923 -289024 -6590 7263936
3801160339369539088 1389868 1044470 7410272
3801160384322649457 -850622 375447 7230432
9137839833969348229 -349599 681251 7388384
9137839861292214558 -2348076 -3137846 7289072
9137839875298808581 1143915 -2714715 7350080
9137839893109751199 1854923 -1728423 7004656
9137839905395664246 -1024285 419352 7042176
9137839928228517004 -1284618 1343302 7522096
9137839994354073190 71958 -2754382 7202160
9137840058306627292 -65970 -929781 7105312
9137840059678176029 1236827 -2844135 7883248
9137840088580234255 -135207 -194278 7825536
9137840177884280072 -1916843 -2465880 7160448
9137840349763323875 -574355 -69058 7108240
9137840359174599394 -1626030 321660 7235664
9137840364673710301 -389869 -1185839 7188352
9137840425450725020 -60948 -2299273 7063504
9137840434800832775 2533361 655799 7265600
3207105641061889467 -236707 -1332758 7924784
3207105655574919206 502154 1952065 7577360
3207105673359910860 638637 1315803 7399840
3207105755296549328 896278 -532829 7107232
3207105779832571396 -2874751 -1808462 7847408
3207105801153229163 2741531 1816495 7680896
3207105863193866560 -2898218 323192 7257616
4395536068237685609 -2340867 -2268822 7059344
4395536133964875611 2038281 1493102 7017344
-2025135574129243003 2488027 -1421237 7148656
-2025135492595580343 -2191084 -741995 7104480
-2025135472553729974 -1566145 251111 7289904
-2025135345403953483 -3445751 -3280367 7134688
-2025135336256654410 1241552 1106463 7102896
-2025135320639414254 118346 -1254837 7483552
-6211500120552071954 239666 1149432 7269584
-6211500007113016900 -3042923 -880518 7669696
-6211499998535186351 -196925 53944 7279024
-6211499986802130824 -809429 298721 7419664
9137840558204357857 -2289332 1951819 7005168
9137840687213501512 -1454151 -3099643 7054336
9137840687603202294 -2152788 24403 7446288
-3435848015334255935 -249800 -3339881 7274000
-3435847989085990400 -2776219 -1270372 7585408
7799786112221484477 -2418260 -1613804 7069776
7799786169838165055 21121 1851801 7126352
7799786182944081103 -2129766 2198217 7099344
7799786222517575597 -1384254 -2796998 7127056
7799786247194044310 -228059 -2774345 7099600
8533037589946285079 -3204710 314782 7151392
8533037655055234699 285378 -3125288 7097664
8533037695262240785 -72538 2227074 7193808
8533037698984928549 2775520 -1941628 7189184
-4148167071099637030 -2352257 1066282 7277776
-4148166962476743132 -3122549 771239 7136752
-4148166952493591516 -1735079 1413786 7014400
-4148166889960847025 -3392128 1692959 7228944
5103654607539701095 -3062251 1462504 7164208
5103654648649638921 -832416 -1781863 7005120
5103654808113109809 -36274 -2275682 7132032
4372473821240952260 1818293 1131394 7911712
4372473881167739609 553208 -1361661 7653520
4372473907197311577 -2026382 603255 7128816
4372473975113105144 -3032445 768280 7162544
4372474016497732680 -311727 -2155616 7034128
4372474019076669895 1851721 1403211 7364752
4372474020805397513 559162 900959 7183200
389970175627249771 -3345364 -156354 7065424
-6518872697115847641 980370 -464502 7871456
-6518872684213992057 -231811 -3374906 7329632
-6518872630125905133 86335 -2361740 7073728
-6518872550721194972 2709505 412237 7059280
3984669880050273698 1125716 -2091109 7331440
3984669886006784477 434387 -2305782 7645440
3984669924014519546 -2538004 -1755512 7024656
3984669953324134867 -944571 -1367899 7132368
3984669976635611843 -1151284 1985621 7070400
3984670024424387939 -601672 2024608 7422016
3984670098194542224 2202301 -3091430 7046432
7235378451973702728 517813 -272872 7223056
7235378492509758582 -2867399 -2978511 7056272
7235378501257988728 1058113 598956 7265152
7235378547076096539 1513926 -2761571 7009360
7235378549316508924 -422922 1394664 7404272
7235378632189517492 -1270677 2010891 7269792
7235378660709182903 -664825 -434063 7383648
5104882124302463583 1282668 -2751260 7116656
5104882202937657233 -3178859 -3172173 7245152
5104882217321056005 1487589 -2913787 7638896
5104882305945628910 -2247205 694935 7129040
5104882338321262334 -538524 -1964794 7444304
5104882340064040148 2831565 -86435 7274784
8410114418146530180 -1446380 2223456 7131984
8410114422001729668 -2104124 1602015 7216400
8410114461548552078 -823589 189234 7783456
8410114582033130278 1026074 -2752041 7011296
8410114603218563243 59652 1738982 7304752
8410114608318228965 179265 -2632407 7281408
-7357188191435324349 2017492 -2285377 7161296
-7357188182524013365 -1865149 448104 7256432
-7357188141779436906 2491972 -2460837 7013664
-7357188137122584716 2430921 -2842954 7106320
-7357188108971523366 813163 -2916240 7192208
-7357188108343530119 -1625084 1515069 7143472
-7357188104893952044 -2591282 -958432 7593920
-7357187973035227408 -1892030 -84420 7047216
-7357187868780063389 -3435238 -2462005 8064112
-7357187764014756410 -3044196 880014 7377344
-1672442721148858296 -760077 -286927 7044000
-1672442707310621962 1079034 -1191670 7192096
-1672442666889618380 -3345290 -1521362 7527360
-1672442650687495498 1442791 349751 7110320
-1672442622890093667 -2474893 -1576954 7183968
-1672442600574131803 927797 -1077582 7379712
-1672442522501905282 -2323633 -1908228 7162944
-1672442484519640842 1104978 -305220 7190320
-1672442415785787645 477547 -861831 7253344
-1672442288122214944 1499637 -77472 7453184
-1672442274383343333 -977159 -3060488 7357280
-1672442253420348402 1040558 -1642582 7000000
-1672442124381918953 -3269521 -1610396 7002656
4594646913135117195 730809 1654811 7144016
4594646926668824223 -3082845 1269636 7571616
4594646950300553736 1623839 1012525 7871072
4594646955088626562 1196750 -250554 7006816
4594646982259590701 2382473 -2270341 7120752
4594647065127022491 -1560042 -512063 7007344
4594647083273431926 1123496 -1409857 7050288
4594647132646663091 1095424 -1944696 7118208
4594647185232693926 -1431149 -674866 7506128
4594647193741455965 1799966 -1651453 7163488
4594647241926339830 1003970 -2127259 7286800
4594647247527292696 -3423571 2055930 7171872
4594647296038541032 -2751106 -583556 7017280
4594647332815875346 390310 -1463603 7191152
4594647355028680786 1048570 -794055 7578512
4594647363891217337 -3242933 -1622843 7316768
4594647367059916799 134178 469056 7043856
4594647392369588648 -2838944 299372 7018816
4594647509998027624 -106868 -2435352 7114496
-4864343018827883160 -466815 -2724097 7157856
-4864343015576857415 2638159 1836517 7199664
-4864343008601180080 193818 -2038948 7328576
-4864342980825426352 -102730 1518689 7273792
-4864342887110618637 2915914 -2434731 7458400
-4864342864044841408 -1130052 876442 7238560
-4864342829861636539 -2020061 -377059 7457648
-4864342790924998162 2783926 1743831 7000320
-4864342742676623892 -1427779 -1871483 7168864
-4864342647205441783 -1016686 874044 7027728
-4864342641379157161 316560 528456 7174480
-4864342565311993750 1221645 -990443 7172416
-4864342439785639738 -3472369 -3156744 7179696
-4864342430811456773 120558 1382664 7057344
-9185160366343976277 -3202773 -2625282 7288688
-9185160264491634647 671047 1311605 7023456
-9185160239148606548 -223585 -1871282 7198288
-9185160189162219849 2427699 58380 7900448
-9185160109442865133 352440 2260986 7154416
-9185160089852361284 -1050345 1252412 7270704
-9185160056286638847 640461 1584713 8284064
-755042860577061124 -2335204 -1097675 7076096
-755042788431227761 -2443501 -1343988 7967072
-755042715532046419 2437196 -2398452 7176256
-755042631360946753 771008 -3311601 7107600
-755042585596474922 -1553936 1769567 8052800
-755042490609045236 -2837989 -2145469 7711280
-755042358500244484 -1000748 1763944 7451456
-755042358389511150 -3441103 -1216662 7099616
-755042309710636957 -3088966 1180080 7080912
-755042212472933171 -3031426 1674129 7649056
-755042210793705261 -2869917 960765 7056080
-1667287962594382261 -587327 -1375056 7231616
-1667287816060560251 1035224 -2771187 7717696
-1667287788710613864 461625 -2634741 7337744
-1667287783238121273 85196 -3074924 7240848
-1667287714276617528 -1033221 -1440829 7162144
-1667287698906182524 308088 -1864789 7180656
-1667287696071901777 -2007496 -1554422 7034672
-1667287628707120263 -1255499 -2279451 7191408
-1667287591827121402 -2194356 853875 7977552
-1667287577671664635 -1894680 -3436160 7229200
-1667287554081039094 2267445 -872056 7302176
-1667287517282605613 -2172204 2189027 7048656
-1667287437420381577 -2857222 -766775 7007088
-1667287385738361324 -1189049 1246882 7065840
-1667287305677015610 -2364227 89510 7067856
-1667287305038673011 2191897 -637389 7117264
-1667287303282966981 2389649 761725 7225584
-4338010002502046127 -3299937 -764211 7595104
-4338010002206796999 -2132611 -1462816 7768672
-4338009981787801780 -1115534 696509 7617616
-4338009873978298885 -1952572 -1105449 7693728
-4338009849013620784 184547 -634643 7528944
-4338009826214185137 -2630231 1172548 7530544
-4338009669176745807 -1433950 -1711374 7081744
-4338009536387946880 475351 -2547792 7116208
-4338009474606546935 1057921 -1470261 7441408
-4338009310225210492 2185828 818842 7414960
-5400414332243049294 295978 -3046480 8041312
-5400414328303766652 -2072521 2582971 7354016
-5400414298341270120 1207384 -1337286 7941888
-5400414052626888227 -3250251 830506 7330496
-5400414036983404440 -1587277 -341692 7198608
-5400414025844136828 -983895 -2997188 7052480
-5400413984321000708 -208812 372106 7128064
-5400413973614170859 320441 -2236200 7119920
-5400413961755590792 1326833 -769028 7081072
-5400413890147050974 -2848194 -3070650 7889040
-5400413839458437793 99575 -1416403 7396960
-5400413837286922158 2083685 809587 7363440
-5400413821793904665 -2429625 1848298 7387680
-5400413805269035835 781528 -626342 7218272
-5400413777847385214 841130 -945469 7334976
-5400413768133257596 -2458751 -2517804 7095472
-5400413745767638366 420379 -1024514 7040992
7791152622593554896 -2176167 -1864224 7095120
7791152747451280579 1989683 1576105 7048368
7791152761639240088 -2151319 1117054 7069360
7791152810049390206 875234 -588503 7037120
7791152844887463318 -2645508 -2496926 7122704
7791152894154209495 1042999 -3084357 7268336
7791152916773365805 -2289335 -707532 7152128
7791152965305091146 -1591311 223888 7352048
7791153037708730122 -3309449 1631181 7244080
7791153052214869001 -2923462 890767 7183776
7791153075876355280 -3169693 -2053063 7414688
7791153100337037720 -2272726 873520 7357008
7791153154254487118 -3193186 596421 7036384
7791153201055133922 1008708 -40218 7172880
7791153215393712960 -3138629 -896742 7239536
7791153264899630722 702565 -1277592 7139472
7791153283059691790 -2285904 1777208 7504304
7791153312153371152 -1065875 1825577 7541600
7791153319581162484 -626711 -2588789 7458624
7791153325445245123 -1090378 881302 7373696
-7837274554464621514 -110731 2207248 7485456
-7837274511704446400 -2379053 1487726 7247312
-7837274508439923632 -3318580 -2824416 7014272
-7837274454728064375 2570175 1227101 7357648
-7837274273118099242 -215024 233410 7079312
-7837274139806068373 771507 1280976 7244288
-7837274102528257516 -1425102 -1576494 7317488
-7837274087744223209 -467088 -158485 7142304
-7837274064801005243 -1900320 -2988595 7109360
-7837274008939537272 -2862663 -2406923 7015280
-7837273943139892305 -2100512 -2120029 7184288
-7837273932493732300 677763 1231519 7134768
-7837273900923521306 -41798 -563577 7226032
210842917094807980 -153401 131729 7119408
210842936955115732 -2421570 2013752 7251168
210842951107132619 -2638164 -617565 7660704
210842976380345487 -2143966 -1114635 7055488
210843018047724717 -3018981 -2720870 8387216
210843028346856742 -1105295 -1161154 7427808
210843064781010475 2664292 -781586 7032736
210843126612352266 2380276 -700635 7188320
210843135303552609 2243664 -1362726 7015024
210843198653615093 -2527300 -2726348 7041088
210843231068309672 -1460438 -1943603 7360528
3171773571282104255 1893892 -1338662 7199024
3171773578380413870 2176666 -2533053 7097712
3171773595764214963 -397101 -442424 7600176
3171773621772110369 -820737 -1666608 7557552
3171773667826718741 -431362 -1227122 7078208
3171773692505956805 -1302032 1589227 7018128
3171773698515696417 365809 -1438731 7266256
3171773717671706855 434237 -3102074 7002560
3171773804550052501 -2637293 1970609 7074192
3171773878137593251 413677 1458673 7023696
3171774001570543871 1306256 475061 7251264
8481510298143742286 1730464 -3160083 7353776
8481510303978412175 981546 1285091 7217488
8481510319959619130 -2809550 1633799 7181920
8481510323907458768 -2323990 -2683765 7083328
8481510357003632634 -143809 1651831 7410560
8481510372556714308 -2309729 -1397696 7329168
8481510415512139447 1852054 -2047695 7336096
8481510416989634401 -1530625 1607965 7179728
8481510432480127682 -3192519 -558343 7039072
8481510482915383416 355499 1705076 7455024
8481510549380591301 -497855 -2050757 7342656
8481510702635550440 -2384165 -2674516 7496464
8481510716878099838 -710576 1110039 7143456
8481510741977636862 -766180 577858 7359904
8481510754615721292 522562 -3364361 7202336
8481510770929845451 -3250091 -1221253 7350480
5649830988571355136 -887641 498914 7054704
5649830999529558515 -1916742 637543 7329712
5649831069402153252 373193 -2546187 7281888
5649831100597285030 692604 -1799252 7346496
5649831369382798250 1939919 -1075643 7306144
2194528934574370392 993230 746067 7111600
2194529002400283832 -2241002 1027714 7239168
-7097784940540031535 1171287 48996 7041056
-7097784930525711256 123772 972506 7351680
-7097784915638153315 -217121 848408 7487744
-7097784802606052224 -2043291 -2740718 7090000
288124805238582950 -936817 363337 7581392
288124850687912986 -865922 -2598491 7056240
288124913504024909 -2075325 -886178 7109888
288124932490116488 2479294 1140020 7070944
288124960513941713 884715 -111699 7067856
288124979950733158 -2878720 -1330778 7052288
8699943717982417119 12544 -795827 7016816
8699943752365992325 1055492 -3323119 7402128
8699943760017751282 -726544 -1110069 7257280
8699943771502231857 -164093 -1783479 7153776
8699943795547257308 -1997099 10993 8284352
7614229023642218900 -2380295 780499 7075584
7614229030917233000 1713909 -2875649 7066784
7614229033196432460 -2721757 -1104614 7196144
7614229049425748672 -2348356 1005048 7627072
7614229056142539147 676855 473524 7043184
7614229072022861750 -2189930 -412803 7462304
7614229103452427992 -575014 -878289 7004896
7614229112381845077 1568599 934236 7048080
7614229131113925941 -3373388 661454 7014992
7614229159948144717 2359532 1878392 7958480
2621438380820002881 -2321975 662905 7047248
2621438396783733298 2004830 1565700 7345600
2621438551230587184 1401536 -1504325 7453440
2621438751327333677 -459291 -2174408 7296096
2621438799651413222 -1172497 -1759610 7022304
2621438800838172180 -1294036 666165 7087840
2621438818452286123 236796 -637244 7239056
2621438890920442726 2414379 -1602477 7544496
2621438893683849705 -1130435 -2897231 7041072
2621438894927390444 -1540300 -232938 8073872
3243949043165998444 1093011 -2310909 7015360
3243949056738255662 -2522733 -191233 7217664
3243949145682752950 -1537014 -2414366 7236400
3243949159173063597 2143533 1633522 7290304
3243949464415638039 314702 -828421 7557808
3243949522726150175 -109035 -333456 8179248
3243949620860416026 1200889 -3305006 7351888
-5624399558108449657 -2000408 -3077074 7280432
-5624399528693764166 988465 77663 7087792
-5624399436827017180 -2295454 -2598003 7702800
-5624399419162421129 -48264 1618874 7098768
-5624399411867614508 -2931453 -2246188 7190192
-5624399402551930419 -1319637 539724 7029472
-5624399305375246208 2729838 -3013919 7497984
-5624399268993905133 2374831 -3236292 7316320
-5624399215069503876 2038181 -1299434 7026272
-5624399130677924590 515577 -305790 7370464
-5624399031147232320 -1820583 -748051 7055056
-5624399000763083364 -249398 -3462255 7168144
-5624398988062187129 2196919 -2927673 7878608
-5624398986149792265 -3476968 -1975689 7544944
-6810934775310422414 2068265 756779 7095968
-6810934719616304191 1645685 -2674482 7143248
-6810934634078733027 2625240 -1586104 7111568
-6810934633885191215 -2395203 -2561829 7068896
-6810934631401440174 -1689177 -1458830 7056976
-6810934570130407023 1592127 -3346719 7094224
-6810934566371051153 341949 -2693361 7490432
-6810934506444275968 -2315632 -2736849 7030896
-6810934495766463784 868478 -1405963 7264064
-6810934470282457123 -540618 1165446 7173872
-6810934404908747819 -3102959 2049642 7010720
-6810934372259027005 1906401 -950719 7190128
-6810934360156085659 -2751279 -2959127 7076144
-6810934280219754819 -513794 -3097019 7483984
-6810934248153657561 -2917575 -2428592 8077952
-6810934237823769544 524971 -2679033 7007360
7419208249415341934 -805839 -2280445 7102656
7419208264266351565 -67692 -2415853 7027776
7419208295860250222 2287368 -4022 7259888
7419208338985143926 1530367 562666 7813056
7419208351936306499 574104 -1304053 7192976
7419208357851209446 -3392009 -821182 7008528
7419208360352773099 -872993 -3051645 8381744
7419208412987003206 -8260 -3553565 7082544
7419208477577236279 -368054 1587530 7044608
7419208517838020718 -2841998 433990 7019376
7419208524665164997 818383 -1870022 7347760
7419208526798952809 -570558 -2253415 7008064
7419208599569236713 -555050 -2997755 7022928
7419208610347426264 1357574 -747117 7056480
7419208630347042693 2427763 1903680 7038640
7419208641530205738 -2057050 1414873 7123568
7419208678103118890 -2742963 1465327 7127664
7419208713675794022 2830213 1308100 7042096
7419208788868213012 -668211 -2584761 7247120
1627074531159234872 -407121 1741241 7411360
1627074599891166203 2799106 -2237077 7365424
1627074674895705735 2328127 1067044 7053520
1627074705611632384 -2669629 -2236672 7254608
1627074741319685519 -1866055 -1401256 7219248
1627074922943213933 2967527 -1609515 7989120
1627074959442507394 828044 -422565 7354416
1627074989753208291 1276747 1169008 7212512
-7094969058306717547 -2876337 1848459 7883296
-7094969054854658744 1802932 1819316 7060128
-7094969052579633750 -3058663 1284497 7187872
-7094969000836602456 -2696895 -722318 7031088
-7094968956496597713 -3108317 854000 7132608
-7094968891847298681 686788 -2347033 7680688
-7094968852592027387 7493 1334483 7250032
-7094968807166657234 795558 225896 7157408
-7094968797729024352 -1876130 -2941066 7222752
-7094968748603298381 1089646 -1610688 7201040
-7094968680249621180 141117 -1585443 7049312
-7094968492149158375 -235394 -2354656 7060960
-7094968453827168757 1976185 -2125519 7335248
-5539733137354435855 -2529298 -779262 7448928
-5539733127646122479 1399422 377152 7003472
-5539732936360084754 -341182 638644 7610288
-5539732924755389963 196387 -1917146 7138464
-5539732862684408766 867457 -441469 7152320
-5539732837040366988 2196699 -68398 7894592
-5539732831750957410 -3231 -2550292 7360000
-5539732804101845563 -2927758 -738196 7061392
-5539732783773523263 -1541548 -3225717 7270416
-5539732684383286451 1129698 629413 7457104
-5539732680064177311 1087350 -1237467 7256128
-5539732638671575555 -2595978 -3267448 7062656
-5760106203846469621 -1844107 1222045 7072896
-5760106051498239854 -3610759 -1547926 7077696
-5760105984624160202 3138501 270938 7013616
-5760105975388914772 441513 -2861667 7095696
-5760105974147592594 2008980 905925 7010656
-5760105924083231226 -413457 2087000 7458768
-5760105897118948463 975743 -941016 7631120
-5760105827488902955 -529844 142609 7146256
-5760105818507164033 -3219517 -2354702 8257136
-5760105804701807206 2003504 -2390379 7120208
-5760105752098029303 902849 -870392 7159024
-5760105715535221129 138684 -760840 7067424
692293457377315110 -1427557 -3100072 7016976
692293467402198370 -2360271 -2626634 7636304
692293534973897410 -1331740 1212853 7087360
692293632519941770 -1121429 -2199348 7177168
692293760241049659 2723598 1187265 8018752
692293863286606549 1874492 1337810 7413872
692293903161979431 -788175 2288243 7681136
692293912395011323 -2266772 934839 7485856
692293918619109081 781467 -645058 7150704
692293978142849428 -1486472 -615340 7047136
692294029844626153 2929150 -739233 7464240
5087323041499674195 446903 1411822 7024400
5087323077374605451 2083015 -1747289 7041904
5087323133837273616 994047 1248612 7371424
5087323142465789402 -1247226 2092996 7163248
5087323250355640523 885189 -152795 7220976
5087323259370649878 617911 -1195396 7243408
5087323269097296886 -2851349 -3226346 7151936
5087323311754693651 418110 -1118873 7063072
5087323326073940050 -996828 -1502 7076432
5087323489174905197 -2431341 -411067 7153456
5087323515151063123 2362428 1249677 7469136
5087323535408221725 -1554246 409124 7570752
8391333175805441701 -135896 -1437360 7047728
8391333234240070870 -848220 74676 7236208
8391333234673442948 103822 -1364123 7460528
8391333258397221155 -3065864 -1079466 7211952
8391333301762378152 -1574981 -612955 7815248
8391333337600463279 -2991625 -701658 7260240
8391333354815677934 -242098 -2785535 7555872
8391333389856414542 -3019656 -333836 7063936
8391333416518323367 -1707611 207626 7053184
8391333417585181373 -2344793 2434932 7572368
8391333427765266801 -632373 -2763293 7011344
8391333452210849578 -447103 -1965733 7127152
8391333486181794292 -2751293 1068936 7275456
8391333494438055012 -1860407 -83445 7030848
8391333529618918731 -315106 -2469108 7398000
8391333546866241813 -3106231 -1886940 7265040
8391333629708622047 -382312 -332637 7033344
8391333653191960952 -937506 -3336957 7082096
6070143533228561097 -2088882 1832185 7203824
6070143552061721247 -2101176 -1166492 7002352
6070143569901021644 2074210 -1119498 7714784
6070143585055741967 2782516 -1356047 7140272
6070143617482929179 2720443 1611217 7386512
6070143681328435209 -850619 -1658403 7399056
6070143787493060073 -1800487 1701002 7443136
6070143794136219822 -2470349 -2088270 7021776
6070143855413926814 -527018 774119 7057440
6070143898508245721 -2618706 916335 7285552
6070143902973402931 1658360 -2003859 7121472
6070143911367784214 -1616058 1223834 7139824
6070143929208532768 -586707 -384535 7144352
6070143938046040942 -481581 -1862080 7096832
6070143942749388962 2913057 568471 7138288
6070143960995921373 -1107583 -941959 7001248
5205644984218775763 54949 1218198 7229744
5205645037519078718 872996 592435 7114992
5205645112272148239 -1623651 1123993 7435088
5205645196300459080 -2296793 2445844 7300304
5205645220222933196 1576212 1890463 7348752
5205645228649780294 -311059 -964394 7539968
5205645288945068395 1056490 121751 7466448
5205645310116100831 -1066084 -2081862 8098016
5205645326517232376 649889 -865063 7172496
5205645330160186040 1298616 -2341318 7010672
3683370660429790772 -725888 1734353 7121280
3683370665679007155 215781 1093673 7471040
3683370697218405723 -2888828 -3145305 7168992
3683370841900516382 1398695 -1692413 7232944
3683370860304653325 -1740861 291375 7105408
3683370871128862242 2547361 737734 7177280
3683370897804780735 -1662387 -2405557 7041456
3683370903010768450 605335 -1517374 7158992
3683370924002397992 -2930632 2179751 7090896
1498944017335977630 -3354453 -1004579 7155504
1498944053042594439 -3034654 896347 7040848
1498944075854837751 228608 -762680 7268592
1498944096531947976 -1036586 849967 7076768
1498944139504847455 -2468451 -2921735 7034016
1498944182673236305 2466063 -2690839 7019856
1498944191026935627 646826 -2212945 7051712
1498944266300742778 69525 -492871 7361504
1498944290686106268 -954789 -1497382 7060064
1498944334846979232 1014919 -2982952 7399936
1498944346478539903 81385 155997 7844032
-6004775371946178252 -3078523 145912 7772256
-6004775361796003872 -1746330 2046213 7132896
-6004775348341184600 -1233999 -818697 7243008
-6004775318267985682 -1467831 -2069266 7216368
-6004775224909233276 1293441 -3155519 7326784
-6004775191954609999 1713429 -582829 7245328
5205595430346636616 -1803822 -3429689 7092064
5205595432533215765 -2828070 -431095 7175264
5205595457190388745 -308986 2249752 7483008
5205595506159324751 1026966 1088648 7066768
5205595512710163542 2391217 549956 7337120
5205595700459933965 2201363 -1778068 7068096
5205595701431106659 137912 -2807562 7389120
1037704633145598504 73652 -729500 7202256
1037704678492983808 -2396861 -937733 7217712
1037704712264759595 2480967 -567912 7377888
1037704808371435856 1533398 1090178 7156208
1037704862687329437 -1691434 177522 7015840
1037704862857446257 2515766 -2817441 7247952
1037704879926456264 -960818 1568950 7065760
1037704919833010630 -1038567 416877 7265520
1037704923984655882 643093 -2611346 7116560
1037704953595139631 -2424384 -3314697 7228176
-2516075167355026857 222138 -1124857 7719584
-2516075147326251475 -1258097 -680572 7523120
-2516075011651375465 255896 -1889006 7114688
-2516074976901709292 2203129 -115533 7231024
-2516074975718116585 578850 2047192 7102160
-2516074973131018089 1421933 -967063 7708032
-2516074961038527161 -1216358 -2587296 7004432
-2516074942280917179 -625248 -3303377 7951552
-2516074881497575248 -2428301 1263934 7807056
3930212430829640185 -1066047 -3208482 7076048
3930212516701248125 742314 2236601 7465792
3930212537845696086 2464142 1048218 7173248
3930212613394422873 162361 -3322544 7147248
3930212743459374771 821829 -476278 7020336
6880493390472660499 -1562272 -3351376 7151520
6880493394639772636 -3280237 1215227 7167536
6880493437739823744 -2197552 -2531250 7291776
6880493447863805058 -2455486 1601017 7750240
6880493463662019399 2532730 -1017837 7598320
6880493526337773842 -2959927 -1045374 7794048
6880493675426432376 1054730 -812247 7343984
-8873426461438459971 2442407 1118322 7130464
-8873426382899353151 -1925599 -385664 7012064
-8873426338162148504 1399730 1084933 7231616
-8873426307972257040 2155664 -3408002 7026144
-8873426288313945911 664141 -1493481 7554992
-8873426244566786691 -336657 696737 7139616
-8873426208138678619 992715 227198 7069728
5411005279190686849 313011 -926014 7146352
5411005302510024223 -800324 -3278710 8301888
5411005316569672664 -2415454 923944 7274784
5411005330039441186 2499644 -2872 7096752
5411005367616600207 -829864 -2656098 7319760
5411005449742686082 -1489797 -2278575 7053136
-316633141250018055 2430753 -1366511 7213696
-316633110122060998 519034 -1098848 7188192
-316633094002709540 -1241081 -1935939 7422368
-316633059464752702 -1319110 1609603 7117952
-316633033338310818 898080 -2342984 7626656
-316632999296557719 -2410342 2307775 7186032
-316632980650407494 -409406 -1762482 7228768
-316632919041392591 782202 -2960249 7262992
-316632884641295541 172438 1220676 7457664
599094315890423484 -1384593 -2342104 7368032
599094359457554466 -1735281 -1339212 7658464
599094365753169796 877052 680680 7037520
599094374010710037 -2893923 -1736443 7055200
599094460052770375 -121481 1008012 7004944
599094520396953132 2508719 -3118510 7902912
599094544251964241 2009208 1204373 7203648
5924665501893260560 1337347 -1623804 8022848
7340260951538252998 1310766 -3197045 7988480
7340260959774496296 -426868 -2868021 7306720
7340261010945555002 873246 -2375452 7339024
7340261041642665378 -12930 -3129150 7253568
7340261049522381208 -2836615 -1878005 7097584
7340261104284562765 -2644031 -2128413 7146656
7340261158594361959 36057 -408524 7136480
7340261179357020846 -2009822 -319178 7719984
7340261217060446743 2091159 -1138425 7505520
-8387809873856139902 1043132 -247483 7099152
-8387809826831265812 -198637 -853666 7132512
-8387809817669378897 -275791 -1089824 7014176
-8387809768295742631 877071 -369308 7125152
-8387809713240202388 -701790 552866 7249520
-8387809704896359083 1880303 603091 7527792
-8387809616796979651 200031 394232 7137920
-8387809615042025432 2001006 -952091 7043648
-6013094153189895332 -518568 1642053 7048016
-6013094133297908920 -2831835 -1525350 7006464
-6013094095686412881 428570 610699 7072864
-6013094068238310102 -2959931 -1086473 7189936
-6013094061658534248 -872298 -1788305 7517840
-6013094023109197586 2794084 1013806 7412320
-6013094002395334625 2212276 567665 8756160
-5122565285556651133 -1088955 -2898534 7226768
-5122565218409788694 -2115497 641207 7191168
-5122565114710639688 -1907984 -878075 7171296
-5122565106028017252 41693 -968299 7200160
-5122565012050737995 -2844219 2123623 7240720
-5122564831750710301 -2398610 -2044806 7107056
-5122564813108221375 2501265 -660194 7519328
-5122564782989664950 -2413755 1355961 7178256
-5122564756362210826 -1167153 272867 7138864
-5122564752914044968 1999558 -31963 8160192
-5122564738374971638 -1943184 -252821 7184816
-5122564645377098301 -1606789 -2542794 7072416
-5122564643328514970 1535137 513490 7156000
1365210300250408174 1301551 -820631 7193744
1365210310138204266 338699 2217523 7717792
1365210312906635416 2171311 -73495 7193232
1365210417490580622 -1323367 94480 7163584
1365210467796735393 -820273 -213858 7750560
1365210502343413932 2164127 563351 7010752
1365210557874748640 -1974063 543938 7174912
865029311741764031 1156980 -3028545 7197424
865029344644723664 2380763 1369169 7003632
865029426014164631 1323947 -3295488 7170160
865029475599222086 -1913475 -1538404 7758928
865029641932458031 492414 109674 7777664
865029761189718567 -537052 -2635310 7078656
865029842593707146 639860 -287334 7149056
865029871542185189 -2838574 -2733752 7110096
865030053879579244 -3207367 -1467670 7097808
865030082318605483 520846 1445763 7096240
865030090159309040 -522189 1879850 7680096
865030100725142155 -3384740 -1896371 7209408
8549896336933851825 -2204610 -3361192 7328960
8549896360138831588 2044534 226547 7412144
8549896374844354393 -552093 -1102740 7028336
8549896406106612350 2324455 -683705 7028144
-5437445586106347795 2630377 -1011205 7237664
-5437445570671228088 557896 1979656 7133600
-5437445544407356980 2051186 394531 7189168
-5437445464416001234 -1126992 -3123633 7829824
-5437445394346595866 -1405167 -2515221 7075008
-5437445384869034867 -26368 -3127451 7547056
-5437445343050072271 -2266491 442346 7163408
-5437445339237701625 -2877257 1567898 7007232
-5437445285201018948 -404053 398664 7027312
-5437445233542745811 -1058163 93924 7026048
-5437445227485419140 1183350 -403830 7194880
-5437445204752574199 -241235 1874071 7897072
-5437445178921719658 -1361637 -2342957 7020112
-5437445153510594084 -545842 423538 7385696
-5437445117928838571 -2065356 -2802387 7245760
-5437444991642994793 -1430597 1791365 7512816
-5437444987704100374 443475 -2376526 7529744
-5437444984717041677 -2037302 -1708786 7126336
-5437444979788864206 -2305985 -1012322 7177424
-5437444962134503180 950841 129979 7470656
-5437444924540509057 -810590 -1659365 7313568
5054073177204525249 -3287591 1684942 7319680
5054073199852308554 246445 -819512 7146880
5054073266976613853 2362579 436052 7702304
5054073306315668374 1129411 -1843693 7063856
5054073332629732556 2448914 -1984323 7069408
5054073347623376080 -131692 2154066 7053824
5054073382503632644 471916 86604 7083120
2479032598261734677 -1580755 1196773 7375120
2479032667463847726 2394350 1149972 7100272
2479032677659246789 1018725 -1677115 7583840
2479032742661377115 -2764876 1722050 7249984
2479032752052302122 -1437416 1902888 7836736
2479032802470790110 2212705 -976064 7053824
2479032812397149526 -1197102 532747 7220960
2479032829724388846 -2609163 1869451 7277632
2479032847167544397 534643 -3179952 7144320
2479032847392994108 -2778090 1872806 7131344
-6619902219374562666 -1524509 290661 7336112
-6619902087436990103 -373027 -2047295 7053360
-6619902086582632215 -1904589 1304227 7450960
-6619902008515686376 1474084 -163773 8353232
-6619902008036353444 1591806 -157163 7122560
-6619901993681191726 -1975441 -2871077 7098400
-6619901961180992498 -1412357 1581706 7657328
-6619901938190473471 -2067269 -1005041 7741792
-6619901911529262184 -324193 1111475 7047200
-6619901830088126881 2004788 -286104 7081392
-6619901745206972429 825241 -70294 7090064
-6619901741498329230 -1618236 -1615852 7147920
-6619901693573126760 -2902547 -114771 7171280
-6619901625457169250 1190133 -1649724 7062624
-6619901546603087922 -1394537 -3397691 7581040
-6913351913123125223 -2512611 1998892 7536944
7117343859793538431 1256968 -1257441 7111216
7117343882621871872 257830 2003785 7120992
7117343932942078751 -927188 486725 7197056
7117343933142743241 -170929 -3145374 7530080
7117344060207182051 -997511 -2782090 7460896
7117344226818977569 1421877 -41725 7946496
8549896477516828935 -877161 1375718 8114960
8549896499590825959 -1191602 -3106140 7092176
3570974519075134909 1778897 -2285112 7195008
3570974541794369770 2447684 -2607007 7396624
3570974584910752527 -3461816 -1716008 7192224
3570974607019643991 -1438002 41236 7464720
3570974673840531599 -1627699 1221281 7217808
3570974708505380354 -3161305 1679975 7389632
3570974744144775450 867359 -1136603 7040800
3570974786265057376 556243 -2614745 7443728
3570974850979417489 1002858 -2527647 7034832
3570974871923296383 1373907 -1335521 7615088
3570974890276930683 37680 -389618 7053408
5054073408706761593 -18084 -3079557 7430832
5054073422025763187 -783200 1825412 7197360
5054073438516787769 392725 -3230590 7288176
5054073492328269452 1628733 1422130 7218336
5054073494629941709 -2629613 -644099 7090992
5408804676330518654 -2550540 -2116039 7126720
5408804686761055692 2784850 -183283 7200224
5408804689801297511 -585763 1717905 7183008
5408804744965035861 -2346083 -2438595 7665056
5408804799386987279 -479071 427479 7682704
5408804805392350579 1256070 -1643061 7305696
5408804812684147148 12505 -2844393 7223888
5408804816101858742 -1617059 1725440 7586160
5408804868955279537 -1916935 -2560169 7401872
5408804886304870574 726803 566916 7541696
5408804930714327348 -2358307 588143 7214624
5408805028732311225 2671688 -2580445 7059184
5408805032735203843 2507783 1105055 7283296
5553415623294750404 769536 -1055856 7282160
5553415632602484299 925796 806313 7120144
5553415644876106443 1983054 -1455869 7099648
5553415674356805632 -237878 -2916707 7366272
5553415704412478920 -3303931 -3041528 7081440
5553415748333180240 1371952 1731796 7017392
5553415754991627009 2661792 -2395578 7047616
5553415843826564381 1911587 -2099773 7060192
5553415875244989973 -1537346 -1787168 7099312
5553415881663358001 195156 548070 7190800
5553415956679401825 -3118768 -1503637 7745152
5553415958859770493 2008841 -534309 7920720
2479032909183434096 -3402977 -1843001 7666448
2479032914659175300 -1127619 -660653 7192096
-788037789736156590 1220544 1262130 7225264
-788037782881882188 542341 -3453796 7047872
-788037779800532125 -3066054 1594834 7466064
-788037763001498525 2619759 1313736 7362848
-788037759478464683 -3099253 2015851 7517120
-788037688271784751 757650 -1693356 7658496
-788037599450399049 1916098 -2582867 7330992
-788037524299015399 2422068 -2136807 7023696
-788037509533057248 -1498505 1377920 7261936
-618600883282913568 -1877577 -1336521 7014368
-618600873816152185 -884854 -987293 7461312
-618600864579728608 194695 1054347 7101792
-618600806956384942 -1610583 -2052471 7538352
-4737701542387278852 -1164023 241617 7014672
-4737701540550885447 -67880 -775116 7308528
-4737701410232566932 586935 -2312098 7106480
-4737701395112481793 -1657982 -2749524 7215056
-4737701331295001825 -90504 -2811229 7497328
-4737701301645750423 -2633713 -2296943 7345040
-4737701279274179167 2617597 281065 7443952
-6918883669280966714 1877385 1657648 7385856
-6918883585657376226 -3164922 -94041 7139104
-6918883544310884977 2884336 1295116 7237168
-6918883500839151258 -2641090 166283 7299264
-6918883485152571305 2919857 -2007232 7730032
-6918883477053912567 1446932 1747190 7359360
-6918883469864266530 1471956 -1256680 7097808
-6918883440778482638 626940 -3099646 7170624
-6918883439893356079 -38617 -3215932 7479840
-2510611241943482577 -310347 -2452836 7248624
-2510611221936235241 -1000729 -1235917 8086880
-2510611164116379385 703469 -1655332 8270512
-2510611138910158610 -2360034 925216 7267072
-2510611134615795736 -1269403 990883 7036544
-2510611107880125740 -731530 -1960623 7133776
-2510611079732703811 -1534981 -1206780 7223152
-5286729804882308793 -1059565 -1769134 7000656
-5286729770528406535 -205117 885682 7403792
-5286729732473957617 2861991 585304 7049232
-5286729605377525842 -3070209 904996 7024992
-8508003733351714181 -2236720 217900 7012000
-8508003706647441130 -586392 -3091040 7171072
-8508003700709292093 -913291 -1570948 7243728
-8508003690441755271 1549913 -89798 7369520
-8508003669089420282 -174189 -929829 7956320
-8508003610993560472 281770 -1130954 7687168
-8508003602959387227 -2003667 -396259 7339328
-8508003572165725318 -1652858 -3514354 7398864
-8508003518196683749 -2222753 -1509446 7168208
-7175979194917852338 -1635643 2308861 7304912
-7406732296632944192 17465 151530 7176704
-7406732221888106213 -666194 2274433 7402832
-7406732211848316567 -586999 -2057546 7777936
-7406732202212034961 2877660 1173484 7174656
-7406732171327352109 2395687 -2740344 7339872
-7406732110000395594 -745980 1076906 7840800
-2415288850708122540 -3261739 1494104 7965952
5473095865729996796 -2524222 330116 7504688
5473095875160740489 2002666 -2564365 7044384
5473096016810131867 2775849 1099945 7466144
5473096067462091477 2667590 1643980 7101104
5473096129127095470 -1139001 -2441778 7237728
5473096198605979726 1333430 -1019383 7022688
5473096238350359311 1877246 -221439 7147856
5473096249113116091 -804218 732696 7090304
-8805987171196531535 61874 -3145515 7060112
-8805987143038769827 -1481585 -1145539 7002960
-8805987137513930143 1217733 -3075603 7304160
-8805987119203683606 -325426 1489985 7014176
-8805987086799242143 -2980641 -2148237 7304640
-8805987068024753927 -2056901 1916423 7056800
-8805986918407519911 956178 -2820497 7231936
-6764673266778429350 1046497 -2175975 7261632
-6764673240104504434 306186 -178397 7225264
-6764673235322296367 -1230280 1844119 7457040
-6764673171630041740 -3508982 -1926591 7037024
-6764673150853127847 -2133243 -256739 7147552
-6764673088195452114 -2964775 -895476 7404032
-6764673028722323602 48405 2248269 7300608
-6764673028241209446 1832220 823078 7195040
-6764673005086382463 -1767029 1933793 7174976
-6764672998139229071 -1762607 630569 7340320
-2722040616336737124 -2852237 -2717381 7653056
-2722040550914898803 -3061168 1536866 7026320
-2722040549984381943 -1480591 153657 7730624
-2722040510011236349 672696 623312 7500848
-2722040418076882486 1564982 -1263558 7080400
-2722040324719325742 301264 1708678 7495056
-1993538577680093529 179701 -1983427 7069008
-1993538515136091115 -35313 -2099296 7259792
-1993538459675424422 -969303 -1628030 7831040
-1993538430212573269 178920 1115555 7038224
-1993538424335598541 1948677 -2344605 7037344
-1993538421055065505 -2379762 -3273966 7070208
-1993538414555777695 1031566 -3121243 7111168
-1993538399269356489 -1275129 -2343126 7241872
-1993538375400597635 1699272 1163872 7154160
-1993538325907583159 -1191607 -2444721 7225904
-1993538296224306655 -1558441 -2609286 7416272
-4587474081086771346 -2804945 1091264 7586800
-4587473983423829118 -2571451 -1778452 7286704
-4587473977645182468 88433 -163814 7366112
-4587473943195833621 1895247 166539 7144512
-4587473878838070235 2734697 -2601878 7576384
-4587473855264514540 -3609145 -2356112 7035424
-4587473854222477904 575352 2027174 7002736
-4587473788450924866 -1680460 -1162716 7063424
-4587473759396575405 1228234 -2977187 7118400
-4587473655915130153 -2853846 -918427 7258640
-4587473622543851102 -2506854 -2010618 7123808
-4587473609047468104 -1817242 93015 7076944
6753822023233976302 -2634666 -1399608 7012784
6753822072023838100 -2841553 1048189 8055696
6753822076418083564 -1863357 -1882144 7528384
6753822112352477573 2549290 -2845779 7380368
6753822126001010190 -3211127 -416154 7061504
6753822130575384115 -879845 -716905 7277856
6753822144040506611 2497256 -3409171 7068032
6753822154393715434 -1825921 761095 7477872
6753822181084510453 -2887688 1704884 7305952
6753822206577096258 -3389849 -1218644 7005056
6753822225664222488 1451425 -3001876 7293488
6753822261333122850 2266049 -1291933 7059216
6753822294173791474 -1910328 -2966763 7482912
6753822316482343414 -2010643 2369393 7199648
6753822321308745528 798773 -1050841 7061008
6753822331044524458 273121 1082594 7043280
6753822411524088408 -1404749 2081319 7382080
6753822418741459547 -1180882 -2083195 7350368
6753822474640465908 -1146624 -2248631 7303184
6753822493692578477 -2872362 942185 7069648
6753822508074178472 -342252 -613125 7053040
6753822528800858423 -1356548 1880635 7609312
6753822550707153836 36344 -2682156 7397200
5509171690002311043 -1744201 2235602 7739200
5509171798277855648 2524511 1628139 7132256
5509171860182208913 627258 -2502349 7205376
5509171868198637784 2362410 1070751 7320768
5509171933157310347 -1518443 -1609518 7155840
5509171942073174743 909943 -682922 7128224
5509172108231662392 -3026819 454996 7113408
5509172121893146111 -2436310 -1273182 7181312
5509172158747921406 877789 -3336621 7339952
5509172199644744703 2106966 1116485 7005968
5509172247113017530 -3187445 817650 8339552
-9111780940878219270 2253582 -260657 7228784
-9111780882264004512 -1712748 -3049030 7023696
-9111780860790201203 -33982 -2140082 7013040
-9111780850269332577 2166618 893163 7340544
-9111780830990660501 -76788 -1469979 7078672
-9111780830059243868 -1948400 29163 7040848
-9111780820258229425 -2815072 43306 7226576
-9111780781286351753 385849 130691 7127024
-9111780698711883331 -2250739 -3461865 7358992
-9111780684479364274 -3379188 2006871 7254976
-9111780674594747928 1851302 -1165145 7171232
-9111780665105466260 2842304 1577152 7045888
-9111780658773774103 2195162 -2749328 7049168
-9111780632541375200 -2329279 -1999421 7164480
-9111780605354053736 -1324280 1206449 7395360
-9111780495030490684 -3104957 2241787 7242656
-9111780464575700480 -715150 -1252536 7000640
3897886655876127801 -1679238 724174 7145312
3897886722611475791 -631421 1176235 7018112
3897886736411926738 1050941 -203591 7115024
3897886754428684198 1177608 -256768 7123984
3897886790166730267 1024442 401102 7396704
3897886860223854805 -66768 -3274638 7172432
3897886915937585539 1942681 290589 7141872
3897886948813781266 1385558 -1899059 7057664
3897886948754240967 -830086 1926520 7130352
3897886954530704159 1079052 267988 7118608
3897887032047620516 1640509 333430 7286608
3897887075689619053 -754214 -468849 7003856
643391781320222498 259454 -2710353 7352176
643391905394556815 -1850761 2034752 7369200
643391993979042082 580351 -3294755 7691280
643392032283716475 18341 -542762 8167776
643392061329503169 -2508967 -508061 7213008
643392066365528081 -94706 1256319 7467728
643392111550448672 379058 -2516943 7194688
643392130774687999 2456237 -1532233 7182368
643392133617280353 2989570 279834 7067680
643392153910225529 2311981 -2613015 7170176
643392154528863778 2670986 36623 7108768
643392159438751880 2162760 -2617716 7195456
-1636401401104181447 -1896448 1271301 7419216
-1636401387070470037 -726069 -3230159 7181824
-1636401365385750030 -2485807 24600 7325040
-1636401335274488418 44810 743226 7065024
-1636401316551234099 1994016 -3126709 7237104
-1636401297741273437 2234745 148827 7119968
-1636401295643627112 -1915410 -2232570 7046992
-1636401278033297860 -3044180 1786450 7275808
-1636401255317223031 1178626 43040 7158976
-1636401252755279663 -749238 -1430537 7197024
-1636401248960786853 -2892991 545449 7649296
-1636401105416174583 2154432 -2175384 7237248
-1636401089251516094 -1956078 -3506218 7333344
-1636401039453979483 119746 1052232 7005808
-1636401017061998472 -1711779 -942563 8335968
2545419440817678136 -1481753 1766878 7192240
2545419478516859467 -2578365 -3538007 8989712
2545419519025875350 -2756275 -1697619 7783488
2545419561219788782 -3580358 -984844 7501568
2545419576147035131 -1577997 -590272 7036144
2545419584884588826 155662 2043189 7108576
2545419589278439672 2526422 1779725 7100592
2545419627436846256 -2510414 137518 7744656
2545419768538538890 768174 -2435272 7669680
2545419789336175820 877814 -2795520 7499904
2545419794643359181 -875353 349238 7269840
2545419844412536255 -2098155 -1661077 7858800
2545419859007858305 1703618 -1040908 7347792
2545419869468052317 -2929911 -2422902 7235584
2545419872293877053 -1376365 -609253 7280800
-8242443895426263521 356542 -2977971 7227040
-8242443888322758364 553013 444174 7136224
-8242443841723000433 -2412892 -1373764 7610720
-8242443795320030051 920379 2175532 7078752
-8242443658963622024 2559629 -930068 7330224
-8242443641618971088 468592 -1109131 7101440
-8242443640225913793 196699 -212295 7239232
-8242443581655034268 -3315083 2310600 7618816
-8242443567251864685 1055026 -1567824 7266384
-8242443525300883271 2373737 -2792525 9505200
-8242443501928234782 -345440 206681 7106592
-8242443455409488221 -909540 -1703399 7766080
-8242443436444347513 437104 564683 7131440
930397438989761435 -2065853 2169238 7387568
930397469335152770 -2245212 -2687353 7478352
930397545746924644 -2780397 -1726339 7080720
930397595605604810 1003160 -358077 7348880
930397607172888947 2219603 -1478198 7163168
930397627420140462 -2790901 165898 7245376
930397727342480749 618301 643886 7009856
930397823719519881 282553 -1538754 7102240
930397874968724743 1235694 -3152136 7271664
930397889076786681 461656 -1317852 7086416
1673735477277618076 -3313038 2492220 7525488
1673735499427244165 2475056 -771979 7313648
1673735544584877463 -1979541 1151783 7237552
1673735633153532807 2461039 618349 7067296
1673735649112091455 834427 -1518961 7306192
1673735662427103666 -2616820 -2564232 8008784
1673735704797817042 -1746937 -1644596 7059696
1673735795308071125 -879285 2041165 7180784
1673735814453941262 -3094098 -2206169 7011200
1673735817869720985 471417 -2285382 7067808
1673735880068445487 -2442037 1897086 7435408
1673735885876998311 -3302029 1623659 7576448
1673735930325728480 1270683 -3411866 7288816
1673735940657265025 -929823 -186488 7196048
-3620025147470488745 -806370 -266625 7433264
-3620025059322965333 890041 -1024891 7237152
-3620024984765434540 -686655 585205 7722320
-3620024891156200168 842785 -3275975 7439248
-3620024812424341679 2178477 -1609405 7074128
-7381553564646226709 -807828 1002652 7232672
-7381553539535147015 -2590446 -1252564 7178320
-7381553522033760884 479102 -2139003 7173296
-7381553446903583321 1896362 -40273 7042208
-7381553405021736128 218689 68031 7659568
-7381553384232093016 -3124861 347073 7788480
-7381553361787047153 -2958748 -20061 7496176
-7381553360101716333 -278407 1730314 7584672
-7381553307346404034 -1873390 1172969 7765296
-2899010413114918306 -725458 -703955 7062800
-2899010409646770074 1300806 -892204 7134368
-2899010378293712778 -1202404 944888 7725984
-2899010346501513848 -110912 2569960 7577600
-2899010337961230034 520380 -462731 7053616
-2899010324636962879 565805 526613 7415744
-2899010321470872346 -2810248 -3069712 7058048
-2899010248126926914 -1996923 -1845393 7434800
-2899010184170642523 930415 357907 8452160
-2899010171863420103 -2755951 1302650 7001136
-2899010129446869340 -1398585 -1376912 7281072
-2899010123338511560 -609091 795097 7054976
-3175357794387864739 -2970415 -1688296 7236032
-3175357769094588257 -1087056 -518710 7153616
-3175357719315555126 1955986 1718220 7155536
-3175357694260698359 -1529285 -3136996 7654448
-3175357679381650160 1786849 -1398580 7194128
-3175357647274251746 -1901679 -395864 7317312
-3175357602101693746 -2918026 420375 7282528
-3175357582709210415 -1192089 -3404119 7174416
-3175357508566947501 -2719489 1398097 7103440
-3175357472798696384 1553302 882249 7013984
-143254310468032696 -966568 -765277 7217872
-143254167873684327 2869674 -555466 8096016
-143254143862810597 -1555167 -3116113 7245984
-143254142125369321 1566456 19656 7429328
-143254109489361776 1314124 -1188917 8398080
-143254106272923368 2272692 -2396858 7894784
-143254089522866334 -828112 -3367821 7174672
-143254073688791416 2337591 -2040711 7047712
5534934562724555180 473864 1550634 7057616
5534934562998443699 715535 -765948 7704288
5534934569706803037 2298764 -3577575 7811728
5534934587751264771 -1527505 1919319 7458704
-8668340830255320169 716292 1864662 7395120
-8668340830003005591 1004518 -1887203 7062032
6336281474319997362 1816623 -1815695 7198224
6336281486987937457 -3275094 2198094 7028512
6336281628819274117 1050165 1086278 7722224
6336281637235150006 923881 -2525140 7302240
6336281682296509087 -2408543 1331641 7139776
6163916145461787018 182352 -2847050 7493792
6163916155530017495 2007456 -1984369 7653808
6163916186782211821 -252229 -1017495 7086576
6163916203899148854 -1274920 1239913 7091072
6163916277751341833 1062564 -2349653 7024720
215667769388242491 1430872 457231 7384736
215667784664906290 -2859143 -156800 7136208
215667862536560181 -2546122 -2556048 7554288
215667868964256922 31272 -772741 7485264
215667903119761102 -306250 -1021785 7164144
215667917893708653 183902 447311 7328112
215667985965107555 -2056859 -434591 8247312
-1131090428007895575 -193333 -1939921 7157328
-1131090339647981343 2449934 -3183786 7074720
-1131090267130230465 -1896617 -693170 7244000
-1131090204463799493 1336390 -2477687 7045568
3405764535745040438 469731 721943 7034832
3405764602248735568 -390746 600777 7020928
3405764661040321895 1074411 -842935 7251552
3405764662514693811 615963 -1258248 7768160
3405764668897953962 -62930 1775627 7273264
3405764669644008346 -1319779 2359900 7215424
3405764695242680844 -732588 -2492849 7543440
3405764722472813432 2261878 -1323513 7261824
3405764734412610078 -3094748 97662 7198240
3405764744904839730 2598143 -1088315 7647072
3405764758643909697 -572486 1353129 7040000
3405764774983492284 -2843894 -122829 7135312
3405764791902726309 -641323 1662363 7089952
3405764821561837017 -786992 -790270 7488848
4551090140790512945 -779763 -285887 7137632
4551090167694338206 1857375 -2036378 7153680
4551090287230350537 2869839 -561749 7555152
4551090307576072097 -1743172 648643 7410336
4551090309496081721 -2332392 -2375951 7044576
4551090380014070030 -2171180 -3064596 7155904
370657838928856192 805589 -682904 7026928
370657865557565362 -1446573 -146122 7043872
370657884984124459 -1347861 -3270286 7379136
370657932005012480 2641869 -2307869 7136880
370657938110920551 169255 -731654 7299648
370658059909488868 855678 -363449 7510848
7393324916673026873 893249 -242651 7384800
7393324941194210379 -3263314 1016520 7228896
7393325061776634185 -641358 26120 7197696
7393325072700463393 -2885999 1024796 7125952
7393325080211484259 -335747 -1762283 7195840
7393325116648844782 -3343231 -794826 7035760
7393325202119182622 -2877818 454939 7014880
7393325204215882630 2106563 1584593 7267936
-8826098161413361029 1968103 1346083 7057216
-8826098041793745276 -2429851 -2910387 7030592
-8826098010367616240 2049324 -2567498 7025248
-8826097841146070966 463186 -2761243 7855408
-8826097696581194257 1461379 66890 7801776
-8826097678770675929 52238 -3214726 7100000
-2420651362653887447 2220718 -2815401 7081392
-2420651356445557463 -545953 404700 7117536
-2420651297618246230 2091366 -999923 7025744
-2420651250246689018 -1437340 -613171 7339424
-2420651185256490774 -10278 -2086545 7194624
-2420651063621670211 -920391 -2647630 7554912
-6998358360492091960 1072397 -2893031 7403168
-6998358222563247541 -1218576 -604506 7111472
-6998358222074398667 -171657 -1132760 7099680
-6998358112648771601 1821785 342789 7081360
-6998358045853478394 -2795784 1319502 7012480
-6998357962795510600 77502 -784555 7243664
8895012888653901188 -2844223 949180 7065920
8895012932715138670 2902950 14105 7315680
8895012933890316277 -2407360 74815 7637968
8895012968404381486 1089182 -2618442 7040416
8895012972217150071 -123587 2301937 7137264
8895012984348874636 -832342 334705 7547696
8895013044101881304 -2081748 2232820 7555968
8895013155985566605 -3110601 -3231653 7043696
8895013160198092305 1368811 -475246 7233728
8895013176450632442 716177 -2295304 7343056
8895013233546794319 -3135489 -2230041 7063936
8895013278343325341 -2582744 -2400811 7180720
2497739686089452347 -189700 -2406787 8084128
2497739707801767796 -3215742 -2187374 7041552
2497739744046921960 -2032465 2411857 8083952
2497739777485794780 1579580 1702840 7014784
2497739892050975118 -3606420 764597 7055648
2497739932960412544 -2203316 757781 7618784
2497739936642758152 2576290 -627550 7200176
2497739982634451778 -2376244 729583 7425552
8519566102680764303 1774437 126286 7099920
8519566220641169568 1261452 -1088085 7414464
8519566394857069802 -2226121 -2345220 7100384
8519566412278528027 409351 367013 7697472
8519566450554141283 -1665320 -2606778 7167520
4249771716129867182 -1596156 1919689 7309552
4249771717564212033 -2309337 -1553112 7062208
4249771806510986140 -1743597 -54450 7252240
4249771838668826000 2176767 -110304 7112784
4249771949344985414 -2177328 -1945607 7247008
4249771996576128112 1526253 -2901515 7250704
4249772041284460197 1531366 955407 7084656
4249772075797115554 1043017 1400108 7119872
4249772101710851118 -1888833 1644651 7068064
4249772201578943054 1754398 205149 7274656
-1086617545303271971 -129502 1211375 7404352
-1086617523241798178 2236853 1718022 7844048
-1086617520861377927 -173220 2374467 7145920
-1086617485883175560 -3095227 749147 7300640
-1086617399513719852 -1856174 -658974 7047136
-1086617396614028233 200710 -2787179 7037408
-1086617343129615415 -279401 1240601 8047328
-1086617274703496703 2532143 -927992 7018704
-1086617248108017057 -2068406 1179221 7508112
-1086617242777735337 2115144 -3339890 7235376
-1086617164053098556 -1832910 -2492012 7066080
-1086617121407462724 -3361783 -2494394 7708032
-1086617105364078833 -549559 -742879 7289936
-1086617082145007535 1857616 -788282 7469568
-1086617041358118855 1272865 -712567 7059120
-1086617014778767019 2548717 -735531 7828944
-1086617014922240071 -2720896 -2195470 7396496
8038540761493922676 -2975938 1281942 7592320
8038540845102798000 3039617 623302 7145184
8038540862995846354 -1455397 -1511728 7038208
8038540888886646953 -2577617 -419858 7107904
8038540916912798331 -136650 -92623 7331360
8038540926334100291 2701412 1181876 7038672
8038540945286354491 395865 -182941 7115680
8038540952393260588 -1404279 -1630434 7083856
8038540988622945072 1945031 893929 7179808
8038540995357399674 -2421914 -3159421 7295024
8038541090006714195 517344 -2918705 7756688
8038541094973891206 -2294789 187260 7036672
8038541121117224751 -506329 -3380519 8024240
8038541137750319943 -338071 -2753462 7281344
8038541173257753471 -1372618 -3443950 7311120
8038541183447685246 2272226 1188893 7238064
8038541185686770589 26057 -1211351 7727856
8038541262643258302 -3376532 -3305544 7268960
8038541268268852316 -429990 -1768597 7014400
-650910883896356470 -820855 -3229594 7000800
-650910808788182460 1863918 -2366916 7396320
-650910784185819657 -3152779 332787 7888624
-650910767517202910 1551068 -2276658 7046560
-650910576502263218 2409900 -449553 7021168
-650910562720831126 801617 -3222622 7197104
-650910536772134801 600526 -82093 7042272
-650910464743959374 -2982406 -2600021 7328976
-650910429325547980 -3007861 1164526 7258400
-650910422583688400 -3011520 1806003 7856160
9064573251641839918 -252147 1803395 7372832
9064573256557200041 -2484168 -2734066 7273152
9064573257538592600 459170 2051333 7058144
9064573258089206215 1505233 -2448245 7098672
9064573264576930722 -2584 2204556 7046272
9064573333528698477 -88716 -2839674 7269584
9064573356151227096 -2611807 -1374091 7437136
9064573477631179155 -3186397 -1323188 7206544
9064573541854684279 1076340 -1701490 7209360
-7128763457402429321 -64687 -1228449 7279184
-7128763426622322015 -3552193 1497367 7101200
-7128763386698237486 -1908704 -1507109 7241200
-7128763377290317562 -614760 -2128620 7418304
-7128763302292653783 890307 289769 7473776
-7128763287016089504 -832827 -559033 7031568
-7128763151441440263 307941 -2263535 7024432
-7128763103414932878 -917874 -2779749 7077296
-1685889140310667486 1900167 -858023 7127712
-1685889129057683547 -839425 820536 7493184
-1685889079708190505 2334289 691889 7140432
-1685889007953041155 -2390218 779313 7074768
-1685888984219745277 900654 1616756 7287328
-1685888835920370851 1591497 -3519489 7026592
7712352330553293483 869764 -944999 7226176
7712352337140871975 -1943019 -820854 7286800
7712352404170230236 -31461 1440710 7076112
7712352449686971261 -2434663 -132585 7050416
7712352456007577453 1613816 -169057 7769024
7712352463647831915 -3119023 1250634 7161088
7712352466099073572 -131563 -597138 7029136
7712352472048425683 1014419 -864448 7070080
7712352510679047700 -3032055 -3185992 8186464
7712352525651068292 -2427940 961071 7007152
7712352566327365911 -428714 -836421 7045600
7712352644195313306 262868 -1968474 8047072
7712352664390825828 2171098 1197638 7161824
7712352679478963225 -758348 -1012290 7627664
-3172349774230141714 219856 -3288888 7123744
-3172349731019345872 -120750 -899486 7294816
-3172349670281482435 -980569 -2805222 7194016
-3172349631116415679 -641526 1568964 7262128
-3172349511538263677 -3629413 -976636 7172544
-3172349434281821227 -2348732 -995317 7127696
-3172349425153061744 2574797 -3196302 7512368
8304221196028142075 964381 -784031 7150176
8304221237695074609 -665421 -2612032 7375904
8304221336808883250 -2867964 -2980763 7190432
8304221456954022165 973249 -81964 7084912
8304221513002215246 -2581414 -2053749 7126992
8304221526808477940 2803268 321200 7466016
8304221544508130036 -2794396 -225849 7197360
5953618708969155703 -2166866 -520208 7375184
5953618807209565219 411834 1656607 7123216
5953618818045145940 2819976 -755210 7096928
5953618884916037526 2765416 -3303905 7167456
5953618886218086750 -2573871 385546 7145056
5953618922467958877 741093 -15401 7478448
5953618981010660772 583631 572568 7050928
5953618995032784352 732504 -1257377 7249888
5953619035334662567 292943 -460022 7015120
5953619047143628581 -868761 -165953 7238224
5953619065343049999 -2525052 2007628 7117008
5953619080525266543 -1519248 -1018077 7366016
-5934715416182119646 -2003047 -1066111 7027520
-5934715343567191079 1303590 1219543 7087120
-5934715263996040898 -2752493 -3201143 7544912
-5934715244882706329 -2669898 134302 7416304
-5934715218221131156 -347743 -1561907 8046816
-5934715176680861723 -2768860 798746 7262816
-5934715138992717963 -519408 -2123548 7166032
-5029713163311799301 -2206656 -1701228 7181360
-5029713109013698463 -3034645 -1119263 7091088
-5029713062120939309 812705 1127897 7557952
-5029713050816790213 -2937768 2371920 7004112
-5029713047043512649 405479 692382 7080112
-5029712933221737738 -178295 -412313 7313168
-5029712931624303034 -1485603 -1540337 7210080
-5029712886684286015 -2043706 -2008192 7188960
-5029712810921277447 741714 -2213026 7247488
-5029712800474705403 545763 1159665 7651808
-5552025167612604987 -3090603 1918680 7012512
-5552025102639075350 2805983 -2595295 8586704
-5552025052111782924 2506358 -23556 7125440
-5552024996168336311 -94682 -1271402 7128656
-5552024995359195047 1228666 -2250993 7201296
-4994077192266434079 -2397381 -2638010 7202816
-4994077159267466811 -1671950 -1895906 7419440
-4994077070226993701 -3261904 895190 7235744
-4994077029034909176 382402 5073 7088384
-4994076891382632408 -2705542 -3344896 7311872
6897496584632444857 1204495 489127 7014800
6897496665717466573 1031044 -463512 7007840
6897496686673766445 1240765 1786401 7217952
6897496763421799811 266716 -254282 7063584
6897496777948247882 -1478784 -1000172 7225904
6897496786854470869 -1996204 -353770 7074816
6897496839144506413 920379 1732314 7089232
6897496856239721302 -40081 2244475 7595744
6897496916025728186 -2689322 1912865 7280416
6897496936590428528 1376165 1829296 7166064
6897496939558094261 816750 -3157150 7068544
5526126416816989460 2031524 -268508 7005696
5526126446293053760 -3112462 1691231 7308624
5526126459194181222 2152797 574727 7923552
5526126499390506615 -305392 953133 7963472
5526126506473631027 -1304414 1728346 7063488
5526126575618527200 165837 -1052573 7501904
5526126611508551506 -1512562 -3265426 7646704
5526126625194193185 1798751 -951984 7376784
5526126636045015734 -2271847 1535050 7088912
5526126666744868231 -630925 -2214206 7425488
-985828825219624216 -3312612 2268145 7250048
-985828805697673444 1034549 -400417 7032256
-985828757184396051 -781221 -1720001 7075232
-985828747062721914 -3254533 -1589559 7192336
-985828710318593865 507471 -1540794 7950880
-985828607415839354 775219 -2767388 7178384
-985828603284969578 -2673392 694102 7118464
-985828569941973258 496838 -1455009 7075296
8658895520195694462 -2278283 -182582 7758160
8658895588470218947 -504477 1382262 7032672
8658895589719146244 -2823964 117710 7176512
8658895624748800638 2713924 -1466088 7034816
8658895700982771733 -2071333 -2335064 8122304
8658895797008196843 -1017050 -492673 7070016
8658895822684888802 -588248 1177825 7269952
8658895836309309998 2365298 -2090689 7195888
8658895858061695039 -1591584 1843374 7364032
8658895861090929991 469937 1141962 7140128
8658895869431236870 920316 -2946410 7038928
-4222568935425534764 -2466140 -531752 7598256
-4222568934495610936 -1668010 333229 7136960
-4222568915913398260 -707722 1498624 7901424
-4222568791462906667 -316666 506659 7652752
-4222568699876402591 -2773379 -420520 7208784
-4222568686771242020 2840900 -205188 7282848
-4222568651170218764 1943244 1002393 7043104
-4222568640682783410 874476 -3235143 7069120
-5224684059666298006 -167444 -139180 7311280
-5224684029277564150 306532 1231297 7778400
-5224683979350010733 1664454 -2583105 7061328
-5224683965221782481 -141150 -279570 7812032
-5224683958872415573 2520085 1867024 7226816
-5224683917939638466 782536 -17087 7017568
-5224683820776753020 -90033 458192 7108768
-5224683772614326880 -3102128 -3300798 7157984
-5224683603826590239 826402 -1744723 7075136
-5224683597242641678 977462 -1349008 7092688
-5224683593020628246 -2638526 1302767 7136144
1400501408289808710 -3276861 852675 7115120
1400501555619352622 687489 -1369916 7224960
1400501613352934815 -1412601 -2021784 7412624
1400501648166475347 -682911 -1357629 7160640
1400501671144991387 541211 -3115958 7165552
1400501780976548195 3341 -1697689 7383936
1400501788654997691 -3542943 -1669291 7117680
1400501822200713634 -1320782 1321820 7120944
1400501856789965359 -2590503 1448256 7322608
1400501865208076914 -280162 605530 7039328
1400501920200952399 -3179245 -2202034 7021952
1400501931005137891 -1190814 963740 7154224
1400501946638103954 -2693211 -287604 7046720
1632704312575915330 591122 -682362 7317392
1632704360256032040 -2480226 -1249269 7431104
1632704394052598403 93142 -1156918 7114592
1632704416265074356 2375177 -1237872 7252992
1632704416612748421 -1113705 -541921 7172512
1632704419550432169 -65332 -1173835 7317392
1632704439788442147 950724 16846 7635056
1632704513359119247 2487051 -2329558 7079120
1632704560363843385 2395512 -969918 7156560
1632704601974534537 -2434367 2114423 7552768
1632704614267505855 944649 754745 7626832
1632704620876620439 2205881 -2170946 7058240
1632704662977828168 -302378 1482649 7820640
1632704785077056236 697232 -3413646 7030352
1632704845331227853 -438392 -733007 7041280
1632704859477566093 1589309 -2366196 7110480
1632704874251609715 2932899 -2961610 7454272
-6901860882144733135 1099255 -3230802 7403488
-6901860864306465401 -1403919 2086533 7223008
-6901860845447843556 -2488268 -1523751 7261248
-6901860831907333772 2692923 -1102687 7223824
-6901860792656042604 -2217551 1377455 7240592
-6901860653819501191 655982 272155 7016336
-6901860598288162023 -3348053 1746122 7117408
-6901860563339661960 1573733 -1050762 7553376
-6901860402775286709 -2937124 -3446332 7404096
4780410717358869256 -604668 -991888 7393856
4780410752455829038 -3190413 -1973276 7197056
4780410756883247277 -1779778 -1883915 7291696
4780410783222222159 1051085 -1230451 7067328
4780410798893409685 1282348 -1498258 7493264
4780410810342215284 1202180 -3419275 7270544
4780410827743757766 -2170673 -1185409 7439536
4780410943777177930 -2307948 -2291150 7182800
4780410968645504351 -1715201 -1559632 7212432
4780410976378532368 -3362176 -2344982 7148896
4780411052723447877 1874444 -185912 7085984
4780411096161194223 -614403 -200449 7064512
4780411124309052848 2249862 -1236470 7289184
4780411221872498765 -2696696 201036 7809232
1743390961219971926 -2719210 -2521829 7028384
1743390969119563813 1458603 -2076003 7315392
1743391010006581978 2904094 -2512952 7513584
1743391032483648359 -949455 -937846 7022032
1743391035937923712 1497053 1567702 7279264
1743391144423113043 1516633 -1400104 7080864
1743391191244224295 -470760 -1081759 7080912
1743391197391770999 -930771 -2643119 7065648
1743391274281167665 1754515 -783217 7322784
1743391296275825946 -3069984 1596325 7706080
1743391408689499286 -1210713 -1117711 7090704
1743391414081308916 -41452 46932 7089904
1743391424123063736 2712951 -992874 7375280
1743391456270455754 -154466 -1904688 7098224
1743391488553252308 -81016 -2630061 7105712
1743391517276252596 -1054070 -2836548 7305152
-7230185900238393346 -3071430 -106273 7058736
-7230185854340835070 459923 -183662 7028624
-7230185835059496265 -2822233 -807632 7148448
-7230185782113508129 2840934 -2456876 7023696
-7230185763785039965 971075 -1083974 7233392
-7230185712841935507 -101861 -333294 7149952
-7230185581728399872 -2795655 995 8512176
-7230185558820545820 -1089165 -1829746 7417840
-7230185544897060731 -3348563 2083619 7085104
-7230185417321868515 -2709337 -3014553 7147104
7222897099363899574 93957 1641952 7372880
7222897117581834482 447345 1902801 7570752
7222897211160382663 -2943576 730715 7664624
7222897339439979198 -30964 -3489136 7010048
7222897419736289856 -1018223 -2216855 7271952
7222897501408812406 2359657 -3145377 7148320
7222897759782844553 391318 1415168 8049104
-2569417962208204711 1255889 -857807 7061408
-2569417940379057896 -2912420 -1612043 7158480
-2569417914382108006 679063 -2958276 7021552
-2569417901933229814 -1350137 -3409670 7175520
-2569417900598029119 -2618474 -936196 7081216
-2569417865155699105 31972 -3024913 7215232
-2569417819682003624 1032745 -2409765 7263072
-2569417796382521673 2133931 -3271444 7427568
-2569417774244507915 381497 -180433 7541488
-2569417727791932475 -1924448 1606994 7324432
-2569417689825734237 -2463220 684312 7717792
-2569417656839344429 -2822794 2110406 7341024
-2569417578931110372 2649376 -1533033 7304240
-2569417559685643198 -3441589 -2112216 7225840
7464779564968271662 1215551 -2225743 7283328
7464779651012991446 -755029 -97872 7318656
7464779653068619704 -296082 1241074 7099216
7464779705198551797 2023233 -1747785 7013968
7464779718762842879 1728864 1314134 7256032
7464779789293303367 1818189 501658 7582640
7464779894264201000 2732669 -3314413 7034192
-612873129711598701 1269833 -1916643 7182752
-612873054231136397 -2031394 -238460 7001424
-612873032417012838 -1858526 1575852 7272048
-612872996578217651 -423816 -3240148 7147312
-612872859099081772 -1570176 1140732 7052080
-612872849829963313 1808321 95368 7020112
-612872848930434370 -440770 -3034355 7164176
-612872804015026444 1878198 -3001480 7033312
-612872800209645055 -1160033 -1789018 7015136
-612872795602867935 -1185841 -2902111 7886800
-612872755525248778 -223269 944288 7238656
-612872710591008955 -3005392 -1000097 7280224
-612872682057979972 -667071 853534 7394000
8416997828258976935 704283 939782 7768624
8416997920149450671 -1119021 1573556 7299104
8416998011471806292 1280282 -414236 7094768
8416998041262910808 -911024 -1498320 7583760
8416998096533586730 1596574 -680026 7492960
8416998158750757867 1613540 -3039711 7316576
8416998201149082082 1561480 -3008380 7712800
8416998217383215202 -2412142 -2867059 7062032
8416998219973992949 -2826344 593034 7241584
8416998270131098980 -1918807 1724399 7082864
-1013529346772635671 113913 335023 7135584
-1013529215146626438 -2536004 2057602 7278272
-1013529153665222150 -665021 -1442188 7043136
1838992760319550419 -604779 -1722310 7109184
1838992817969522849 2613238 801591 7294176
1838992852458764953 -2304885 663606 7142528
1838992853119201542 -2448983 -732497 7607152
1838992883697232709 -2830587 597609 7090096
1838992915923680003 2786601 -280759 7060400
1838992990301792874 663764 297277 7010224
1838993094776537291 -474753 -1738898 7111936
1838993118113105244 -941825 -238214 7620592
-4927323601148101831 -831282 -1031065 7007328
-4927323557084937103 2273682 -3333542 7012528
-4927323517496153636 -2880698 -2853846 7046864
-4927323505040310060 2047949 1049394 7055504
-4927323398731967692 -901246 1540121 7479568
-4927323392357989518 722049 -52077 7065264
-4927323383763826586 -2215239 -770096 7498608
-4927323370980860745 -3204563 2351477 7075008
-4927323306316982322 -1299595 585721 7132704
-4927323280179871388 -3039560 913155 7347104
4717707177713295102 -963038 1086786 7052320
4717707198305351023 1824055 587854 7048336
4717707230384708146 732498 1645230 7574896
4717707233736000144 -186756 -2409502 7303696
4717707243880792194 -3167127 1339491 7096832
4717707265535618912 1104238 -1484237 7127328
4717707279807704489 -846205 -2737959 7052944
4717707309310889857 -88862 -2163554 7088688
4717707319072554209 970403 -630871 7332016
4717707459685496564 -1783644 -622156 7343632
4717707521619554927 -2312620 -320085 7680112
9095604446752605447 2759975 1558201 7077376
9095604588786558811 -1220810 -707693 7537328
9095604669878396686 2092511 -614148 8100592
9095604777662838110 2056833 -3049176 7035056
9095604887546338215 -843037 -2429461 7108416
9095604899519886446 -519363 -621435 7152368
9095604943749720269 2462809 -3407425 7211104
9095605090604946105 1267493 1883393 7458048
9095605101418324617 2828916 1642768 7399888
9095605167075068726 -356467 -2241391 7182064
9095605239920904325 -2392106 -1493217 7308576
9095605255453955492 293659 -2623866 7061840
9095605308254262910 -191285 -3207043 7857792
9095605320876302475 413036 1899688 7415808
9095605450123447700 1207185 -2679802 7136368
9095605463933427087 686815 1282317 7164912
9095605472078507537 -135845 617672 7145408
8115592487843263179 558870 1117877 7017712
8115592515255680789 2260951 -1182683 7818816
8115592521187278067 -2456007 -3042625 7251808
8115592535615776926 964063 675969 7006640
8115592635576956819 2750978 -1818043 7111744
8115592663522978885 -1852967 -268388 7150560
8115592722235007182 -248293 -2798764 7014880
8115592775808129834 -2768916 -1479873 7033920
8115592777943695536 -1791488 -2318617 7525840
8115592846284089838 -2975448 652643 7474976
8115592873292494055 -1960321 -823774 7152880
8115592907431511236 1456809 1637818 7468784
8115592970220768624 525987 1345455 7429248
8115593005764885989 802878 436642 7185760
8115593091544819876 2064295 -775178 7174368
8115593104235056770 -1045787 -1446732 7014080
8115593118282846277 -221240 46404 7013856
8115593192467986427 -1346145 -3090256 7147984
8115593231126750210 645087 580941 7242368
8115593242799206866 1388833 -1271213 7102560
8115593281865181038 1008677 749057 7078816
8115593284501048778 -1681720 -1691727 7356160
8115593287980228870 -2431837 -855340 7089392
8115593349997634914 670689 -2712463 7259168
8115593356805739679 2028923 -2059752 7330688
8115593366106258580 -2185407 -2752634 7260352
8115593422276168928 280766 -872653 7016688
8115593493431259096 2744708 292893 7266496
-6175467677346222716 -2756686 -1084755 7191760
-6175467669930334697 56837 1300428 7344352
-6175467658250735140 -2110371 1834493 7406208
-6175467648086082561 -370868 91198 7061520
-6175467576573529101 973462 -2199930 7084160
-6175467521722355420 -2896611 473013 7247344
-6175467514409970061 1424450 -3366429 7105616
-6175467481827039674 -483377 1438898 7046224
-6175467417854482503 -609887 994832 7872560
-6175467399538874469 -2451016 -2148114 7511584
-6175467376304371175 -1965510 -84653 7179824
-6175467373107021416 -1764458 -941405 7102512
-6175467307278442705 -2904754 240450 7102320
-6175467278294318689 349120 -2944298 7211312
-6175467278103613860 1637640 -1571386 7049344
-6175467262682750290 -1849887 -928179 7046160
-6175467218777184186 -2469709 2542223 7282512
-6175467166260891914 2552317 999672 7353936
-6175467133985809267 2143540 -3092924 8164304
-6175467099341352344 2838582 1040708 7183712
-6175467098013725835 -1263604 1626770 7443552
-6175467062380235151 -1442979 -67637 7080928
-6175466935901284306 -3400489 -2983469 7072464
-6175466832041360380 3048352 -2735532 7335920
-6175466803899837342 -1837744 1711990 7027104
-6175466798866178619 -2217418 1809345 7065520
-6175466755757028678 873439 -1098336 7036720
-6175466692748247533 1679644 -2100063 7645024
2672421481817137354 -1226388 -3069438 7375952
2672421547660111187 -2795046 -684629 7662672
2672421571635346840 -71007 549177 7128448
2672421623901803354 1905975 461002 7329312
2672421671660595032 -168968 2258312 7653488
2672421714455316658 1153694 -1794595 7417712
2672421718438503434 1440574 386332 7581248
2672421790236732786 3042232 324420 7422496
2672421800390408924 1235413 313746 7133104
2672421802067869415 -1065329 -2181970 7560400
2672421818657330899 -3082568 -2139112 7046416
2672421899817064152 2127077 -1884652 7062512
2672421915262288564 -453514 2256452 7356464
2672421942873523450 -2787219 2519621 7005952
2672421953443540689 -2507365 -2716622 7449120
2672421955127320840 2051374 -11426 7560672
2672421969397580251 -1819798 -1469104 7105904
2672421992097046003 2323594 -2504807 7313856
2672422023818114236 -2565977 -489593 7367664
2672422036281061421 2565799 562210 7027488
2672422045332938889 1181663 884018 7011920
2672422084006238195 -1398868 -1248142 7552848
2672422144623478160 -30947 -343541 7255968
2672422179647322637 -1302443 -1026300 7488320
2672422193952081612 -2260366 -567587 7824112
2672422210074552741 2465932 750505 7135808
2672422237761225902 -1687455 2274029 7050976
2672422261245497405 -781337 -2633172 7231312
2672422277769750496 -2710445 -68788 7872688
2672422340323918370 -3569114 1407116 7471920
2672422368193383084 -1023816 -3437690 7762976
2672422397810344896 -1434862 -1943972 7248000
2672422445010506956 1033080 -1178400 7009248
2672422456207774466 -432293 -2560977 7458656
2672422502847658003 1464705 -2548277 7455168
2672422505952231922 -1684733 -3248481 7321376
2672422544754351456 -294231 851053 7111424
2672422564291718883 -2502919 2024373 7144688
5076895585824058176 -3123696 -764779 7278384
5076895601900851160 1602925 -3003250 7274992
5076895676242170632 -2379929 -669758 7169296
5076895814514102983 -2460887 2059629 8009568
5076895843558595728 -215133 -2893905 7298512
5076895864519655716 61809 386291 7070912
5076895865483282666 -376099 -315084 7239104
5076895867380311257 787741 -469130 7562368
5076895916493800469 -2117613 1905649 7223216
5076895949008077327 2377513 -1149741 7326624
5076895971128636258 67200 -2621686 7335424
5076895982703884124 1597620 -607836 7188208
5076896097291667789 -1936384 1665061 7181872
5076896161524034938 -1924812 852342 7286432
5076896174557741087 -1821479 142268 7126848
5076896193556459350 -715616 1382582 7202016
5076896244893289501 2818675 -2180508 7044304
5076896263686061327 -2618603 740221 7055664
5076896286341123406 -2597630 774120 7129456
5076896287759489095 -2449125 -2765049 7170144
5076896454912421758 -3073971 -3056217 7249456
5076896455372257125 -2839584 -2587259 7571696
5076896472467108518 371771 -2622784 7093648
5076896490192484776 2751523 -2217445 7551632
-7139102937158148101 2021725 -2740800 7400416
-7139102927587445050 -3428457 -1621427 7371200
-7139102862687483440 -723825 -3012803 7112688
-7139102827799739965 -242221 -1358092 7574144
-7139102702875237106 -2569342 -2217798 7195264
-7139102569974720180 -2396309 1573114 7158640
-7139102568464476006 744437 -2311535 7319296
-7139102530509312012 2002836 1473150 8360368
-7139102519109711967 1717598 862809 7087792
-7139102485290156355 -1400886 318551 7026304
-7139102326341470770 2850899 -1389644 7077008
-7139102204168365916 -2542769 -3296643 7079360
-7139102145983504770 -992423 -2612995 7359872
-7139102102100127218 -760295 -2236642 7003520
-7139102100195001520 1407286 186250 7098848
-7139102096348288120 -2981580 -65086 7236464
-7139102053891334619 -2100991 -1331426 7075440
-7139102015082293863 -1010631 1024002 7015968
-7139101968723132490 -49694 -384126 7768496
-7139101952654792285 -3230085 26657 7231664
-7139101869246207652 -2967357 -171290 7056800
-7139101858292614735 -1763002 -3112552 7147408
3797994175002291397 -2439558 -1459395 7219728
3797994298235455052 -693530 535948 7353792
3797994311848413912 -335596 -2874872 7065840
3797994321472425467 -3321227 1861930 7011088
3797994390738257571 1987640 623410 7065120
3797994397423460712 -1734592 1894722 7029408
3797994422842489829 1900732 -3383138 7608912
3797994493745116515 770351 -2364867 7218480
3797994524004064236 -1215050 -1322659 7060832
3797994531243432093 -1626179 -2434229 7517936
3797994534534258134 587450 -297268 7147120
3797994558934743887 -2826546 -2094990 7181808
3797994584971739716 -1000855 -2337152 7217440
3797994615577287700 -2883329 -2077272 7134336
3797994650966497194 2482683 1539520 7783344
3797994700571102333 -160499 1791754 7857968
3797994705681732169 2233124 -2200515 7030624
3797994713876560818 1714805 -2570107 7062400
3797994721722724191 -1043243 -1180299 7252048
3797994785704648524 2563169 912336 7079264
3797994791406480291 312172 -1765167 7132720
3797994869352187769 103466 -620533 7594304
3797994887949695003 -3160582 1479891 7165504
3797994975740441539 788843 -2056730 7167408
3797994980070717233 1737399 -3378287 7005600
3797994999044710448 -1511058 1877056 7069376
3797995050210759643 -2104525 -1743977 7086576
3797995052330487299 -969903 -3122017 7377504
3797995091712539607 -3170853 -182530 7081152
3797995246345027135 -65271 2280366 7238960
-5973441924325243351 -2500463 -1306386 7265472
-5973441910809229345 -347035 1644554 7648112
-5973441901232587018 -1526525 129698 7033600
-5973441855451860602 -266168 -2809275 7463456
-5973441838781732360 1439551 898041 7898352
-5973441830718041196 1025893 -1704401 7177136
-5973441791683211385 1677364 558458 7561248
-5973441769833660280 705446 28097 7075552
-5973441680421264459 1938341 -2748917 7002384
-5973441393787616985 1161418 -1951223 7577872
-5973441304171850426 -2469338 -3248626 7198352
-5973441297129389598 -1679161 -2320091 7308224
-5973441280044609258 -2838804 1793062 7154336
-5973441060607103473 2301951 -118463 7299952
-5973441051214261974 1055741 -2099927 7412512
-5973440954348236880 -2576736 2110867 7138688
-5973440909047411289 -1351626 784614 7235120
-5973440830457507490 -1928767 472223 7204032
-5973440803671417290 147979 -234224 7048336
-5973440791349626826 -3306519 2177992 7564928
-5973440786015779937 577962 994234 7785920
-5973440761030609965 1033067 -904075 7045888
-5973440748228425326 1392214 -1777973 7517584
5279285619873853791 -3000769 441730 7392176
5279285888337205603 607894 1634514 7402928
5279285950560894298 2273230 -2404434 7564256
5279285981000951019 -1433483 761201 7495312
5279286043412941262 -3296926 -573784 7136832
5279286052212224302 -295739 309331 7174880
5279286074450869068 -1679232 -1548513 7068032
5279286112592206401 -3066450 -2180687 7137072
5279286175102929222 -930808 -1673560 7668208
5279286210362132295 -155184 -1395353 7250144
5279286314145926989 2582559 -1772802 7016528
5279286318870687447 1001000 646885 7410128
5279286394521135873 1468548 -1283463 7321760
5279286476488416527 1657308 -2242015 7039856
-8633801456074808512 -1508183 -1525954 7056496
-8633801437946692821 505832 -161762 7039408
-8633801421908448437 -3292948 1745081 7186880
-8633801401765623615 -2875339 -2899262 7028928
-8633801375661731649 -1181873 2260547 7000416
-8633801286974594829 -3443528 -3087265 7275440
-8633801263994597566 -2710256 110989 7506240
-8633801196392802192 -1323098 108903 7125744
-8633801152645124199 835462 1733675 7035024
-8633801104359275000 -1166661 -771469 7755232
-8633801051736478755 -2580934 1949764 7274448
-8633800933855113616 -1865384 771213 7626960
-8633800920765340189 -1412159 1722506 7426016
-8633800854931183771 2198416 -2448410 7336048
-8633800854069028293 461431 -1134742 7133216
-8633800834180013798 -1232281 397780 7215584
-8633800833746951731 1587372 -1841727 7416160
-8633800786677526811 -1686010 577365 7014032
-8633800758572640475 -2725281 -1993687 7055504
-8633800678766524631 -1655952 1279916 7172528
-8660870543415635326 -3032520 -224452 7429088
-8660870519799879778 -2023971 -511878 7570592
-8660870453809593342 1176115 -790723 7525360
-8660870425784889128 -396604 -1455793 7093984
-8660870407812702558 -2322699 25945 7558560
-8660870403277597070 -1434712 -3082851 7155648
-8660870378953144367 2643313 1664184 7051440
-8660870340037008392 -945023 1738495 7690240
-8660870280806571115 -2202846 -2031575 7283472
-8660870215294676574 -3042530 1241549 7322576
-8660870197875242824 -1529788 -2833353 7163120
-8660870136054246638 -2823992 -2234751 7046000
-8660870103286561216 -725233 -359797 7352432
-8660870024379695344 -1664530 -2797413 7502464
-8660869956619345862 -1861635 -287648 7030992
-8660869937303093214 -536370 -1287660 7061760
-8660869912096048693 770934 2592707 7034832
-8660869893793920454 2672327 -859373 7384640
-8660869891000422421 -1164830 2201159 7224928
-8660869852429733488 1520879 1856168 7519744
-8660869796039628269 315691 -1670997 7058416
-7536655226971109339 -2377047 -1643968 7288192
-7536655185315381236 -848738 459330 7079152
-7536655155636946653 -2997970 -808450 7056800
-7536655079743390688 644371 -3140305 7188912
-7536654973393863777 -392756 1425027 7295616
-7536654956883068275 -2065748 -2584068 7128464
-7536654901681217131 -2277464 -1276785 7487104
-7536654838151244251 -2264279 -1826545 7089440
-7536654820608740442 2529058 -1632464 7100160
-7536654754500423197 -1686625 -856080 7166896
-7536654753225907631 1021981 -1793270 7050624
-7536654753283605775 -2134111 1932392 7166864
-7536654728754116630 -2674768 -1215230 7304736
-7536654671079224055 885984 -2214912 7013328
-7536654648502373372 2552404 253114 7870928
-7536654634487966567 -2269410 -1860699 7202848
-7536654634225054808 362511 1356652 7116480
-7536654611327176001 194283 -2254548 7016992
-7536654584367393815 -444523 -787306 7279152
-7536654580118868713 -2887774 -3114594 7699712
-7536654447219940942 1191895 -2246366 7176128
-7536654426940811104 -1150031 -2290994 7356448
-3611769703671160197 -797750 770129 7808272
-3611769664077751625 -2750423 42343 7346512
-3611769609944630717 -2558653 -968554 7053984
-3611769560480370907 -1253298 -2104064 7473712
-3611769526040960155 -2229321 -3325727 7172848
-3611769474997209991 819688 -2725215 7225392
-3611769443447280080 1167695 917336 7091360
-3611769431371114358 -2626109 -2185112 7166256
-3611769392880884897 1959988 -3021848 7184144
-3611769353524946697 1305180 -2377573 7230736
-3611769341652618540 1545124 -1941530 7590048
-3611769234259614331 -2918074 -3176809 7232032
-3611769187175965685 -1679646 -1212109 7136848
-3611769128578718222 -73751 -1449264 7025728
-3611769064150868412 -568633 1835209 7353824
-3611769057937445548 -1494904 -3525200 7742000
-3611769032446492300 -1003608 1663958 7088144
-3611769000493646347 -1594401 -2005288 7398064
-3611768971212688681 -703762 -216168 7149600
-3611768929198672110 -1443920 1082844 7191920
-3611768908178654419 1942556 -1975420 7065296
-3611768905919561917 1327969 -1676029 7372096
-3611768899413879764 -1835929 2113132 7077136
2490249041742439152 1771084 1100026 7062528
2490249075534378996 3080332 -1260471 7015616
2490249113552733101 1185147 -597047 7332512
2490249192248045426 -3207263 -1729390 7308784
2490249215499082696 -2415733 -2226767 7077888
2490249308032224687 -293404 -544466 7489280
2490249318876697575 2004930 -1187750 7187568
2490249330771134188 1696784 -40963 7381776
2490249401799568425 1616289 919375 7082656
2490249433646466831 -938154 -2199385 7496704
2490249468410674581 -2896828 -1817752 7849712
2490249537646162828 653376 -1889752 7004432
2490249581785456777 -31430 -3189989 7344048
2490249659730835449 1179532 -3296034 7081456
2490249659861818559 -1639806 -1755191 7599840
2490249679790069552 1056230 1257875 7800176
2490249684575646529 924603 1405020 7253712
2490249689010382407 2386989 -1013596 7552208
2490249728135326444 -3109565 214569 7749648
2490249752829732056 -2042585 -266771 7195504
2490249784960176306 -3562981 -1392403 7539344
2490249910914144878 -1475900 -1836919 7246816
2490249949079212779 -725656 1126199 7270560
2490250295916883298 792210 -2100107 7099632
2490250312551359224 -2910280 1228085 7112752
2490250452008457191 -3421488 498717 7076704
2490250477900292603 -1506797 -2318103 7048096
2490250487356010364 1610434 -1307246 7420672
2490250566144658741 -577742 -1969618 7240656
2490250606400961578 2886880 -1734883 7492368
2490250622269350192 2290009 1441712 7094064
2490250814414493977 -1210868 -1495426 7196912
2490250815284597193 -1272872 -2616504 7061920
2490250829798313677 1821638 862200 7022080
2490250896328443227 -3426903 -2500933 7127776
2490250950968692251 1078266 -2578996 7070352
2490251016707398378 1309259 -704068 7091520
2490251059360212930 -1232962 -1322277 7035760
2490251165886207223 -2425588 2275001 7053776
2490251194557436780 -2152835 324132 7205008
2490251261906317115 -946524 -887037 7342560
2490251278394829193 555182 955428 7066736
2490251334283140362 2255834 1625270 7126624
2490251336385355656 -2923679 1829873 7515296
2490251364650655361 1093437 -2420428 7061520
2490251424749303261 -2421479 -220036 7606704
2490251514325093155 -3565971 -1579533 7639376
2490251522075294746 -2047159 -34423 7084208
2490251579810665293 -2745845 -135522 7617360
2490251596218977291 -2956046 451260 7822000
2490251672697772406 1527244 229157 7166944
2490251737407236352 -3389441 -2612273 7538288
2490251796018067693 -152738 -1276592 7656896
2490251813957711873 -389188 -1730127 7241456
2490251850992770037 -1158592 1414492 7267984
2490251875512075395 2076896 -773827 7043168
2490251900198070128 1966663 -3022913 7703328
2490251920377412265 -751726 1499907 7023696
2490252029076027950 451849 1118333 7031936
2490252070311160857 2306640 -570502 7348656
2490252172086927652 -854543 2124341 7172208
2490252172662282548 165965 -1329277 7099440
2490252209825236177 -1165238 2017383 7841504
2490252213243785002 68203 -2981126 7210176
2490252219841691979 1190636 -587773 7364112
2490252238445124646 306358 -491693 7224048
2490252257803254412 -1725132 -1427418 7328240
2490252266404031833 374704 602137 7217296
2490252433493143574 2534958 -1882703 7991984
2490252494114248134 -2334663 -3034484 7013888
2490252510042383216 -191793 -682192 7162752
2490252526859890812 -2036758 -1119144 7046224
2490252607721563850 460907 1330110 7077664
2490252660610315296 871422 -702215 7214352
2490252676908933365 788762 -474330 7871504
2490252742998377072 915286 -3407497 7096320
2490252742936858030 -39145 -3021375 7372080
2490252789629821273 -154609 1060569 7002640
2490252826821610652 -2651475 1940645 7011664
2490252949577505721 -2161740 -367754 7764528
2490252971454773238 -913437 265515 7106528
2490252998393350345 1125513 -2439937 7254288
2490253041066275290 360934 -1904827 7291744
2490253075409284899 1028413 1589130 7123328
2490253104220949059 -1871096 -2463490 7274608
2490253139061194846 -2794179 1757039 7113792
-4236564663394460043 665151 -1730644 7429440
-4236564653865368196 -2384166 -1482408 7485920
-4236564650648312933 -7887 -2273004 7115984
-4236564523677726044 1951487 1272308 7519040
-4236564515186118367 2018811 -2461530 7569408
-4236564492096668838 -512050 -919549 7276512
-4236564480414179478 759367 -2155307 7035792
-4236564449709782402 427203 -78039 7038064
-4236564435057210447 2478077 -120959 7078624
-4236564427754861534 2944059 -1985764 7030768
-4236564426846731735 -1255054 -2845709 7284112
-4236564419614750021 -2412522 1053359 7160784
-4236564411400788987 244103 193524 7174256
-4236564384514028892 554630 -2133223 7099968
-4236564324280181240 -2445072 -1598606 7154272
-4236564295079832257 2148794 -2169230 7136512
-4236564235118186521 -726249 -2965976 7048560
-4236564219920726909 2569624 -3437167 7297680
-4236564190667093141 2527559 -995995 7091648
-4236564159278791098 -3485767 -2496223 7054000
-4236564153038184314 2320221 -1122237 7044256
-4236564130627156391 3098872 -1630630 7044272
-4236564042467364235 -2469035 -3074186 7129632
-4236564025354084373 -1740728 1466692 7029200
-4236564007569720043 2215709 574321 7259696
-4236563917107990997 2206183 1047814 7286864
-4236563903333602813 -2712820 1062274 7201616
-4236563849991293589 1700970 -2034031 7393520
-4236563839706766971 1983471 -825671 7237328
-4236563756409250488 266864 -168969 7333168
-4236563741732061477 -2725469 1094293 7207248
-4236563739952968774 -1543108 -1761389 7394592
-8917806093187984466 -2894727 -450182 7361408
-8917806066880217216 1702552 151824 7044032
-8917806065418794704 -1305725 2136393 7280464
-8917806026729977059 1782035 -903958 7256000
-8917806010368944663 2482429 1174544 7035680
-8917805979424468570 1040167 714914 7585984
-8917805965190383859 2031875 598791 7072576
-8917805847182790017 -2738670 1775791 7482480
-8917805845900608080 2150410 -245676 7066816
-8917805806054824008 281051 114359 7014448
-8917805802744071499 2727411 -3090601 7077200
-8917805699772120712 2267458 977085 7070320
-8917805688987651143 -1230765 672873 7091792
-8917805648675410484 1485065 1890421 7182816
-8917805600382204834 2536580 -345515 7252144
-8917805555576110298 354328 -2907617 7879120
-8917805552094000986 -380564 -1645981 7579328
-8917805519720803631 -1540757 2047035 7694944
-8917805507995520871 1004855 -3244385 7011456
-8917805373577611071 -736708 2078924 7359904
-8917805234328561103 1096840 -2975514 7123360
-8917805165300567606 -758182 -239243 7206864
-831057494554673467 -3029887 -32731 7192720
-831057422800049063 -1923402 -2897704 7326928
-831057386390739419 -2373962 -1370633 7002960
-831057277932995830 -853570 -942985 7377344
-831057229405237618 -164184 1418623 7298208
-831057189907531567 -3524955 -356841 7165552
-831057170179817964 -3339037 -2994756 7123488
-831057124760534478 -989509 -172930 7030816
-831057072039401579 -390004 -3383797 7032624
-831056979846034978 -2373133 374750 7337584
-831056923356728551 -2092774 -1193059 7310944
-831056916578195619 -2428240 -3178017 7082672
-831056855353297280 -1825984 -1013217 7649296
-831056825479357017 2284276 -1340296 7059952
-831056776135560239 2508624 192186 7437712
-831056740432158868 2117781 -1470846 7067760
-831056652063716821 -55918 -686307 7156176
-831056650375034914 -3161189 -1570061 7129936
-831056628945825534 -1038928 1047413 7123296
-831056524917916713 1310398 -2506582 7650784
-9084392042682879378 -2944289 280666 7157216
-9084392002389834624 -2755556 -3164338 7002352
-9084391970118975149 128714 -1294683 7114032
-9084391931672350218 -1264135 2300805 7143136
-9084391756969625287 -525452 1087020 7190720
-9084391724413047134 -1197471 -698566 7227248
-9084391718178487627 -1914953 1338371 7042112
-9084391646385763054 -2864120 -3164236 7063456
-9084391551572680848 -1378569 1045991 7304928
-9084391524698939757 1722688 -1029637 7054400
-9084391519303726339 -1473151 -824980 7232784
-9084391465701085426 -2146734 -854411 7023680
-9084391309340080833 1338923 -642008 7199840
-9084391301109569142 -2131317 -2460223 7201920
-9084391267813094530 1022309 851173 7014288
-9084391157519374574 1799409 -353824 8011472
-9084391149322799821 -2884811 -1126802 7080080
-3155259406684029074 1701693 -1379237 7176128
-3155259343460302186 2325174 926853 7435856
-3155259316313833186 2257578 -1688760 7152384
-3155259297941759407 2435056 -793218 7063248
-3155259264048303804 -505674 -2804477 7016240
-3155259261009665199 -1125425 -1586841 7514464
-3155259216819244663 467999 1039183 7143712
-3155259209668224855 -1702922 -3200060 7006016
-3155259200141552287 -1610800 1717426 7057040
-3155259178482085722 2175312 -543009 7619584
-3155259143609553927 -2418675 -2109259 7157136
-3155259129560103974 -559522 677425 7072432
-3155259102395989946 1499278 -1712720 7280896
-3155259061977653578 -2447782 372856 7127616
-3155258942041813952 734330 -210129 7021376
-3155258929479757670 1881453 426439 7165728
-3155258925996479329 -2076970 -728973 7016064
-3155258915559306956 -2480102 1830514 7351360
-3155258844099001665 2134551 -1865586 7008816
-3155258805378801938 26962 -1647103 7153280
-3155258689663021977 131125 1483638 7153696
-3155258637430988139 1865654 -352791 7080432
-3155258608743998516 -346825 -360165 8228608
-3155258584812198155 -2711181 -1150498 7056144
-9041782197640120068 -1867752 -342952 7020944
-9041782118731923668 655732 553305 7170688
-9041782053660351551 212262 2202091 7381120
-9041782027513081303 -2445331 2414329 7004928
-9041782023604800580 -3024061 2007967 7117440
-9041781681524100250 252806 -2979394 7030992
-9041781678544589909 -1234831 1768181 7059056
-9041781572799641890 -419309 -172146 7411552
-9041781534032976386 1186730 -2434824 7213776
-9041781529121151587 -1267821 2531870 7388032
-9041781502735182014 -1817777 699966 7394752
-9041781471384842920 328295 -2045360 7077840
-9041781448712581753 1608949 706362 7391232
-9041781425882501023 2719361 -1080490 7479936
-9041781344522843382 1370012 -175694 7416592
-9041781344193717744 776256 -267398 8387664
-9041781273015533570 1986478 -532567 7003712
-9041781262595899313 340924 301413 7851344
-9041781222203736021 2686648 -1678721 7048720
-2803019694747902931 643781 531109 7146432
-2803019654482096608 -3299537 -37024 7189968
-2803019616607392471 163199 -3292295 7271264
-2803019553934541175 1828012 -1684487 7142000
-2803019525405502586 -2627210 516135 7058368
-2803019506411937084 -2613028 672326 7555872
-2803019500597863184 1027667 -2169348 7085744
-2803019432634237187 2119449 -2140904 7580224
-2803019371676220152 -1746099 -326427 7104016
-2803019363005607292 -926059 1757444 7073264
-2803019294022087637 -105740 -202922 7525552
-2803019274041513353 -2677495 1333705 7151488
-2803019121635336381 1430935 -2343782 7094640
-2803018994101999148 181891 -1300699 7317104
-2803018948764261288 1330428 -3254634 7315968
-2803018938691432099 -469803 -2374033 7143936
-2803018936072669200 2354845 -168312 7271568
-154896271823946331 2138787 -695985 7284416
-154896270030477384 468170 1013377 7398288
-154896170607180701 459014 -1394648 7493728
-154896147049688876 -2775856 2105814 7245344
-154896081593151216 -870403 -2047584 7129744
-154896063357377121 -2312714 -3313615 7431120
7883394805483180577 570704 1520317 7063728
7883394933194944081 254505 -462527 7534544
7883394949828437242 -155130 -915610 7165184
7883394962363271311 2011577 -2082484 7596528
4718765480802362363 -3075772 2214141 7112528
4718765516684585102 1081223 -1564755 7479792
4718765567170862539 -2569967 785667 7350224
4718765581092180043 -759905 -333639 7055776
4718765585668021487 1115456 1028772 7001232
4718765601101102931 -3030747 314041 7399376
4718765601995994812 -1377207 -2896586 7078016
4718765650926809194 -2087568 -2923563 7127648
2075633548808474326 113422 413940 7337264
2075633593964824938 -2834028 -3132681 7242304
-4567825830416686538 -1428056 1333006 7905296
-4567825714575230362 -652649 -3402774 7353888
640687427221757472 -2549606 1105537 7037920
640687431330915323 -3011266 1429039 7195232
640687526062782683 1611485 -1283324 7298192
640687556859420820 -2949680 -1400992 7787296
640687568427248047 1266018 -486024 7127152
640687579232240187 -61413 -954908 7523744
5750363525305646841 1388520 -521177 7387984
5750363535164284932 -1052699 1900712 7357760
5750363607081994700 380935 -1523642 7248544
-8176381776850320678 -1858332 1538947 7027600
-8176381750473524012 779473 415246 7212032
-8176381618307922295 -2742884 2484860 7160640
-8176381604591337951 1384078 -2280985 7212032
-8176381475651410473 1094355 1843770 7294272
-8176381401276145566 -3353739 -1405207 7095328
-8176381378307057500 -3214387 -1710663 7654080
-8559911843794510907 972696 723262 7097184
-8559911836739143151 -2553043 -1414728 7010384
-8559911793998221101 -1742925 1555327 7798304
-8559911776633442581 -1193486 563700 7638480
-8559911713741841228 -1901615 -1436710 7548112
-8559911696225756842 1610969 -1311182 7065616
-8559911665727227905 -1065547 -566533 7069776
-8559911634100735977 -1542074 -2779366 7611536
-8559911609708958542 -1255761 424770 7466624
-8559911548284037362 1730145 -1793636 8740288
-8559911537373453877 -2224100 -1110537 7680752
-8559911524520122150 -1737982 -114968 7420816
-8559911511207729396 -1979675 -319492 7198608
-8559911475170907811 -1065133 -3421950 7245648
-8559911393426553150 -2872542 1859787 7008592
6666239335127754358 2610372 -2265748 7013952
6666239408754489090 -220367 -2136491 7077264
6666239457621068859 359380 -1359117 7280304
6666239484728471461 2647884 1143685 8030864
6666239666507652686 972306 -2520465 7036928
6666239694440279740 -288678 -2514365 7465296
6666239793008327514 -3003239 -2618917 7426512
6666239822588670690 -788731 2055721 7420368
6666239877192816472 -1824431 796905 7017344
6666239900670323854 -3292376 -2449636 7099456
6666239901628518900 1613498 1370195 7325920
6666239931899094605 52662 892763 7871104
6666239961576402260 2660099 -2416547 7651616
6666240010014214053 -2058635 -2259479 7369024
6666240034740939032 271323 -562587 7673808
6666240051281290123 -1000697 -2441604 7634048
6666240110880985802 66705 2050957 7014432
6666240166933915718 -2807002 1301396 7315696
6666240241847353647 1411248 -125204 7298976
6666240269246763238 -319946 -3132720 7341744
-5068519090121742560 -259313 -1064530 7143616
-5068519001716972104 400854 182697 7086672
-5068518985263683824 -1408463 -2199682 7070848
-5068518972475987253 1160074 -2502256 7018480
-5068518955531810557 316538 38453 7187504
-5068518954423607002 1940533 359803 7068928
-5068518942902913072 1328110 -1432810 7267568
-5068518939698545126 -2050344 1615757 7146752
-5068518916436454905 -2259813 -2639048 7027248
-5068518832022316939 140188 172185 7095616
-5068518765441060811 941050 -2408480 7364048
-5068518720147499597 89208 842733 7273408
-5068518671193006512 102116 -1211890 7442784
-5068518628345877441 1571282 1586814 7365248
-5068518608284002291 759006 -93599 7119872
-5068518426900883363 306288 -2320368 7104608
-5068518394553495510 704189 626870 7462112
-5068518376969194011 -2662100 -322370 7011312
-5068518368431418700 -2318087 1345275 7408016
-5068518312496784906 -866761 -2531313 7471472
-5685935009880440446 -191180 2044143 7117792
-5685935009028389045 2910365 -483401 7322848
-5685934991195571019 -65248 5446 7103232
-5685934952184959611 -1225177 340025 7087888
-5685934911669688782 -973308 1393381 7439376
-5685934896801831613 -900197 -1965347 7834000
-5685934884038301585 -77751 -1507112 7396272
-5685934830753169818 1432480 412320 7148304
-5685934814501391316 -1143540 2047843 7495840
-5685934799761577861 106322 1069602 7140016
-5685934722397169111 -1107356 1082121 7248992
-5685934715116953596 -2655375 -3426094 7075744
-5685934693279787454 -2351572 -652532 7351344
-5685934670126619276 1481443 -1910914 7184448
-5685934666466542513 1449933 1657019 7448112
-5685934613910218426 557918 2141823 7268912
-5685934569538845728 -954762 608741 7413424
-5685934520833674662 -1536582 701067 7803600
-5685934458892789826 -987547 -999133 7407584
-5685934455978434556 -1848300 -3145376 7180992
-5685934434125999353 459435 1886632 7115312
-5685934350666293594 -3511728 873070 7111856
-5685934261765760755 748299 -1314487 7091024
-5685934188130729948 -2475707 1945385 7077904
-5685934165130463304 -1730617 286420 7107216
-5685934031072319891 -709872 -331043 7471408
6392912812993939716 -3135327 1468231 7948288
6392912832457834416 -1811767 -812758 7281184
6392912858953972569 1944807 -1347504 7090128
6392912891213531792 -456147 -2436419 7667040
6392912908420433208 1263740 -1980764 7763776
6392912961315424213 -578213 -445176 7544576
6392913005785788956 1249514 599138 7980224
6392913016625432210 2690109 -1772877 7317648
6392913244847773891 -2155066 -680091 7191120
6392913260137528684 267900 -2322629 7659856
6392913411008246395 2920229 820801 7706400
6392913430652335970 -1701595 -3372632 7004864
6392913508034951604 -89293 -1715416 7013824
6392913685781240599 -1532105 -932764 7363504
6392913714113058797 -392038 387790 7094336
6392913739011915497 -2019897 2322287 7159312
2863402352399963142 -590190 -1201173 7537680
2863402610022542209 -3131310 -3165823 7500304
2863402651199242969 534796 1185405 7079376
2863402657348451583 -623714 329230 7231440
2863402689099098890 -1451323 1159207 7126624
2863402694955558676 -2613243 -1753516 7193216
2863402775222300237 2186875 -2074474 7378048
2863402796170587051 1756181 -729988 7855200
2863402801479585720 -2606213 1939691 7057152
2863402853907406853 -1008027 -140082 7071328
2863402901292311448 2930632 46462 7134016
2863402906875129848 1375622 -887092 7370896
2863402926924187683 444297 -1606067 7335712
2863402940897797614 352617 -3060082 7062240
2863402962545669352 -822281 -3387779 7017200
2863403084003606700 299561 1713752 7152640
2863403130516470187 -3134373 1279917 7352160
2863403234847303799 1969027 -1865274 7381648
2863403293811980784 -2803355 1954158 7072720
2863403327142204437 2178919 745132 7081600
2863403329444602274 1087558 -1496303 7029296
-8952094017521899019 -198912 -2311277 7195632
-8952093986863546199 1514954 863708 7017136
-8952093877484162774 -3118776 707934 7519408
-8952093829335041053 1805713 -689687 7059408
-8952093827022405544 -3211170 -3026908 8043664
-8952093747813885015 1599704 326637 7554464
-8952093683170083672 1779906 988682 7154752
-8952093662398293735 -2764210 -2261171 7107200
-8952093629095356811 -1837986 -1426441 7171792
-8952093546344502761 -91134 -1588804 7278144
-8952093512135962411 -950495 1728659 7493200
-8952093500304614663 2847347 -2718878 7370816
-8952093497685862153 738700 803043 7057584
-8952093464277656806 -3281651 2049484 7058800
-8952093407646405815 2688449 1098046 7163408
-8952093337000292341 -2757721 -2695842 7472400
-8952093229269448370 -946677 -3243538 7112240
-8952093221794166338 -1919069 -1038879 7237728
-8952093117319132736 -3179854 2166601 7150336
-8952093085492719015 -252833 -818128 7070144
-8952093002404705123 2076370 -623381 7448128
-8952092988360263206 1817843 -81127 7483776
5044208914009625269 -1350001 -979460 7014208
5044208924207624126 1758292 734274 7514304
5044209022154124906 2376619 612859 7353168
5044209123319634246 -1473614 -1819575 7262128
5044209124855053057 -3303855 348503 7179152
5044209246066727863 661214 -1078549 7053728
5044209322503396160 1879265 -663244 7128128
5044209369563521010 2735592 -81003 7041680
5044209411091927059 737366 -1226777 7022944
5044209499174240459 2731554 -2712767 7258512
5044209614946353117 -1318667 -1184514 7180208
5044209631209175153 -2548435 -24207 7050640
5044209667271602370 -2945590 595863 7070560
5044209769614134809 -200542 -2405897 7078144
5044209821028140550 1954042 627091 7377440
5044209929220084075 1539694 -125227 7493968
5044209949465997619 -1146714 -1591307 7122592
5044209974897010207 759942 -305523 7158080
5044210012478761034 -463091 -1792170 7115248
5044210022917577798 1197508 1591353 7162880
-2490248789201929368 -1802944 -1465069 7079280
-2490248772056170474 -2094253 81253 7144864
-2490248765850930902 2252947 -2101540 7195776
-2490248705730279154 823379 335948 7017456
-2490248665427082736 2290661 -2205116 7697408
-2490248646406485363 -569068 -965628 7549344
-2490248575253359175 -2271845 -1536595 7109040
-2490248529709287656 -2737126 -385316 7070448
-2490248514411300359 -397576 -2894138 7316352
-2490248489817587734 -1867772 -628532 7001392
-2490248396877980285 -2413995 -1616077 7268320
-2490248309928265596 -1475623 1894193 7058800
-2490248307366190264 -2126135 -2690182 7402800
-2490248247708874562 637094 -2000335 7009952
-2490248242056035817 775373 -39723 7014496
-2490248227384002412 -791050 1557429 7140896
-2490248209319587997 102013 2083314 7105040
-2490248209053770394 1098675 1325775 7322544
-2490248162510005658 -3312953 -995396 7120976
-2490248160025215216 -3326748 -700590 7129584
-2490248062538534829 -370775 1546199 7154160
-2490248048560487376 -1241869 -2708561 7455648
-2490248047196065688 -1914747 204695 7539712
-2490247904410831800 725695 428791 7189520
-2490247888400601741 2775713 176473 7100592
-2490247878472940101 -1580678 -1806293 7680816
-2490247876504623754 -276334 647570 7910912
-2490247743604186534 -2224415 -228013 7086608
3132333311293034883 -2709082 -2839438 7035744
3132333361063332438 -318697 1630977 7615664
3132333375027333422 2891227 1036242 7371392
3132333392077303286 -2475185 -3404734 7474784
3132333429792317580 2030102 683582 7346592
3132333513104338042 -1672055 559730 7150752
3132333578703070987 475447 1516277 7151536
3132333582570226258 -1466686 -1713021 7445408
3132333688577324208 -151157 334895 7230448
3132333742692381818 2098971 1823168 7212320
3498340939632019744 -19653 1115660 7146080
-3498340939632019744 -19653 1115660 7146080
-3498340836879111682 2423751 -2973476 7165280
-3498340754289806652 -2834926 -256800 7323264
-3498340674091010973 -2060881 2145919 7191280
-3498340632194235842 -1984723 -1540414 7155008
-3498340601870981799 750924 979972 7047568
-3498340596150063980 329023 -2831771 7952240
-3498340588857949389 -31067 1920089 7070256
-3498340562821396647 42268 427101 7012672
-3498340561893024687 1946230 -919220 7631136
-3498340498056269287 925152 -1903920 7046832
-3498340475372526475 1513577 1441604 7603152
-3498340453676984123 -1677828 -397542 7043360
-3498340425504400193 -2011534 -3010402 7452032
8955210111622091242 1067514 1930563 7325024
8955210246527123240 -2520688 -1944300 7200448
8955210304024159539 506434 1361656 7561888
8955210366524191127 2257234 142019 7069296
8955210393143362238 -2726413 -3335219 7163536
8955210451885569667 -2292174 1106693 7353280
8955210453490533477 -1915382 1363528 7471584
8955210454708230288 1492072 -439505 7758336
8955210469877861308 73955 -3119747 7256848
8955210501341117665 2252773 833391 7024080
8955210526477923832 -1936248 1446519 7486576
8955210594647919988 1872400 -882860 7037200
-1941942351825491548 2188445 -606658 7109312
-1941942326821721355 -2436913 936862 7749264
-1941942314799360534 -1834521 -3186294 7022400
-1941942305638740789 1930120 -3137048 7303424
-1941942218164784523 -2153776 621740 7370416
-1941942197951655669 -1604334 1020211 7154656
-1941942195271176045 -596024 -1450827 7025216
-1941942187674700235 -2512304 -764100 7428928
-1941942180119003434 -3084522 -240386 7554352
-1941942171855557350 1609910 1014238 7239792
-1941942119292845764 543231 -2879087 7751200
-1941942011146128320 -1262351 1414246 7408528
-1941941899605714885 -2724887 -3318639 8249312
-1941941856848935169 -2575884 -2553406 7345632
-1941941839027984409 1040338 -328010 7009760
-890065803439391390 -2419627 -1304374 7229616
-890065777239243092 -1103979 1295456 7171808
-890065762520979457 -1140673 -3259500 7690656
-890065739961733828 -3240601 -2561558 7216144
-890065734879706672 -1049891 -1777012 7081136
-890065670649539042 2364357 -2668051 7443664
-890065657747580286 2793039 1693601 7128368
-890065652062531707 -2805530 1138603 7060192
-890065555402843914 2149686 904099 7083280
-890065548083401715 -513797 -839765 7172144
-890065474390914220 -3047908 -1956095 7305072
-890065463604974842 -1348930 -1466697 7029856
-890065409672035439 -1758473 -1359480 7363760
-890065345503643537 2883179 -3216729 7595664
-890065250251525603 1577025 -264352 7111248
3149652435722463456 -1429476 -1206938 7030000
3149652439385237559 -416734 -2193284 7027088
3149652479785075409 1243472 -3001019 7220816
3149652483894441853 1865267 -2914304 7506832
3149652514889233807 1536073 864374 7439632
3149652515075837296 -2450799 -1888224 7067776
3149652559082337752 -50831 -575363 7738736
3149652567248847916 -811101 -3093087 7158384
3149652613174570785 1385218 -228936 7117744
3149652639223436802 1976653 -3288711 7125296
3149652692217110770 1113414 -1781446 7162464
3149652730458415543 -3173618 791646 7458160
3149652744176945365 -3287598 -881108 7091696
3149652754494346378 -1275807 268246 7051008
3149652911235640266 513503 1943712 7001584
3149652913939329063 -2648503 -3333190 7067264
3149652965160159284 196476 498477 7178848
4621405171568612424 -3066472 -1504327 7242560
4621405177526260040 -1317919 517803 7214208
4621405383565286037 1292499 -799926 7924800
4621405386740726101 1886800 -482761 7127456
4621405455047470885 1644730 1376947 7645552
4621405493390833409 -3179785 -3112044 7159040
4621405506476001385 1369974 149449 7553888
4621405507728175295 1709968 679026 8182784
1111111180290216086 2508498 -1326253 7188960
1111111219468871498 -2473210 427718 7185824
1111111280053871119 26962 375541 7183488
1111111372629130323 1972231 -828769 7143632
1111111468895563711 -690723 -2188410 7123024
1111111557099406730 -187392 -695532 7107088
2222222250887988413 2829441 1662702 7451760
2222222311652359415 -19620 -2795470 7130368
2222222332091336632 2559317 -887769 7592880
2222222521785887578 -2759455 -3118336 7095296
2222222565272277537 177435 -598824 7143184
2222222626042890038 -2641191 168683 7198352
2222222627803084266 -233808 400524 7386304
2222222649775369068 1321202 -3233911 8247648
2222222753914838042 1175844 -2446475 7485072
3333333335061327864 629413 2086800 7131408
3333333393060425753 -1809793 1542758 7112288
3333333466742414580 2297566 -949246 7666208
3333333668318591206 -1493705 2209075 7180544
3333333676716795087 655324 -957141 7005056
3333333734121616354 -3367643 -3129237 7369168
3333333773382566567 -2284921 2112999 7049440
3333333834536411730 -1353842 -2052752 7156416
3333333845055671800 2424975 -1125386 7206336
4444444468953640345 1097053 -2896206 7095664
4444444477081320342 2745446 311762 7078240
4444444505465667328 -969104 -2986607 7332528
4444444511956184807 -1151704 -400854 7056464
4444444601523890438 150029 -550643 7700928
4444444647475844738 91165 -1407681 7131936
4444444686830140554 1283116 1086592 7226032
4444444686703800074 1242341 1207966 7886304
4444444747517271029 2221777 -2326836 7244352
4444444772490785936 -839812 -2118569 7267712
4444444791352206240 -2500409 -1124860 7004864
4444444967684581454 2491815 -1173159 7051952
5555555568022469371 -958157 1692429 7225136
5555555577109423778 -700170 99840 7116896
5555555577735178701 -736319 -2664659 7011552
5555555586414488270 1703096 -357757 7357840
5555555707172207040 -1268205 -1266955 7685728
5555555907762880353 272873 -775697 7074768
5555555923042978675 -1346579 -2070238 7064768
6666666718942878085 1997100 -3056207 7227840
6666666767517174352 1474810 1621251 7382736
6666666781878194935 -3131598 898411 7440128
6666666845294781370 1584345 -2044960 7795024
6666666866628619310 -424650 -1473893 7165264
6666666996396456089 1384960 856968 7555040
6666667034541329115 1179437 99813 7082400
6666667036637434375 -2835859 -1360702 7036224
6666667039043483067 -1679415 1841331 7572016
6666667041308224495 736808 1158547 7166816
3141592684980366706 1493233 782020 7304592
3141592833751137349 2950564 544258 8005104
3141592922224187798 -1742318 903684 7036000
3141592965338777276 -2067577 -1271758 7052928
3141592973803367903 378117 1520572 7134320
3141593008668543426 -968444 -3251057 7318384
3141593024246878487 -2243840 1095412 7266624
3141593063405453549 156935 -1642548 7467904
3141593092730481725 964576 715799 7124720
-7170777910416063528 -352638 2386959 7114560
-7170777905855213600 -580765 -2408461 7075136
-7170777880686269290 -518616 1090814 7259920
-7170777784700904765 -564021 -1035187 7121936
-7170777661144346296 -577332 -2822511 8474720
-7170777588614952644 876588 1953154 7378944
-7170777493119792132 1291272 -530344 7005904
-2776206406184298126 -936079 -3151488 7463808
-2776206373804482768 -2452959 -3253989 7029024
-2776206365560745369 -394062 -504670 7202160
-2776206364556715232 338480 1189678 7330208
-2776206363943691736 2672516 -2011328 7059280
-2776206296970633625 -1645014 -31070 7024544
-2776206259626157962 -2085532 -1170824 7135808
-2776206172872574444 -2572900 1492613 7065024
-2776206145808235365 -111773 828688 7463840
-2776206118552925777 -860753 1023461 7035040
-2776206118297150153 2483283 1221145 7319808
-2776206094696801510 -521408 -1869979 7419440
-2776206036392040282 2524537 -1086995 7093744
-2776206035393140447 -1518855 -2302568 7145008
-2776206023074520123 1932162 -284209 7813840
-2776206021075437071 -1478832 -1177450 7141408
-2776205842800637397 240772 1415748 7039408
-2776205833661489002 2838081 -1215557 7059696
-2776205815432882732 49871 2229069 7404064
2465168666124300913 2225625 -2338924 7460416
2465168734735204877 1665055 148201 7066704
2465168746233752790 -3093926 -1518 7044560
2465168757595995460 2861524 -1554827 7077328
2465168769822018915 -1076157 -1428028 7184832
2465168847936757256 -983922 -1618451 7048544
2465168930424014896 2466701 205166 7121856
2465168989761622216 -537223 195684 7283376
2465169011494957539 -2315099 1453523 7188160
2465169140738097233 -3268469 1597461 7047168
2465169174842651674 1645064 -220855 7111936
2465169229583190354 929748 -2543470 7218016
2465169238574564683 -3046295 -1582326 8339008
-4406074164835792989 745197 425946 7713840
-4406074136484173388 -207369 -159940 8165504
-4406074059334171590 -1452994 809765 7021680
-4406074028962568422 -2821396 112551 7019216
-4406073953844030358 798132 864008 7063024
-4406073939628070353 -79486 -3562393 7312448
-4406073932814350572 1250699 -164522 7883856
-4406073906402235539 2108721 270833 7024576
-4406073854025347255 1991216 -2601992 8645696
-4406073835338858143 -1380535 1453660 7717680
-4406073797276398550 -3224343 -661915 7147376
-4406073755725621867 717220 -2813769 7261824
-4406073686768360064 35011 -1531502 7457152
-4406073677120300973 -407606 -67930 7124656
-4406073588209803711 -125446 1902377 7180640
-4406073582748618521 1840843 -410752 7125232
-4361817935333932492 -76354 -1569231 7376128
-4361817802035358031 -3664024 -2234978 7010912
-4361817733726956483 354953 1185083 7071536
-4361817695910093674 373535 1589201 7682512
-4361817611449042863 2539116 -2204640 7145008
-4361817567715918677 1135885 71451 7144192
-4361817559186998246 -1282284 -666570 7044288
-4361817534576377943 -2743516 -2507608 7041184
-4361817482087365677 -127762 -2773993 7273920
-4361817452228131018 -2499098 -2012306 7351680
-4361817406519446239 -920570 -761059 7048928
4878356197749337342 -266697 -441532 7154256
4878356204757397751 1170507 -2084782 7135728
4878356246892362398 761173 -2203023 7166480
4878356312213199873 2170454 -2116333 7060032
4878356324682986382 -3074857 -2418261 7181536
4878356412034423114 2638617 632966 7114000
4878356412466085286 -2023918 107093 7344832
4878356428320599458 -20852 1223535 7557920
4878356463427975133 -2529491 -726025 7184928
4878356503810773658 -3257910 2318397 7433856
4878356513986045774 -658962 -3267899 7414336
4878356518523743299 2749575 -1951874 7070832
4878356627630656675 -3176265 994218 7146560
4878356749800496234 314395 -1120250 7245232
-7616104448041026723 877906 618749 7076048
-7616104439673712555 1255024 73046 7063696
-7616104383025883570 -2079855 327261 7187088
-7616104378216544353 -1611307 -1369177 7099584
-7616104345481715428 2224720 1176161 7237568
-7616104257867239238 960465 -748374 7789088
-7616104248802468063 268450 -1263220 7305120
-7616104244503669689 1227477 1643279 7046048
-7616104223849758032 2040837 1543884 7217056
-7616104202650599624 -755360 514979 7356368
-7616104184129038694 -717009 -1946204 7809552
-7616104179540034937 -2288623 -3465758 7467792
-7616104173608684155 -2531985 -613337 7180000
-7616104128697602664 2908181 -2603955 7105424
-7616104052721384016 -2023973 -970839 7432832
-7616104010294000637 1550424 -1157771 7013008
-7616104005951458387 1437234 -3008500 7004224
-7616103976938762044 606826 -2263350 7009712
-4821950366133059158 -1131097 -1364857 7094064
-4821950211463914763 -585567 1264484 7865856
-4821950166415138498 1510925 -1730215 7115440
-4821950158218405240 -3148540 740043 7043008
-4821950055410643682 2120134 -3212681 7047344
-4821950023648757326 -682666 -881532 7053872
-4821949979171659133 1077100 -3370856 7277600
-8649355766952172578 979444 1482594 7069168
-8649355761614099392 -1762268 -696434 7244048
-8649355689073303445 -990408 1778025 7281152
-8649355668613623283 2130048 -1629857 7538720
-8649355663679040018 -2606833 -1230674 8252736
-8649355647270003612 -3097440 -2001567 7453664
-8649355561851813609 -3144576 214098 7136432
-8649355528565568171 2499489 -2010528 7075744
-8649355523739549994 -1954938 1721729 7782944
-8649355480153208869 1612286 -2136308 7355728
-8649355428748004787 2759483 -1907105 7274560
-8649355374408992632 -2610741 -3117092 7412656
-6216848865807107489 -3327519 -3145860 7538304
-6216848789936114966 -422054 -2002774 7570656
-6216848741763082489 -1341411 -1412405 7102816
-6216848595988859783 -1767869 992479 7175184
-6216848589037743310 1972040 -3288564 7012544
-6216848570053317269 -775257 2414052 7289472
-6216848558579351494 -155300 1694507 7097632
-6216848520045130066 2706845 -201929 7581392
-6216848519445289494 1257257 -2338665 7151744
-6216848493872268176 844014 423329 7651184
-6216848468564447878 -1466161 -981530 7260208
8598593796918049564 1448088 726163 7038688
8598593921618183787 -2827481 -2071297 7232384
8598593923280531891 -3312661 1582158 7652768
8598593970812489223 -1084010 -3098693 7479584
8598593992095119555 -2163518 -2581227 7278240
8598593993445505965 1501503 -1132647 7645024
8598594056162888436 -1317090 1830887 7104192
8598594088401101906 1024495 -1435340 7174592
8598594163137811486 2692374 1275564 7058000
8598594205967325244 1374695 1378365 7144496
39181572647708977 -2044031 -1262743 7450640
39181610117852177 -1089380 -159290 7031152
39181616699087224 1398545 -886950 7273088
39181627527511901 2068190 33142 7215824
39181632990526420 751284 -136513 7253376
39181689002859830 -726288 -1839910 7295776
39181709617654489 -2403846 515482 7274160
39181758337400578 -2996578 -3453254 7236496
39181842089401873 -190738 -2879275 7186768
39181853264975933 2411119 -107494 7073184
39181958293369152 -1213901 -3407950 7363104
39181993120369147 -681410 1130580 7269024
39182063905506783 -2388544 712796 7008752
-8985030020138052479 2666285 -3475013 7326096
-8985029926407742319 793284 676049 7162528
-8985029901839141675 -2294515 2109762 7283200
-8985029895107955699 1530665 -1261991 7418800
-8985029863177528350 -651963 903067 7053056
-8985029753934449761 -1268441 -2634723 7271680
-8985029700791756834 371682 -1992506 7434256
-8985029652503987195 -925067 -3381555 7098944
-2738090302210354225 -2355596 2168215 7403456
-2738090255039161805 -2955404 2012641 7135872
-2738090248339679847 -1238870 -1728842 8038240
-2738090215780931979 293991 -2582058 7001792
-2738090207507883844 -748685 -826441 7409424
-2738090173744148952 1351101 -2453570 7000896
-2738089997901403589 981480 1274470 7117936
-2738089947242850075 2566418 -1061718 7098320
-2738089921674230339 602444 763866 7048416
-2738089854756262691 -3487510 1420169 7216128
-2984939995068768128 -3188536 -1353147 7022368
-2984939985883872531 1342357 481641 7173184
-2984939984096593081 54469 -1415452 7054272
-2984939953257799410 -1219167 -3326954 7236096
-2984939923774542631 -2666758 -2337770 7009568
-2984939844716677341 -967451 -1695546 7137536
-2984939828759597595 -1799471 1411544 7243040
-2984939823764500812 -1313188 -3468079 7212080
-2984939812053979172 -2061235 2133390 7053984
-2984939801058632855 -1935340 1556322 7442576
-2984939790332422003 1940670 -1843872 7269520
-2984939784983774046 -1822010 -1874169 7608512
-2984939772938971114 -417400 -2505731 7103024
-2984939735240335151 -679749 956964 7069008
-2984939720118217344 421567 -1093213 7361216
-2984939694249404001 -2249190 1441353 7570880
-2984939680511676525 -1065975 -604198 7225440
-2984939596234141325 -1146181 1217716 7014816
-2984939542715454081 1915714 928819 7015056
-2984939497704858109 -2638267 -454256 7491248
-2984939391158207221 -594380 1053430 7193808
-2984939361712927997 1155416 -1094245 8103472
-2984939356672461274 -2801082 548793 7398400
-2984939323399800304 477895 2208117 7260592
1607655922831022045 -2982300 -2037348 7364272
1607655923216966429 2533892 1493874 7076336
1607655958355753204 -925224 -403727 7008720
1607655973582069033 -3016256 1990496 7022976
1607655982029946593 -2793879 1506651 7885488
1607656011174309327 -2272354 -1970965 7293392
1607656044759589909 1914611 96215 7447728
1607656068263634489 -1025714 -646817 8607424
1607656071640087377 1823682 -809296 7231264
1607656074937609760 1787270 -2821262 7059264
1607656098141125736 1994458 -3242610 7449472
1607656151466870367 2729557 -49870 7077264
1607656169627857236 614168 -1293726 7063936
1607656435519346054 1521701 -1955412 7092976
1607656478386958804 -2827897 -3086478 7038592
1607656546507564086 -1389672 -1827066 7427008
1607656560973501412 -2933878 -2322353 7254256
5491132445632468342 2056875 -777715 7501248
5491132474491444900 -2691895 -1427101 7007472
5491132557342358983 -2476817 1308945 7094816
5491132671091592283 -1171732 -924317 7039520
5491132676375635497 2727357 -2049922 7273808
5491132776735748338 3043983 -1388164 7052080
5491132821126984600 -721188 1831344 7070640
5491132846183568875 243963 -1402434 7079440
5491132883130817069 -1458491 77667 7014080
5491132911899424790 -1447599 1405895 7387152
-80770152329019089 -3092479 -2643688 7050416
-80770044621864306 -2596193 -730934 7165824
-80769957847757848 511952 -873241 7801216
-80769932474356674 845584 373538 7026336
-80769735714365383 -2061951 1921585 7139280
-80769678149228508 2174466 -1157318 7054224
-80769674618708871 -3176654 999402 7251088
-80769652564123190 1675947 1998700 7003472
-80769652077545382 -2368116 -616839 7168912
-80769613267656011 2078305 -1872615 7324192
-80769609654215552 2310479 -2973419 7340944
-80769577936608954 -1267855 -2427350 7683808
-80769562838710320 -1796493 -1258316 7546032
-80769519396025730 1718902 1411612 7698000
-80769474991850870 1420405 -598704 7123472
-80769468968705897 -63143 -2066612 7074400
-80769432920332283 -3465180 -206938 7051936
-3537312600040146998 1467054 -3132645 7147696
-3537312579073269656 329544 -498009 7164432
-3537312543381436664 -2516855 -1721809 7891104
-3537312504109756847 -1818275 -1327051 7130208
-3537312474278876122 -1938219 -825289 7132032
-3537312399897630903 2831975 1054195 7065712
-3537312387798049930 -171017 847711 7387376
-3537312347012269055 1443156 -1891220 7506352
-3537312335232099896 -3119798 -2424013 8122112
-3537312301268021813 813587 -322244 7343504
-3537312230666384410 -2234999 -2769261 7227344
-3537312166085389375 -62330 -1430229 7787920
-3537312146618501889 -690607 -801979 7111264
-3537312145314693388 1194456 332547 7036608
-3537312097401374425 907881 527855 7269792
-3537312013712681900 -3284639 -2505450 7005648
-3537311937720461427 -1057121 566741 7026624
8461612582609908711 -2890499 -434594 7076048
8461612585377980571 -2607104 207714 7051424
8461612588164595784 95389 -2361509 7186816
8461612610395968537 -1854863 1591484 7005248
8461612695161419392 -2423064 1718894 7049632
8461612698016407562 2670232 -1950689 7102304
8461612715802338504 -2732757 -3459309 7127584
8461612720153116253 2251931 -2945288 7112096
8461612747957637046 -500872 1896310 7224896
8461612862974294453 1558970 -596568 7014912
8461612876539245327 603140 -1559648 7124832
8461612930396706402 -1861830 931076 8022640
8461612936266675831 -190220 -2112603 7251008
8461612970740299366 1799299 -285936 7143584
8461613042067339010 -3132846 2295828 7228992
8461613063195615079 1597309 -124958 7052752
8461613107458025674 -3086329 -875929 7143200
8461613123480359715 -1755432 1651597 7279072
8461613141409341420 64604 -3162428 7222432
8461613166107087213 216810 -1522002 7223744
8461613176156667752 665284 -1419398 7557248
8461613177468845685 2273413 1413591 7233168
8461613220640503923 -1430076 -3111674 7163200
8461613226667048676 2618318 -2612577 7089856
4068568083434032333 1472402 -3287164 7029088
4068568086870389950 1898012 62388 7408288
4068568105061137260 1635508 -3130127 7005600
4068568166184385472 1385457 -840086 7812992
4068568262985019040 76913 -3367779 7130384
4068568295943833123 -801730 -1578637 7011040
4068568297370579067 2334967 -2509062 7007616
4068568393627436377 -1936633 -283361 7524528
4068568473657923599 -535142 -2300206 7167200
4068568659038801595 2514633 -2892907 7370976
4068568690020987082 -955581 -3545258 7025248
4068568758296998219 749948 -1152522 7126768
-2784137465334332531 1726356 707189 7106928
-2784137451585770651 1917210 148484 7122736
-2784137392256482483 1992159 -1988984 7078896
-2784137380729404150 -2715078 -2089025 7054864
-2784137362225864336 -1198541 -2738135 7142720
-2784137360274766091 -2076709 -3193972 7236864
-2784137355966589474 -2575007 -1368796 7182464
-2784137259844325790 616495 1310522 7032640
-2784137147423450201 -286673 750505 7105296
-2784137137784511929 1379632 856426 7451760
-2784137103803007985 -2219121 695279 7821056
-2784137095358038747 -1473025 -785591 7095104
-2784137089889578334 875795 -1108688 7572128
-2784137085016329364 -1447847 1891868 7272256
-2784137084302420114 -699983 1850667 7604304
-2784137027938034424 1085039 -283799 7149120
-2784136781215495361 -2161854 -1750398 7085472
-6380956746803061837 -1872674 1521167 7462672
-6380956738514487298 -2602789 -1786006 7024352
-6380956704611731039 -2250799 -2298573 7076880
-6380956650029798451 -3220781 2086516 7175936
-6380956555380008658 1235358 -1720854 7125344
-6380956514869756206 2340896 1139483 7206592
-6380956500768386259 -522678 -1338603 7015104
-6380956500201339885 -1433003 1833223 7111008
-6380956465240968708 2598465 1957794 7127280
-6380956442601530751 42737 144891 7249936
-6380956425753251225 737871 1545515 7475552
-6380956389050193585 560672 -2893230 7306256
-6380956362867273619 -2421789 2089138 7278256
-6380956307240330149 236268 1824587 7528880
-6380956280955672487 -3079328 -2587149 7052064
-6380956275008119746 -2701050 -127572 7448592
-6380956212789103831 -511539 614953 7014432
-6380956175704252557 2262305 -24242 7150736
7826701391773820388 -1104224 -1571626 7022240
7826701418212187842 -1208754 710189 7045856
7826701424234650718 2570535 1127671 7331712
7826701426821240023 -1920513 283548 7286688
7826701430389047892 2451606 1054164 7064688
7826701468916169146 -943157 1089744 7045328
7826701534913870533 -1636534 -2724710 7590224
7826701564447246937 2245498 -3218598 7300080
7826701614970311766 438704 -588985 7077216
7826701647858634698 1193204 -2489636 7635840
7826701707019410095 -1235334 766713 7019600
7826701757615559540 -2776526 -509730 7311232
7826701807351884299 -3265414 -2320717 7781344
7826701858739410045 1339598 482531 7198752
7826701908410465048 3204 -2878059 7390832
7826701974741460037 665289 -2421449 7025872
7826702010255828734 -1633039 480708 7872336
7826702013923102243 -1342722 84570 7015696
-2159817522715827339 -1100551 -1826381 7536384
-2159817486695428127 1171149 1701375 7194528
-2159817477627015916 -1200601 -1640306 7038928
-2159817450963764367 227359 -2506324 7090448
-2159817407546544261 285153 -2058718 7338656
-2159817392675970751 -3355368 1946977 7420896
-2159817377648246197 -2547142 -3285016 7389232
-2159817339240524355 -2148062 764819 7278752
-2159817270897917981 -352462 -3075674 7133568
-2159817266671611486 -1820254 -1349806 8264048
-2159817261811768753 -1444160 -2320607 7160688
-2159817250118822906 417415 969569 7203232
-2159817219364576581 -2389697 -1342226 7047680
-2159817216878662363 919520 1132024 7663472
-2159817206891475383 1385167 1331004 7081632
-2159817184809756732 -394206 -40417 7740176
-2159817182767442732 -2335775 730347 7270560
-2159817159944362261 1290985 -3228380 7175456
-2159817040391497193 -408590 -598285 7200800
-2159816984993291278 -2106062 1158031 7750016
-2159816876703564260 -236191 329717 7406432
-2159816821975749362 243964 1751768 7871904
-8924785877600502279 1444303 -2925825 7058176
-8924785833741020293 856733 1812236 7027712
-8924785827427697638 35682 342745 7350096
-8924785752029591817 -2190362 1698081 7886576
-8924785739335543495 341406 -588762 7357696
-8924785504115077725 -2055117 -1418210 7152032
-8924785502374175997 482955 898039 7166032
-8924785478234360082 -2869284 -2331711 7023872
-8924785332236644524 -3172470 -1863862 7134064
-8924785332316396465 -3199060 -2873891 7260576
-8924785266142399438 -2343007 -2636206 7110944
-8924785255330109480 877456 1476709 7177904
-8924785253233447859 1558085 1071787 7551120
-8924785252512698946 -179303 -2741040 7053536
-8924785246169008052 -2965516 1620515 7004080
-8924785194899767627 59317 824032 7168080
-6840799848115106684 2473045 -2930682 7144064
-6840799840537741031 -1935131 -774459 7994336
-6840799809428893363 -2384215 -1460449 7321808
-6840799761061621447 1828587 -1465201 7605568
-6840799483747516802 2425867 -2105534 7119360
-6840799446111443583 -1607337 -2196827 7134160
-6840799429772697225 -3421210 -1593083 7066176
-6840799422306039104 -267205 792655 7013792
-6840799421182445988 -404928 1367053 7056448
-6840799347818195855 2146284 1396505 7329360
-6840799263433607910 -2195888 -1719800 7335360
-6840799226589039583 -3506091 482004 7166896
-7957511214976532374 -888358 -1399674 7898320
-7957511167720916520 1301963 -902342 7733920
-7957511111960707719 -2595755 -2286826 7099840
-7957510940242104606 -2756152 1564023 7290848
-7957510939605160817 912383 603390 7652000
-7957510918242512821 -3009294 2271534 7018048
-7957510905166415601 2559061 -3591680 7613600
-7957510884493627457 -370351 -2346912 7042864
-7957510856091288844 -353782 -2146793 7834608
-7957510835653396215 1909581 -2816310 7112880
-7957510777919358281 1074806 -2582512 7075360
-7957510654924288314 -2495728 1714734 7095072
-7957510641464000056 -2533122 2397709 7248192
-7957510633477013996 -2481658 -3133025 7283408
-8951865107675035431 1941447 -134522 7235616
-8951865098233320573 -2231763 620729 8067568
-8951865082777936226 549736 -2274055 7284544
-8951865022363423098 -2445609 1280163 7263904
-8951864979695287993 2310830 -3104433 7350080
-8951864883100592852 1079035 -2849100 7410368
-8951864830089572036 2505962 -2109555 7881872
-8951864769965244373 -241014 1870257 7056480
-8951864736920204841 1988005 -1251018 7697488
-8951864705956875056 1762299 -1908212 7196768
-8951864669277958045 2003599 309359 7332320
-8951864627625306562 1142498 173832 7210784
-8951864575360618265 -3196960 670612 7190352
-8951864557037961379 -3479732 -763796 7305856
-8951864513540579810 2166229 1075481 7013488
-8951864503707675547 2612023 306549 7165696
-8951864449684549940 -1927073 -3063299 7155360
-2629597278992424477 -929291 -1014791 7025952
-2629597176925084084 -1769352 -2551113 7286176
-2629597156676720066 -108863 2531864 7182096
-2629597132409292934 326594 -1444793 7122432
-2629597098828255139 -564401 -475924 7132384
-2629597046239996165 -1944374 336558 7115088
-2629597037145480341 -394377 -2899759 7621712
-2629597020571606953 2815576 586647 7113456
-2629596955034732664 -265029 183870 7009920
-2629596915795798179 1472360 -1692132 7156528
-2629596868088459946 -1455281 -2398656 7428112
-2629596768000393469 1370528 -1303124 7020272
-2629596728702942210 -1456523 5004 7438320
-2629596717665583520 -2033350 -1435665 7444000
3691535701040750227 -785830 -3089703 7026672
3691535745676067979 -254462 -2628190 7646384
3691535789618448889 -1348201 -2275273 7813120
3691535803734804526 268745 -3150837 7061424
3691535864383085224 -2009488 2109078 7511712
3691535918166954597 569788 386175 7242544
3691535938374803902 61124 -606811 7143888
3691535994878435845 1993178 -230705 7092208
3691536041046706196 -582207 1647111 7419280
3691536042592971781 2484339 -1022295 7098720
3691536100022491203 -2325628 -171943 7252720
3691536176330418444 -2997777 -500718 7579200
3691536226947726523 -1097622 1444746 7238624
3691536236395644155 -829621 -1993340 7715344
3691536269353887093 1464117 1765871 7204144
3691536271525561288 -227259 856550 7004368
1273877785466264095 -1314487 -2395128 7490016
1273877786357270006 -2700694 1059109 7016080
1273877807746492661 -1554778 897707 7049872
1273877808235587878 -2609094 -1753308 7236688
1273877874104039552 -1179214 930835 7289776
1273877879628542472 -2752358 2167914 7368240
1273877883436537785 138912 1298399 7378992
1273877962665600448 -18338 -1647882 7030704
1273877991084327118 2404728 263673 7182400
1273877993678410799 1727772 -838493 7395904
1273878029156387844 -3244138 -1649904 7018880
1273878094155171204 2675157 -96420 7166256
1273878095393434657 -2379605 921614 7389376
1273878243756265630 -2182089 -2035462 7002928
1273878258530799846 1959339 1590653 7103248
1273878268119506976 264469 -2669753 7061408
1273878370739886944 -1935994 -2246428 7249536
6580682203073485889 732886 1260452 7267984
6580682303635421568 -2931662 -194651 7162048
6580682377027669654 1620332 254010 7157168
6580682445561279855 -889557 -3266870 7331056
6580682554194726192 -1062621 1524379 7237920
6580682729807385762 2376637 561699 7404448
-6977199685671799162 347869 1779539 7121808
-6977199681431243372 697671 2013138 7090592
-6977199679037856715 2349953 -651900 7126448
-6977199636904605112 1078843 725637 7071488
-6977199629534991292 -50511 -1432669 7321712
-6977199547682123807 1068220 -333741 7091536
-6977199522499802358 -777338 753845 7239760
-6977199495737485952 -396650 2605948 7056288
-6977199440166059215 -3041961 -1117140 7259840
-6977199437852292535 -1416027 1978828 7169040
-6977199360465241280 -401640 -2800366 7023904
-6977199300605985790 -1534475 -1852085 7761632
-6977199240172220816 -888855 539700 7120768
-6977199239614724274 -2760780 -895794 7401184
-6977199139991960455 -1568915 1881154 7156608
-6977199086952586869 -3488871 -2983053 7022256
-6977199085813993299 96647 1701999 7315296
1794427678712058770 -1897384 -2316267 7356096
1794427683833872628 -1611264 135603 7076256
1794427698089739354 -2755881 -1377798 7148544
1794427721144533216 1008716 -1548130 7126864
1794427722377969659 1918652 306819 7085360
1794427855325730452 -1374505 -3081914 7046576
1794427869441754703 1761087 -3024833 7840992
1794427950876635656 2272096 -3144473 7330208
1794427965323238226 -1167147 -1186353 7079152
1794427996086753706 1740298 1563652 7224976
1794428004959779405 -2184781 1233050 7334016
1794428105287849030 1144646 -12585 7265408
1794428138976927282 1746558 1084461 7085856
1794428261683254974 -395884 -692351 7360160
-2389168120514260504 -1835459 -985503 7072160
-2389168076774453728 1815353 1177768 7445664
-2389168011835529098 2761811 -374431 7048112
-2389167966839864574 762136 -1900050 7488976
-2389167950091305464 -3047591 -2850202 7132608
-2389167904912630251 2418723 750864 7618016
-2389167889790216840 -1743351 597898 7140464
-2389167871289839066 -2310231 272470 7119072
-2389167829015720149 -559051 -1237935 7461328
-2389167810316144578 -839510 -1596398 7283392
-2389167708965212323 1016036 1327931 7121872
-2389167687649770606 -835473 222806 7505120
-2389167679237729563 -192383 1277053 7581216
-2389167665896933616 -3053357 -2490669 7147248
-2389167656249270624 337720 214534 7495888
-2389167578729654256 2217183 -2361917 7554912
-2389167533694827717 2810208 -3250883 7077760
-2389167484347958795 -166752 -706216 7370976
1021574343327014814 -1686671 -545546 7170048
1021574372447257384 2066661 -1571813 7463120
1021574383936400050 730506 1314791 7223744
1021574388022123963 -2769570 -986991 7117680
1021574485124285750 -1313982 -3052193 7119424
1021574524612282036 -404813 1134736 7018176
1021574570914640943 -1255388 -3044907 7156512
1021574582109997766 2247909 -2862553 7031920
1021574679144805713 -1392282 1320725 7367680
1021574711480561911 1109702 -2387380 7295488
1021574739140325598 -3443731 145193 7069888
1021574790276772292 535011 746346 7110768
1021574881062047525 -529305 -2136689 7525696
1021574890455847765 939627 1227072 7024160
1021574893051099494 651077 807222 7303344
1021574975221229275 -3003861 -2983880 7408960
1021574996456488487 1361699 -347608 7643968
1021575024921091492 1503379 -2702606 7018976
4008839826802449257 533108 -2745300 7079200
4008839935271003013 460620 1738114 7082512
4008839940559871208 1636393 -2671186 7490576
4008839954947615543 -2870799 -2094013 7061920
4008839957536508911 -3073493 -1861912 7085456
4008839986760213188 -1264368 2313702 7065136
4008840063350175417 -1019782 1904032 7501264
4008840092857599058 -2377401 1101458 7359904
4008840132940146488 2648144 543966 7107952
4008840185209205419 1926518 688557 7360784
4008840210471156736 -2217802 -1161501 7056432
4008840225494641924 2546687 -1358450 7054656
4008840236204420484 2211832 -664746 7081088
4008840285363956671 -1550442 -955073 7939376
4008840297554948660 -744181 808976 7093888
4008840314873475981 2384492 -2202494 7549376
4008840316065176155 2058138 -1253159 7331104
4008840396300484303 -1587490 -2794766 7222128
4008840446476812058 -933386 -3304032 7259872
4008840465281815805 759146 -2645687 7185520
3867970803428914444 1182100 -3218203 7304352
3867970812404198301 -2279184 762279 7030768
3867970851707758030 -2524941 -331710 7032160
3867970865276448360 -2241532 -2597406 7207344
3867970882423304495 -1504705 398612 7105024
3867970915101251010 1918653 977097 7170032
3867970937125109745 -278018 489594 7166080
3867971023160216732 -2588714 -2426913 7236320
3867971037708407629 -3105801 -2315358 7332448
3867971065646282425 -946804 653529 7243824
3867971122208051241 1511629 -1771749 7031632
3867971164573868661 -981227 -478817 8286848
3867971176081742641 -1862419 -254533 7194528
3867971243965265128 2035902 -2612882 7401392
3867971317033531176 -3600856 -3040233 7193760
3867971328374217712 -329156 -1081800 7104176
3867971436899606663 1425462 1150510 7164992
474646560786397701 -1990814 -247098 7300592
474646569001577090 -2528635 1158616 7161216
474646591790409011 -333751 -2476267 7046960
474646592113895971 -887089 -49045 7618736
474646598750116960 375377 1731406 7137440
474646672702559873 2371447 -1493180 7075680
474646820584299584 616367 2103612 7358688
474647063117143655 2707179 -2689841 7079664
474647095211408943 -1204581 -1734807 7028608
474647126742680526 692958 1117370 7123888
474647147077855434 -204536 -131351 7065440
474647179142452125 -366478 -1991672 7306768
474647213070802717 1702119 -817593 7056784
8485712982297682864 -417013 -1651522 7174896
8485712984501272848 419684 1117817 7138640
8485713057255715910 -286833 -2831507 7018464
8485713121528035581 1353006 -2314841 7008128
8485713334246995809 -2704458 1620098 7411808
8485713424092921380 2079535 -1113608 7144320
8485713440868245660 868520 1522225 7486496
8485713465080053705 1391583 1758166 7300560
8485713488450086231 973279 -1578006 7394624
8485713539043614239 1342902 1136665 7274912
8485713613923632060 -2105113 -3005756 7347392
8485713647889372404 974788 -1476885 7609312
8485713652546657168 1172547 141720 7021664
-3720404345125788821 -1338773 -2895772 7406928
-3720404332643338818 -2954944 -661290 7073488
-3720404319566804877 -645737 -1951431 7432384
-3720404307135724955 -2930866 16450 7032896
-3720404302851177861 -654000 -515911 7027376
-3720404264279018196 -620439 2178244 7171328
-3720404239433429501 -855640 -536702 7093952
-3720404194423386741 542188 2301761 7330592
-3720404139516396723 -1467773 -2410717 7034224
-3720404080291200593 2544370 -558494 7417616
-3720404020666832039 -3194399 1187477 7284608
-3720403958472596994 -3066244 440727 7096880
-3720403901042296900 2524574 -412194 7581424
-3720403892790640784 -2355405 112698 7020384
-3720403866841609189 -1357543 -2185317 7215136
-3720403848904706847 -1682491 1107247 7705088
-3720403795537629709 968734 -2609805 7406320
-3720403734342549117 1225275 -1321903 7061440
-3720403651846810061 -1848778 -1376001 7047968
-3720403636940447544 -695257 -3209492 7015264
-7903033286193755044 -558090 -2902584 7297360
-7903033206501913104 1067834 -648844 7182480
-7903033178159662258 -53480 1415629 7054960
-7903033158465791969 2100605 -380917 7309424
-7903033125720485443 -1959650 611867 7156160
-7903033118491030811 -2405317 -125373 7217520
-7903033105425140896 145724 1474053 7043456
-7903033069401701627 1501717 -3321278 7435408
-7903032944923212441 -2483654 -3161708 7339856
-7903032882912552519 -2282754 802913 7075776
-7903032853354961186 -3156673 -209241 7207856
-7903032823267546668 968984 -258827 7205888
-7903032742958745193 2842931 -1571328 7065232
1487015287594355996 -3409912 1152851 7066240
1487015333628960539 1659205 -2021336 7169856
1487015431920555761 -2227916 -3128035 7206880
1487015438588807017 121059 1072152 7028496
1487015470379359112 -918027 -1957760 7001072
1487015605848224106 2224752 -2854476 7016128
1487015622189213768 1551946 -307361 7547152
1487015689934840331 -609921 -7619 7352528
1487015738419482700 -2419434 609770 7624560
1487015828579508416 -1831185 -3280723 7251888
-1847181969487529567 175518 -1799059 7035296
-1847181899421419931 2418093 -449650 7810592
-1847181782849266385 -768943 -1897491 7533168
-1847181745148663570 1370054 -220700 7182160
-1847181729048080601 -2464878 1871727 7354608
-1847181568092523017 -1908630 -472883 7284208
-1847181490911898939 1265203 1613897 7525168
-1847181483980558942 -31460 2303335 7845888
-1847181468450959658 -3251153 54024 7231264
-1847181458353671255 -2887298 -2231123 7100112
-1847181432111567157 2567896 1178312 7154448
-1847181430630699426 408476 2014921 7050480
-1847181425249565743 -2449761 -1861539 7043936
-1847181392659509710 -241751 -1195828 7486720
-1847181380674432114 25981 -3603286 7116128
4210106358067959439 1272880 1286493 7016816
4210106514672938313 1895760 -767773 7264160
4210106515997779251 1622945 1874989 8002672
4210106571424238963 1616159 -3285918 7000000
4210106584105404165 -1811158 -1706988 7289632
4210106618768449551 453496 -2313099 7234352
4210106619115755010 -3207852 -3239716 7119056
4210106623467486911 -3316967 740239 7284128
4210106718703707021 1785242 -916285 7066288
4210106739739064160 -1966020 -445675 7162416
4210106847648057056 -3301512 480885 7179056
4210106926776615967 -422650 1169211 7750832
4210106982787928375 1615213 -966779 7766848
4210106987819831696 -872976 109070 7168160
-6649477010721196562 1646836 -668601 7682688
-6649476980657360512 -2602624 -2367129 7313424
-6649476937125390031 -157029 -1719530 7546144
-6649476875273372023 202270 -2205270 7274128
-6649476865588101048 -3089701 -1531709 7063824
-6649476838235914620 -451084 225608 7214240
-6649476828303032930 2754315 -2828302 7435504
-6649476821232100080 1420768 -1616783 7807888
-6649476763078252789 2256976 1327497 7220800
-6649476759399636391 -2641063 -1139929 7100288
-6649476710028818182 -1209547 -2676483 7061088
-6649476686482620241 -2000794 -2358060 7349632
-6649476680759062623 322093 -1928318 7157152
-6649476674676539734 -1048631 -1820793 7005296
-6649476639704552491 -2409380 -597296 7502192
-6649476617228886754 731008 -2263320 7358976
-6649476578940083900 694458 -2141504 7157216
-6649476537196969492 -2562469 1560080 7296144
-6649476511934186751 -2516556 -3240183 7399552
-6649476506410443172 -2815808 -809465 7367888
-6649476497041878107 2575230 -397311 7028848
-6649476419569883395 -1718903 2040410 7023136
-6649476373816903250 -570141 1003551 7135648
-781809404452482442 1239365 1397422 7340832
-781809222935549741 -303094 1168471 7010016
-781809179688847503 -2250603 -113625 7052944
-781809106177443785 2055379 1480819 7456368
-781809034308997284 2558713 -2841558 7021008
-781808989689746085 480767 -57738 7154864
-781808983678398825 2457572 1884631 7073920
-781808980419681644 583694 -144288 7380736
-781808818783842740 -990380 1380549 7037216
-781808794491793531 -2453303 -1173091 7596784
-781808750924466686 563969 2334213 7071040
-5890037475904157527 -3363422 -570292 7039232
-5890037468166886143 -1732354 -2045735 7692832
-5890037377502860135 -173978 -2450225 7008096
-5890037362891061247 -644688 -2240277 7302736
-5890037265632269925 2467080 -2839560 7113904
-5890037256159028803 -2192652 -937254 7019040
-5890037233874954344 1574264 -2388192 7549920
-5890037214429965219 1427606 -1558141 7656416
-5890037173660563785 -2527121 2331926 7319072
-5890037163467578604 658914 1865019 7155968
-5890037121192076948 -1659170 -801372 7871600
-5890037097272765569 2317185 808514 7023184
-5890037067682247309 479517 -1330104 7099312
-5890036991841467931 1641623 -1999557 7298304
-5890036963837973435 -1423470 -2582965 7050400
-6626446501733125314 -3242052 2549699 7573312
-6626446447844675894 -230975 -2103673 7338144
-6626446389751974402 -57663 -953127 7401472
-6626446150336631556 -2665660 -1268627 7077472
-6626446130985987248 1522949 -3559635 7356944
-6626445893103607943 -1065018 -3082794 7773408
-6626445893271069237 -903979 1333301 7394176
-6626445875722629525 -1806952 907909 7025184
-6626445871015640718 -1283359 -1057006 7643328
7018112476471123387 2091889 -1233547 7096560
7018112513896169828 2269368 -1538988 7349680
7018112616380557111 -2719550 2027240 7010368
7018112684894056081 2515945 -999223 7250112
7018112707360708559 2370169 458529 7474624
7018112748721103376 771920 -2114991 7225072
7018112759567523994 1885190 -1015258 7035664
7018112805924582103 -308489 -85767 7007968
7018112838517907469 -2677264 1445611 7120656
7018112843550611470 880371 1604708 7869824
7018112852776493392 -3270873 983722 7031712
7018112953225636976 -2573315 917639 7302704
7018112961314430290 381285 -284583 7446528
-6409092853690144117 1852073 1166707 7832560
-6409092797984722551 -1352690 -154339 7172112
-6409092795841084868 1929906 1173257 7144208
-6409092705827996834 1498998 -1549663 7125952
-6409092703746718505 -115228 2546875 7357712
-6409092641895614372 1396459 1069197 7518304
-6409092626711261329 -22127 -970416 7119984
-6409092622808785936 -579627 -3005163 7166432
-6409092606150364105 1341676 910061 7109664
-6409092551175925477 -3183480 -953788 7433888
-6409092488323292029 59098 524100 7359776
-6409092469188960200 -185766 -2013079 7007424
-6409092414259602178 417937 -1672843 7215488
-6409092330577366812 116468 1630424 7255616
-6409092284614337009 -745224 -3468437 7173968
-5034923167155824302 -3225057 245205 7857200
-5034923137036864676 2627851 1148205 7095168
-5034922993947840281 -259991 -3081447 7112112
-5034922972085249713 418896 -2892642 7304208
-5034922933815982432 -1536623 2233623 7163376
-5034922925465710363 -1835436 2413700 7023152
-5034922854820118358 -1102633 -2268150 7059104
-5034922720674480256 1963456 936828 7453392
-5034922634835990805 2504272 1010766 7227168
-5034922629331314341 -755953 923958 7526864
-5034922608066977422 -2816895 -2446393 7019920
-5034922605798021461 -3255608 -620378 7023536
2124184196835518630 1847365 1560556 7436656
-2124184072022501919 -2247229 474048 7363264
-2124184020072812286 1895634 -24121 7460832
-2124183906629272250 816045 2346760 7883712
-2124183903694305781 -3086564 -3364665 7040864
-2124183881886000595 -346050 1025537 7402384
-2124183742680340159 -323968 1957789 7046496
-2124183667262594329 1287665 879266 7003056
-2124183664786719430 -632761 1044031 7268544
-2124183622210403419 973377 67628 7200688
-6353175787536086579 48826 50730 7023472
-6353175626149571977 -2803850 -2934432 7070560
-6353175545036168200 -114264 -846285 7660528
-6353175506911466190 -2654264 -2101066 7371760
-6353175479463953277 -678243 -451284 7038064
-6353175451565145451 112964 175214 7145280
-6353175446672614821 -3250386 -3437055 7425168
-6353175341314792840 -2186181 1104688 7203936
-6353175322498508700 -1056594 1572894 7549904
-6353175237201273485 1696784 837807 7050416
-6353175224559421554 -2288573 -2974246 7366128
-6353175220310695188 -2573311 -3143293 7221376
5798921138381313078 36329 1311060 7152352
5798921172452155131 -1312274 -2826950 7071376
5798921173134870135 -1282466 -3320206 7397120
5798921201429418701 -1734075 -1911975 7207472
5798921242928482358 -1200489 1238040 7194960
5798921273857446091 -421487 -1268439 7037600
5798921298598462886 -2692662 -103684 7470944
5798921317998074065 -3136547 1795243 7092304
5798921359301546654 193361 -3267420 7293728
5798921360745609633 -3391506 1473914 7458416
5798921448267551363 -2311827 -183476 7127792
5798921526513718031 -2778744 -1813490 7437536
5798921617724318230 1260426 1801992 7513360
5798921629056123331 1272221 -3492231 7359872
5798921659221434594 95641 961546 7650592
5798921672380540291 2252244 1034660 7262832
5798921726189442649 884215 -3461303 7335984
5798921801052851384 242783 2262482 7955200
5798921817295152545 -796002 -2327348 7011440
5798921843871348729 -2950528 461617 7802304
-6544178863680313347 -757235 -3551807 7154896
-6544178786604899408 2755113 -1479843 7363632
-6544178684748873963 -2970517 -3055205 7475232
3655512666122825071 122481 -2025858 7070352
3655512674927976611 -2266710 1618053 7122048
3655512707716603640 -1435044 628801 7242688
6333584766757094429 2168184 296321 7581456
6333584768404180628 -1073872 2027919 7320432
6333584784063642468 1036236 -224594 7218912
6333584819555089302 -2269404 -855498 7057120
6333584869617070698 -1617941 566460 7157024
6333584909083776821 -1819889 -2726072 7107136
6333584921229766038 -719890 1950196 7033216
6333584951240918616 -1147471 -419359 7168256
-5310353362123950636 -3106116 -834396 7123216
-5310353240774565830 -3296418 -1179339 7068944
4204856286248018881 752524 -426081 7211280
4204856312818375255 286190 1842395 7001792
4204856350576165777 -2654838 2509148 7076576
4204856365417222941 -1081704 -2988094 7492752
4204856368354740669 -2964405 915781 7490256
4204856447547798443 -275023 2005101 7211968
4204856499154029813 620958 -1681606 7181904
-5905023520197677624 -101769 -663343 7224944
-5905023503241864389 1412158 -1669414 7033840
-5905023432956078235 2308115 -1878232 7104032
1618033999546451527 102643 393385 7063520
1618034021637854447 -2244551 -63298 7116448
1618034045032061336 425266 -2128062 7286336
-4823791924464207165 2176930 1296308 7154368
-4823791873671489258 -2347724 1684503 7192576
-4823791810039050327 310828 1985294 7016736
-4823791807281907868 -1839285 519488 7299600
-4823791794192269045 -862227 1142660 7021760
-4823791697532603950 -1222886 -2018837 7237472
-4823791690757655997 -2033293 -3042368 7141152
-4823791679491713823 2117857 432606 7005200
-4823791627849584530 568912 -2003269 7205648
-4823791621738797844 2182382 14053 7069072
-4823791437855279845 -819541 -1244163 7314736
-4823791391971341990 352169 -1503004 7015200
-4823791359013597080 912676 441300 7010368
-4823791345980163718 878515 972611 7045904
-4823791337675544853 298348 -2378930 7655872
-4823791238890808571 2032537 -2237856 7134384
-4823791146493537004 -1761619 856214 7207312
-4823791121859430295 -2634345 -508402 7153152
-4823791015050876710 -558722 237556 7270992
-4823790977531003589 -3325766 -2271889 7254192
-3041721901442518673 -1161392 350232 7835264
-3041721830043710661 -1807381 -28553 7010176
-3041721785190103642 1852642 -1772530 7057936
-3041721744456926625 -2577184 -1219200 7072320
-3041721716255312369 675658 -2153195 7433712
-3041721696180846264 12654 -985883 7136528
-3041721676511927108 -2071515 -822106 7460544
-3041721574327712374 1648849 -761495 7041936
-3041721532352233642 1930614 -37912 7123024
-3041721523208334201 406094 -777034 7445440
-3041721506878929489 -287307 -2513474 7711120
-3041721503953708863 -1405536 -2092722 7286528
-3041721460211538031 -115788 1653649 7062624
-3041721275049728151 3017917 1520215 7079104
-3041721270201831232 -2844302 -343703 7495904
-3041721264774136621 1194740 438224 7678464
-3041721236509296100 -2922234 1073410 7020160
-3041721185782893416 -2291161 -2531669 7728912
-3041721173775729148 2826513 -1600104 7317824
-3041721146776766375 -3017798 999534 7343760
-3041721138228024476 -2118433 403250 7818336
-3041721102119265344 -2144109 -3413971 7009328
-3041721075254399704 -527176 -2060925 7022304
-3041721049403371068 1866372 -1605257 7719632
-3041720945804705846 1959297 -457825 7156256
-3041720929446007998 1492641 -3103554 7147104
6506597200852734419 897548 -47355 7172736
6506597204560452884 -2274632 2407272 7018912
6506597265926280961 -52518 926937 7269680
6506597275845468301 -1504137 -2976323 7518064
6506597306304149487 -3611406 2356569 7507888
6506597458777183908 -583315 -2260142 7195584
6506597501266424537 845507 466733 7272048
6506597515392946023 2195638 -2994841 7110576
6506597543206289112 1955715 -2532020 7604032
6506597580989360365 -1235094 613658 7012080
6506597582218789455 -2139095 -1614528 8012512
6506597594422401823 -1973360 885280 7077632
6506597600239786925 -1827531 -951455 7033264
6506597712277264320 -1937266 -1745207 7281648
6506597715621949095 -515588 -1117770 7451024
6506597801895765755 -3060232 2268031 7184880
6506597802908938037 1514301 1615507 7134672
6506597819132180271 -1876016 1379501 7126400
6506597999739740139 -3278203 2053631 7002592
6506597999899054723 1901823 1579975 7016128
6506597999797334444 -868440 1831760 7019856
6506598073820066531 2228890 -2782142 7274960
4971111792254209575 -1480445 1096095 7342272
4971111803517798426 1786762 -1405527 8054528
4971111834355835967 -1495105 247022 7106928
4971111836423476268 -1730399 -2871902 7495344
4971111836851854918 166713 -1576868 7089776
4971111870890686783 -996220 1591190 7029344
4971111910081448672 -3084838 -1287785 7308144
4971111924642317546 -2682974 1634080 7148064
4971111985370799817 -1857152 -1247819 7070240
4971111987437987529 -161875 196412 7075456
4971112071713747996 2473116 1757496 7205216
4971112071536933941 -2859110 -2646107 7414896
4971112094664769880 -1404898 1762433 7065776
4971112117802681400 723159 -1064816 7093296
4971112132764184024 770322 -328733 8141456
4971112206030691447 -3023637 -2600849 7595248
4971112212883426211 -1894763 -2127254 7125248
4971112290604724345 2329551 -3202564 7322048
4971112304105785883 1446937 246562 7039952
4971112335946297663 1071283 -682453 7079184
4971112345464340812 -3486019 -2370013 7506112
4971112357247017731 -1153209 -2753310 7453024
4971112360303629311 1699904 -1579116 7059680
4971112575434668623 1920252 504172 7214080
4971112596447481482 -1849298 -2375652 7182864
4971112731801657455 -832867 -2371932 7126208
1260780146342447904 -1408381 1494393 7175360
1260780185938167816 11080 1818698 7017520
1260780203185123915 -2802897 -57146 7127456
1260780206460928109 701701 -2802088 7057888
1260780223244645470 -406235 1173949 7467712
1260780224785069819 2165126 -3188152 7359264
1260780240309700627 52408 -1985110 7724320
1260780270940398449 123088 458368 7175792
1260780390120565922 -399139 -752780 7024912
1260780781829124825 -112228 2071382 7108992
1260780787354431133 -303624 -41984 7587072
1260780800221004191 -2023957 -2063207 7416368
1260780825049150462 -931159 333895 7239344
1260780876292238547 1715124 -1311270 7028672
1260780925655344582 -3061604 -1297141 7178560
1260780954140698376 -500204 -488574 7203504
1260781083505681721 1954588 -515982 7031968
1260781095840565043 1071681 -349189 7349184
-4295357044335018248 -1285809 1361089 7176496
-4295356999206421537 -1455154 1353472 7246080
-4295356988727371713 2398379 -1806719 7178640
-4295356971935594119 1983054 -961992 7374976
-4295356910689012488 -2903759 -1886786 7224656
-4295356873062573691 2473750 1747928 7000912
-4295356864548530666 -2497850 -3483277 7143136
-4295356824009798218 -1761044 1774909 7749024
-4295356783362882432 -2849424 -2234672 7495504
-4295356685182284197 1909075 -1823197 7181872
-4295356622644788864 2650374 -2450942 7031472
-4295356613149775505 -3092049 -1814916 7075744
-4295356610858694918 -339827 -2904754 7150864
-4295356563425193603 579287 -1473205 7025712
-4295356489965624848 -1836603 1086729 7008960
-4295356420560444728 -846792 797899 7596880
-4295356326960933612 -3206372 -401821 7016000
-4295356289872982723 -2225061 -466243 7268016
-4295356242817830801 2007632 -2475210 7718112
-4295356155285336764 1313994 -2655483 7082688
-4295356122991046279 -603310 -1163953 7003680
-4295356076948277858 1572298 371625 7515536
-4295356052705914829 -1089319 -607501 7185248
7830840096383595255 -409812 -807147 7765872
7830840186209529750 -3190764 -382372 7058128
7830840186572183623 -811888 -1645520 7104832
7830840207455542492 -2893047 -1443387 7177072
7830840213698057649 -3213108 -1788979 7039696
7830840225784199676 -1484944 2177567 7074944
7830840266054492438 259229 -2110563 7188944
7830840333767975020 1796034 1402158 8161184
7830840407328394058 1920288 -1377877 7186208
7830840453315453768 -1631739 -1125168 7933104
7830840453181097248 -3084068 212967 7644896
7830840503114236281 2271906 15847 7015040
1618034119370150278 -2763459 -639336 7732112
1618034140782021388 1802489 -2823311 7438720
1618034213758869665 -128732 -1725861 7191856
1618034290733190602 2221747 99098 7137152
1618034301161693164 -2717857 -2424883 7428752
1618034375744336268 -1607556 -1429856 7291152
1618034425953614914 1041880 -1117137 7029824
1618034528949936991 -3300841 -1987600 7112704
1618034678849872035 -2942974 -863956 8042032
1618034754590820260 -411952 -1926982 7113344
1618034756629070759 -940969 1740995 7058000
1618034759121589217 1007517 1282817 7221424
1618034776128766264 -2570345 -243185 7549024
1618034884128390366 -2841206 697599 7020160
1618034890908339935 -1086539 877179 7181424
1618034920690634569 -1184214 -1132970 7053296
1618034953500386122 -1049670 -2208597 7143712
1618034988698984419 2369243 -745311 7214144
1618035001033885630 -3275580 1863551 7369824
1618035005444867910 12229 882428 7241184
1618035056324253484 1269312 -1414463 7857008
1618035164609432345 -916969 2025160 7016016
1618035195446035025 1991783 -1245381 7085824
-9209003775802475286 -1661309 -2751910 7308864
-9209003691269226276 2346410 -1182678 7252880
-9209003657775581069 794052 -1718076 7270480
-9209003464975055036 -3432628 707636 7216432
-9209003358862837864 -2872897 211977 7052992
-9209003309147288651 -2475200 -3271664 7408784
-9209003237344021824 1054950 -69822 7418928
-9209003224705856929 -474702 -2147261 7332544
-9209003205425922016 1792030 1482782 7428224
-9209003153002521225 -1983335 -1591044 7228320
-9209003147105437151 1660456 -3125038 7017408
-9209003100875695429 -2533887 1567027 7164512
-9209003089199608069 -2882866 -1707704 8259744
-9209003087286307994 -1794256 2464075 7609440
-9209003060541263303 122609 -1006360 7233712
-9209003043301289874 -3130079 -1326321 7026512
-9209002994907915626 2515777 -1005942 7225072
-9209002994944576585 -1318487 -1952697 7217056
-9209002982308244850 -1391591 1876903 7211856
-9209002968788550129 2055286 1545766 7126384
-9209002954829260853 1958864 -146075 7641088
-9209002950358538299 -2001410 1469233 7087488
-9209002946473471466 -624078 1997944 7692352
-9209002933928366281 -160111 696166 7101040
-9209002851178693686 1102006 -2595854 7080736
-9209002824387821380 2070715 -1136979 7425488
-9209002810355446903 -1008093 -2623709 7117344
-9209002647950747713 -1963972 -3284872 7371456
-9209002621820106280 -3188562 -764753 7406272
-9209002577818173215 145067 -3057528 7407728
-9209002563117875345 -1452086 -1517653 7345856
-9209002562632457185 865459 -2503610 7340240
-9209002478161133277 464228 -613641 7468512
-9209002439125763120 1275055 1446934 7017712
-9209002392932309559 -1023147 -2935699 7409056
-9209002350571727746 2024445 -1277253 7468800
-9209002304689819048 -2358356 2324462 7002464
-9209002237081102874 2331609 1752355 7198672
3968582802980684654 1252233 -2732236 7320608
3968582899450826290 1407413 583766 7101712
3968582997172835265 -3563463 636117 7513232
3968583000009930353 -916290 -841695 7298288
3968583207551461642 1847449 -2405655 7053184
3968583444032995147 -2070067 1447425 7505392
3968583474398403539 -2284921 -2982704 7267760
3968583476354915098 777482 982070 7586480
3968583583975279272 -3064679 -2143134 7058704
3968583614091494217 2594805 -135956 7390672
3968583621509314910 -2966489 1635620 7228768
3968583626873180412 -1356400 -2302866 7079904
3968583639313166460 2244939 -1485937 7250384
3968583739869094028 287138 1734 7087952
3968583804047709669 735840 574235 7286528
3968583815418923527 1406871 -2219622 7044784
3968583834593808929 -363982 -1046319 7031360
3968583918027373791 600664 944140 7129872
3968583925605615733 -69789 250722 7377920
3968583927396609861 -2096631 -165509 7154448
3968583991922933342 -3565333 1982379 7431024
3968583996501998054 1037187 -3141261 7019392
3968584007933310444 1229844 648727 7012080
3968584016727805204 442920 -50705 7519616
3968584053346117646 -1468183 -2763121 7142288
3968584170995401041 -1647980 -1984448 7198048
3968584171241216369 1457129 956326 7531808
3968584176907070151 471702 1798677 7020400
3968584221336785587 -2646221 -2912336 7107472
3968584228730411213 -390043 -2352852 7266000
3968584233213932408 -2285317 -2888842 7516640
3968584276595945102 -266594 -2965937 7378464
790427222393850340 -2231001 -2506136 7220944
790427241068339062 1597722 1963527 7032832
790427386409702792 1674045 765713 8027840
790427443859887190 1573675 -684894 7215424
790427467475297765 -33553 -242871 7145280
790427468022997119 -2135217 328588 7329456
790427528208663385 215709 -2371076 7096816
790427557721018064 1109790 -1346073 7363936
790427626343502564 -1294272 -223348 7131904
790427783295324159 -2648283 1461045 7533344
790427785915187352 -1284588 2321675 7731056
790427827192697044 1583782 -195713 7080544
790427865164310794 2324051 -2459089 7352208
790427890094864657 -2823389 1952277 7111952
790427906604402630 -424151 -693710 7015024
790427910162224543 1024351 -3318797 7004848
790428054894499418 -52144 -3179649 7164752
790428117506573240 6921 -1511181 7800048
790428151977429009 -2658068 32613 7223056
790428208114808296 -135364 -1335702 7184416
790428235673736350 2226804 -1192307 7255776
790428240436281004 870112 -799861 7327200
790428326321230097 2593856 -2488912 7242832
790428345085657769 798387 -1485936 7151264
790428350031481956 464269 -565684 7299120
790428373646929828 -2914511 1426560 7652224
790428421523601675 881727 1174231 7098512
263862648385353075 1402215 1989084 7227024
263862655042830431 2307504 -1420845 7702400
263862785316855400 -3530515 -2161119 7003136
263862785922698667 2328744 1483297 7478320
263862906876845453 2549991 -2232809 7209888
263862926523642297 -2043384 -703045 7060688
263862928586822812 -341805 -704329 7048960
263862929284610817 -268385 -161330 7126624
263862980107340499 1524617 -2648932 7098224
263862985355332575 2495107 560483 7533776
263863069010672693 -2978980 1313096 8060528
263863176911763474 1545541 684835 7019248
263863210536596535 1662581 -1399182 7102128
263863240600533117 -811996 -2736794 7004960
263863359096022597 -1199470 -3201786 7320400
263863416876688791 2020690 639936 7195760
263863428234082781 913748 924030 7346592
263863453026026699 -1155347 507959 7360208
263863605979072493 110385 -628066 7052016
263863639369432772 -590330 1035759 7086544
263863752550547337 -944346 -23624 7296864
263863773774990153 -2758243 1629199 7291248
263863793590859539 1036974 -1350266 7011344
263863867472433608 -3092390 -149122 7457488
263863896748011316 -1622830 -2170955 7004800
263863941912930962 -3138062 -2293760 7182464
263863967609800822 2297071 -1455679 7188160
263863970856580391 -2307276 -183990 7539920
314601845431722933 -2924997 -2854433 7016928
314601850617027238 -1130482 -837595 7382272
314601855135307076 -1577298 -2825891 7088176
314601879724645138 -1025015 -2659429 7351136
314601921575350837 2087298 -780628 7198192
314601937839147818 -1203630 2021921 7415856
314602034169760564 -97317 -1790337 7030704
314602094393170006 2141926 1031220 7609360
314602157206202481 376529 -1894355 8333456
314602183973798450 105147 -456598 7061488
314602192116585461 -42460 2026051 7129296
314602463588939271 -681330 -1553285 7304640
314602619067210230 1828433 -517693 7064048
314602715136859266 1182590 -736086 7206624
314602723251380354 1239509 1564393 7410384
314602777159662721 2315511 228205 7056464
314602813878753682 581218 -2083269 7587728
314602863321573486 2309476 1614967 7183936
314602865570596560 1957076 155966 7455808
314602895884959963 2202183 -228287 7449360
314602908487188299 1774438 -2624918 7007584
314603048754064194 1772191 188105 7025376
314603111662103628 1826593 -95076 7236512
314603132863212556 -2065541 1462826 7199248
314603155698918977 2243657 -2777884 7431376
314603162375571637 62326 -3005133 7005472
314603176655894200 1697410 1482310 7322656
314603198537151416 1444411 -2836037 7087216
579029662046925217 -1039121 -58568 7189712
579029683354297697 -2680748 553502 7036336
579029692481860236 1169776 -771349 7004352
579029738425199241 -1712552 -468702 7161904
579029743103049156 -1220666 846225 7018784
579029866217056238 1283067 750325 7258176
579030112285242765 1830987 -969348 7065008
579030201119497797 2026541 -2852526 7082976
579030204459790272 451298 2048242 7052144
579030230541922206 -1053610 -2941408 7236368
579030313630788661 676354 -633657 7164416
579030332617539613 1514232 -2479522 7446336
579030356076703563 1687929 1175140 7126080
579030396529714127 757527 -1245753 7118848
579030413788505224 -1557396 -977377 7120400
579030491002568131 -3118589 -2185968 7604864
579030496436774475 -2909902 2314457 7190672
-6065125995566052774 655012 873726 7469680
-6065125977246909709 -2799289 1777267 7754768
-6065125957884709852 -161218 -2728492 7013056
-6065125911949440900 -1918802 -1329679 7014800
-6065125903260950366 1836928 1277223 7319264
-6065125814880424837 688623 -812543 7167792
-6065125806757560979 2764707 -1451892 7121296
-6065125746695472950 1067805 1501775 7256832
-6065125636191329375 -2335877 -405672 7037008
-6065125629893736470 -368777 -2649042 7261360
-6065125624010582439 -2992753 364804 7029968
-6065125620452728425 505932 -3263542 7745968
-6065125532678332207 1929381 577438 7770160
-6065125472289883932 -1078155 -3013019 7228480
-6065125460722198399 -2279519 372527 8097040
-6065125431229624143 2083323 -2487291 7557872
-6065125405601885080 -1498428 -1178271 7041136
-6065125265855634635 2586002 -3153382 7015488
-6065125228469433489 -1958194 -1659745 7691296
-6065125205920695923 720325 -2502004 7475280
-6065125150509304414 2631540 -555226 7196944
-6065125063338407791 2845897 -1319059 7334512
-6065125012490485133 -1747494 997062 7468656
-6065124995861743653 -1432000 -3090343 7277136
-3792758519306238725 2490252 -830823 7748112
-3792758427261197708 2659557 -2812858 7331232
-3792758382318536657 -3527835 -3134802 7179056
-3792758379820233555 -3318557 -1339902 7014176
-3792758293118772403 -861515 390684 7383616
-3792758289961756276 -1410688 492314 7334352
-3792758231175201079 -839931 -186517 7977040
-3792758189137019290 -2640448 -473193 7229520
-3792758139774561486 2627193 13886 7126176
-3792758138677659563 -2617307 600432 7017120
-3792758018994582421 -2452317 -937869 7621936
-3792757826740788744 -2816081 -894172 7223040
-3792757477910893229 -1775954 -372977 7254240
2705407033922708343 -1590907 1194250 7233712
2705407072927925178 75418 -2189053 7106000
2705407115011205512 812944 -1183170 7473088
2705407244923699460 2231292 377684 7168304
2705407325646185024 719368 -3453508 7011008
2705407410162202495 -299043 493449 7747600
2705407411877299707 -1576398 -1458487 7061504
2705407479010419744 744543 -1226988 7256752
2705407483734719694 1605956 -2471306 7070784
2705407487910450684 310977 -1567430 7237392
2705407534479712909 -532508 -2802813 7279008
2705407535998081223 -2956263 -1842982 7288624
2705407580933990474 -2657031 720699 7287280
2705407640822912345 -906439 2062513 7050320
2705407656413171840 -2816762 -2829448 7101552
2705407714254604108 1484179 735454 7019840
2705407810217612915 1506382 -2992351 7531888
2705407871142526670 -2313027 -2183356 7204432
2705407885962791846 -1835004 624443 7120928
2705407927990073613 2424332 383812 7035088
2705407932680563544 -331860 -1490575 7267936
2705407954384500931 352255 -3217763 7379872
2705408064334009052 -2087488 1940813 7037648
2705408093227296230 -960027 -1814952 7105680
-3479311325431710207 2083391 -3129137 7155072
-3479311283826174066 386545 -1824593 7053248
-3479311254750269644 -1217771 78910 7545008
-3479311013491931365 -2830385 275236 7042576
-3479310924387960105 -615244 -1520376 7420336
-3479310887176511075 -3537502 -685372 7045536
-3479310795986116920 2679139 1285798 7624032
-3479310733298888336 333256 1882061 7218624
-3479310718588275080 -2056672 598315 7331728
-3479310702933767623 902644 -1614562 7033568
-3479310522526184966 -646902 -3591657 7093072
-3479310500933107965 -3348466 -122039 7060768
-3479310499979579686 2513559 -2306282 7376624
-3479310374239286978 2296649 -3103412 7116448
-3479310371831622808 -55983 81234 7052672
-3479310367229075441 -2096380 -1501786 7277184
-3479310350617666854 216209 1610692 7072304
-3479310330043460050 -1734174 -2825122 7040976
8742659297371423830 -3498461 357684 7319968
8742659299952152830 -2991805 2262629 7035120
8742659398082238401 2347296 -2453534 7149136
8742659453754159003 2878415 868725 7238048
8742659492820918513 1283072 -918725 7005376
8742659545853728051 -1805975 -68137 7283424
8742659617567108650 -733984 -1195559 7471952
8742659676587209952 -129595 209168 8041056
8742659685275534587 2338140 -3199893 7605264
8742659791678317688 2330375 1614718 7263056
8742659792892819263 -450465 -1087322 7041456
8742659873696856004 2711470 515691 7441888
8742659889160991185 -188844 -3189483 7003072
8742659906427390405 -451106 1518408 7059264
8742659940831202360 -973959 1677430 7003904
8742659968889757519 -2540570 -1891999 7562480
8742660131956532785 -649142 2258354 7064448
8742660250954493284 170859 1267787 7071600
8742660263787210158 2482480 196763 7251744
5309351834225166314 -884888 1399496 7088992
5309352011429233679 -242602 -3044589 7110848
5309352047548152216 783516 2296423 7549024
5309352104335289720 -1632615 1659559 7483008
5309352117350696347 -2814722 -2567288 7169104
5309352134538878601 -232714 -2820273 7021072
5309352139996999390 1200886 1242949 7464288
5309352265661173629 -2805607 1300095 7144512
5309352446674210073 -500 263817 7142688
5309352553245366770 230642 -1157242 7081200
5309352647215033693 708439 -2499259 7075376
5309352869749800576 -227901 673753 7389024
5309352903634910806 -636179 -766471 7116240
5230645868645605480 237004 -1336738 7113488
5230645901817785501 353852 -3266836 7218304
5230645910354980594 1476374 -1560062 7039168
5230645918396628760 -2026839 -297468 8437136
5230646022699357595 871228 -256230 7042432
5230646038433878966 -2373579 -2250109 7111408
5230646096577859237 -361683 333393 7230448
5230646110421338395 -2108105 -89941 7824400
5230646111603883676 1244419 -2473542 7186464
5230646141548229359 -1091959 -2220907 7177632
5230646144827467439 -271241 -3050558 7062720
5230646232594271250 2478468 1253969 7049600
5230646252894143015 -2466283 -1428950 7151408
5230646263875561959 2557261 473835 7043072
5230646307598250925 -2962837 51973 7038240
5230646310192116118 1203661 -994592 7012064
5230646366786674573 -774893 1323590 7179520
5230646370449394669 -17100 -243854 7440256
5230646459230080828 755337 -1212880 7118592
5230646471139863789 -2241966 -2823640 7479360
5230646527710011253 -3129792 -2134987 7061056
5230646703426079398 -616730 1941264 7001552
5230646730713244245 814455 -1306002 7427936
5230646749622574020 -291618 863642 7085168
5230646857905557820 -3488522 514563 7058048
5230646898270189767 1003401 -546673 7231712
5230646906027824858 1465826 -2920937 7435472
8787806324617789957 836631 -773747 7547616
8787806327971582420 -2546230 925380 7220592
8787806481678879407 -324634 137065 7031840
8787806545773652763 -591829 -795749 7097520
8787806614070259281 2219854 -3149930 7529712
8787806639616504228 -1247104 -2897573 7630064
8787806645929764816 -1543334 -3198603 7019968
8787806721752522917 -2713613 -746531 7174288
8787806769026882518 123098 -1536349 7338624
8787806900440687324 -10121 1630597 7136960
8787806904231870125 -822176 1692972 7133744
8787806958400840431 2273526 -2368062 7184528
8787807004276947302 2139085 -220262 7138800
8787807033887061996 459796 -768450 7599728
196729574116712472 -1968006 -2511713 7425664
196729578218825182 -628211 935482 7737072
196729647408221614 -2544869 -3179981 7017344
196729658325620878 -2974423 1601028 7170448
196729697004422033 1425361 1218530 7945680
196729896602405155 -15223 -966818 7137376
196729899975931163 -1629224 -529141 7549792
196729941710891602 -2022688 -1873755 7092032
196729977952609912 -2403409 2165161 7005360
196730038741168744 -1262778 -2193806 7326800
196730157621582698 -35912 -2931860 7479024
196730188987484810 -209434 -2446648 7113840
196730199017912266 -2575302 -27496 7199248
196730207987341387 104874 723745 7190960
196730262400631441 1404723 -661835 8012704
196730315605009203 -2658889 -1241633 7370160
196730361020124850 1878416 1675679 7713936
196730365372699247 -1022762 -2161816 8089168
196730365688644595 2959364 709902 7145872
-8566185945853906801 -3277011 -2548347 7738512
-8566185781232193800 -3176990 1641993 7047760
-8566185757597283185 -3144761 2033018 7448208
-8566185723123787424 -124309 983441 7801856
-8566185644028170474 -3217866 2111514 7016432
-8566185597219895027 -1136360 -424916 7099520
-8566185535859315431 -2091938 -1301415 7104272
-8566185496576939722 -2513892 2096678 7138576
-8566185391850977479 1033506 -2037691 7205616
-8566185384180828698 -3439759 666613 7330112
-8566185345762884172 -871448 1684609 7081152
-8566185265056286674 -639746 -1690342 7259776
-8566185257128166381 -933495 297243 7820672
-8566185250914915438 1636006 -1760324 7373616
-8283204909169900399 -2305816 -849880 7297584
-8283204887802282658 -158535 1232423 7074208
-8283204862679000602 805526 1581664 7314384
-8283204742080903188 -2674012 1762385 7206256
-8283204670216188564 494321 -2359421 7592928
-8283204651828860792 2603071 -2487139 7247168
-8283204570250592786 -2218627 120637 7220176
-8283204499958842766 -2394823 537745 7107392
-8283204404128842398 -1113947 1636284 7069056
-8283204325969710314 -833813 483264 7090128
-8283204317634047217 -315784 1293076 7046432
-8283204298041905106 1221915 -252573 7332736
-8283204245195436712 -2772404 -2750040 7171072
-8283204221243273283 2481445 1349774 7016112
-8283204204211394413 1158994 -1415441 7178592
-8283204193564282253 -1666780 -1703746 7108896
-8283204158853339863 -1801073 -3032587 7247856
-8283204142512855841 2540089 -252897 7151152
-6607171116538248441 -1505771 -803261 7313920
-6607171108105334844 -1496053 1856030 7152592
-6607171066820724091 2441732 -204630 7007552
-6607171018270970092 -3225605 -1273735 7835920
-6607171011212079740 1355732 -924988 7398656
-6607170955959802727 -367110 -1633898 8003472
-6607170917567888969 1857548 1506869 7457536
-6607170856812963014 1029366 1299089 7017456
-6607170846854666689 1388595 -1810690 7010272
-6607170770078866036 2868921 -1304824 7302976
7076035574211437814 962637 -2153734 7500224
7076035638963854215 -485192 834073 7310272
7076035652922212870 1836798 -1605178 7294656
7076035686258911552 1239523 -2311675 7399984
7076035722896656276 -261429 -215251 7143824
7076035957557883358 -290143 -1938971 7118176
7076035972076313686 1457380 -2294614 7186384
7076035972972902278 -3361624 229732 7193056
7076036258090247909 389481 188934 7033648
-5973403125638404812 464265 380467 7012688
-5973403081771592610 -1771632 977620 7044672
-5973403076951222290 -2398386 -1306709 7172928
-5973402979466267222 -1116378 730000 7062192
-5973402958414368691 -155157 -314889 7438896
-5973402888195426184 -2933191 -2236800 7500816
-5973402847353619502 424572 -485012 7505632
-5973402845149895072 -620323 -2151518 7094848
-5973402761054536514 -2175107 1435610 7204656
-5973402526904993211 -726110 1224704 7061136
-5973402489817754025 -738674 234755 7495888
-5973402472066155250 -491688 -1873723 7076624
-5973402471862711888 -2854331 -851111 7019264
-5973402456925234595 -2858932 -1824124 7059648
-5973402444293814035 1930364 -572615 7069296
-5973402423688716500 204366 1187795 7024400
-5973402417730693245 2278224 -1957527 7062288
-5973402317217056408 1256794 -1397023 7065936
-5973402314836424170 1282158 -578572 7032288
5480572686383215603 336074 -37005 7038304
5480572756310465537 -2127281 854887 7310240
5480572769274641299 1864999 -1788429 7102832
5480572808542619510 -1989692 1171846 7368928
5480572829887184946 864583 396773 7027392
5480572832334588235 -1893231 162211 7372944
5480572869199031391 2204665 -2553449 7731856
5480572897438704155 -616971 1404816 7339232
5480572902506063834 1581580 -2532095 8047168
5480572916174356679 1223401 -405627 7749472
5480573072141999189 2282822 -572691 7034528
5480573100437596199 -3019281 2173767 7166368
5480573107186962008 -3435991 -2431756 7278544
5480573119769550124 2528089 -2691703 7056512
5480573195036047547 282023 -2934767 7329552
5480573254456568902 423474 -3015445 7206912
5480573278894055433 389935 1420808 7166864
5480573298153211206 -383786 584530 7190944
5480573308191800550 -264191 -2323775 7201456
5480573363094513391 1171599 863928 7279424
5480573371071728537 913561 343576 7120976
5480573401139516514 -1830813 -3029111 7228416
5480573442542234281 -1818407 -3369002 7340288
5480573493510537716 2616441 -1269029 7206256
5480573526740698016 -3462504 -2260024 7475552
5480573545464201394 265243 -2359473 7051312
5480573549517302495 2069598 -1920583 7022544
5480573631383982589 941549 -259810 7511984
4849375853952797268 -2542214 2022298 7219824
4849375898847662076 -281454 434604 7422656
4849375924277466945 968649 1381512 7207440
4849375970168161506 2647303 -1238708 7420672
4849375990217970727 -1826312 -647837 7082672
4849376079208078734 922800 466607 7170960
4849376097616055773 1734484 255156 7887616
4849376099976203750 1459309 842623 9109328
4849376188593481733 -2091060 -2514269 7056304
4849376230600455245 1602369 -2875306 7233872
4849376260961179193 1368829 194722 8280944
4849376317061911806 -743244 -1867175 7172896
4849376322851363197 -652883 1114412 7116912
-6214236130748318974 1083953 -1564760 7051488
-6214236090854571979 -2056718 -2514978 7174880
-6214236031378713355 -1296783 -1705829 7694048
-6214235987651335903 -1235912 898783 7563616
-6214235953636574300 -268891 -2487831 7190944
-6214235941585276764 -2514589 1018468 7151488
-6214235916465260004 173666 329662 7512432
-6214235904901938112 -305977 1366159 7216752
-6214235854766719975 -1041437 1143305 7664624
-6214235845099029721 2806022 192976 7355728
-6214235825806119353 -2627943 -1089105 8195040
-6214235744880160789 -1954754 733557 7077136
-6214235720733913687 421062 2182186 7065168
-6214235677786740257 -2891137 2396733 7032512
1379614298422476513 -334753 670300 7601472
1379614344884382391 -1292584 -212415 7021632
1379614350485125083 -115265 710892 7491808
1379614445391772024 -563241 -3302306 7262096
1379614482570266429 1149334 -1754045 7735232
1379614487674317050 1423909 -314716 7180624
1379614487911275607 173465 364189 7044240
1379614515885411725 -275680 -1387231 7103520
1379614596035799502 -782283 -605308 7276496
1379614642673620570 165774 -582484 7418768
1379614710792745544 567678 2188174 7163456
1379614711627850226 1350913 -1912964 7863824
1379614748988663541 1158376 926973 7545248
1379614793105646102 2673 -1687889 7123792
1379614814884596390 -3380458 306432 7238848
-4561704085372292370 -315662 2034435 7711920
-4561704040418860664 2664572 1611870 7174672
-4561703996013249672 -1137991 110822 8010656
-4561703963945864879 -289864 -1858079 7233616
-4561703887439244062 834298 -865035 7016528
-4561703881182188304 -3047273 -159064 7051728
-4561703857170354723 2150808 -1526266 7274384
-4561703717871630455 350047 1732618 7121488
-4561703716457296797 1594863 1320445 7092528
-4561703642061178589 -512488 -175718 7042176
5712787166601090903 -2136108 -2741368 7012736
5712787176832894691 -350809 2000878 7189552
5712787184096566944 -313933 -1218358 7217264
5712787197643795884 -465807 49142 7079168
5712787307976745123 1635599 -3089134 7469184
5712787318711361985 -319091 2155671 7140944
5712787320687642465 2671918 -1189410 7005168
5712787322545366251 243330 1777862 7223184
5712787483599534610 -2234286 1033779 7197024
5712787493194504498 -2604054 -1813942 7039584
5712787560195701826 2198451 -715978 7243136
5712787569762695539 258722 -912663 7111200
5712787570337406762 -1681734 1510055 7224656
5712787655553597911 3066687 -2340029 7053072
5385766693732822818 -95308 -3036229 7507152
5385766858740548825 2029916 -3305616 7177136
5385766908893036916 -3368280 -552461 7041872
5385766999690204191 -2280099 -2412985 7218224
5385767031292427646 1588642 -532372 7325424
5385767034261560764 -2652494 -1510151 7209728
5385767097363165916 -778085 -876025 7002864
5385767183852695308 -2198419 -834793 7956320
5385767196189315351 2668100 -155276 7231696
1218444264885054077 -3141357 -2464108 7069680
1218444265234480607 1653998 1065727 7100272
1218444284301240846 -1515364 1729213 7270048
1218444351559566424 578347 -363275 7133616
1218444402536179264 -274990 -2231360 7022992
1218444526095450928 161607 -889876 7029152
1218444646457620811 -25340 -1174000 7493264
1218444650150408746 2366804 943260 7065888
1218444655843402181 -1495278 1701366 7372496
1218444701175687305 -2712050 -562089 7761152
1218444707228727255 981938 -2513802 7262880
-4388149663454478912 1775924 144878 7015680
-4388149643777796929 1834696 -1281476 7418400
-4388149635441509999 2103062 -2476778 7009136
-4388149628933512728 -3233080 -1517042 7285344
-4388149600241133542 375881 -2179374 7105312
-4388149576645614675 694608 -528718 7733552
-4388149552215332072 -1919145 -594423 7114320
-4388149549079005097 2728464 1029857 7618000
-4388149489184646757 2522507 -2531529 7061232
-4388149462997046151 1828563 -2636215 7472112
-4388149405176197758 -2154590 -2357391 7651328
-4388149402515982115 -177100 -908447 7947248
-4388149377119639514 -1283992 -1151387 7416176
-4388149270419092179 -1532961 2115583 7043408
-4388149141788847212 -1041213 -2491617 7186320
-4388149130947643847 1857089 759195 7119216
-4388149095322960396 -381972 -22241 7086528
-6810977768698931073 -611970 -1499878 7075392
-6810977732262278696 -2935798 -1500586 7369104
-6810977730991777773 3019172 -1479671 7200128
-6810977707844288426 2235799 -354882 7016544
-6810977692603211970 -1018035 1594622 7506320
-6810977666318772117 -3287075 -1168697 7079424
-6810977622360250289 -2275115 -1156510 7313328
-6810977563687645381 -2774 -1999081 7686896
-6810977524893803223 -2371691 -1623370 7506752
-6810977480407441930 -2130201 -435426 7181648
-6810977441110454368 525878 1190428 7054176
-6810977324973154555 350345 -1570018 7108992
-6810977200078450182 -3170714 -3469284 7572368
-6810977195925523163 2553807 -2726800 7352672
-6810977182805165680 -1412775 -860948 7214304
-6810977154159436975 541564 -1116423 7684848
-6810977099363241954 -3184882 -289506 7000896
-6810977067729824630 2235702 -496993 7135152
-6810977061067411696 -3231615 -3235885 7343728
-6810977034209915965 -2727235 1135124 7230928
-6810977028305038201 -502068 -1629622 7104272
-6810976977943926905 1004884 -3615302 7638176
-6810976976693590105 -1124838 1960727 7697568
-6810976903187647879 -1194913 1906362 7421760
2604982112330821003 129257 -1857526 7185792
2604982160730102374 -2379861 -2528021 7019136
2604982266810858497 -498850 593226 7273184
2604982341907183586 962255 -2620971 8116544
2604982416870609416 -2572664 -261568 7442944
2604982426392601569 2245269 -2305491 7396768
2604982431646103644 1501471 -181803 7174688
2604982482638815955 1899538 683611 7292848
2604982539122948035 -2205053 -1875064 7011808
2604982559502200240 16062 -2987716 7626272
2604982751641939140 -434336 -2638454 7141392
2604982759021597495 -2428202 -1338123 7115808
2604982810095445517 739687 -1131931 7216176
2604982812684169747 1363111 45539 7013728
2604982927605048338 2274542 -3422225 7156352
2604982960119838964 650434 -414348 7137056
5201851462099824960 893680 -3449442 7128944
5201851467853681725 -3501689 -2068970 7289152
5201851490184750444 2205744 1345594 7589280
5201851575232644394 287000 1793055 7212640
5201851584147558509 -2431811 -260534 7472176
5201851634568194696 -2795734 -942644 7265776
5201851639718069878 -1045035 -2493831 7412832
5201851730285866611 2479585 -922465 7181056
5201851731834260077 -1282408 -1656908 7090624
5201851752149170343 -2689394 511584 7064656
5201851768426714235 1094005 -1253168 7259168
5201851858711292096 -1565912 -1711802 7061696
5201851874103218239 1538905 308281 7134496
5201851966766516009 -301208 -2407195 7152848
5201851981016775628 2198358 -2612708 7058352
5201851993022124610 1384510 -3552832 7016512
5201851994379548502 -34067 2400547 7099712
5201852002240132942 -820994 -1033279 7046608
5201852009623960298 350571 1103667 7619584
5201852014631783498 1282259 -2578953 7043904
5201852031211564523 723162 -140071 7231696
5201852041969408714 -38790 -1694107 7022496
5201852092047361707 1098277 -2695344 7187984
5201852109953567193 1523076 -3358583 7517568
5201852112097582145 1731899 -169508 7800176
5201852114644586917 -880838 -3039726 7344480
5201852133409936943 1833561 114748 7318080
5201852135569444488 1313946 -485728 7043104
5201852181634303595 -795065 -972476 7242128
5201852203421542970 -1544048 734753 7239632
5201852205649158100 -2647800 677527 7187344
6637786979285486276 702244 -2611593 7359968
6637787022064652614 -2111033 2042669 7026576
6637787043929189009 2796926 388916 7128624
6637787082296984181 2609290 -2429789 7188688
6637787086522642162 2540389 -203097 7022144
6637787114635327163 2442521 -3043574 7117632
6637787135637849013 -903017 2363774 7042384
6637787230018419068 -810103 -2880979 7263696
6637787249086386639 -2596273 -698257 7236624
6637787288479114164 1383948 448513 8209536
6637787360310615390 666525 -2291223 7082528
6637787386606765817 -1600941 -2797524 7004016
6637787403601556046 -2873577 691425 7001552
6637787449283751279 -3050947 1778877 7153568
6637787452927100592 2124807 -1556489 7027568
6637787525347634690 777267 1937984 7024400
6637787567105579456 -2148158 -2116988 7641200
6637787634447403025 -650993 -3110484 7074800
6637787646748942820 -721651 -2400980 7079616
6637787666246821413 -2575072 877024 7034000
6637787683162979019 875373 1949746 7120816
6637787702864670731 774246 -1271172 7454832
6637787705504509140 -3007242 628006 7449040
6637787759371149340 -1572117 -3377580 7475008
6637787857600456115 1905127 217318 7071872
6637787857838868110 -771863 -1942251 7097488
-6601611501758443280 -2918289 1072767 7258032
-6601611400713359327 269899 -942129 7234432
-6601611386571015290 -2992521 1287561 7314768
-6601611368059742372 1551168 -1384222 7203120
-6601611367284979773 685063 1301380 7365616
-6601611319284658520 -2671626 -3101952 7133216
-6601611260637899062 2785312 -3372008 7051456
-6601611248503436747 2700006 -2512345 7131104
-6601611246566378511 -2543206 -2904372 7610944
-6601611237528218953 332434 -991573 7454992
-6601611235308863398 -3476138 -134858 7078512
-6601611058196649241 -965116 -1461073 7369808
-6601610976442472885 -3276433 587627 7915984
-6601610941877567059 -1589896 1026244 7008448
-6601610793597066414 -1722997 1586570 7409424
-1381195589576105526 -2055659 -461257 7273408
-1381195579987103975 -1289897 1689563 7085184
-1381195578207765906 2351972 845935 7347024
-1381195516096272617 2529599 -3446876 7027504
-1381195512752912039 -2762604 1393751 7226176
-1381195328469216528 -1784510 -2405123 7365696
-1381195317630093979 1288755 -485275 7636896
-1381195289089984615 -464616 -1913629 7195632
-1381195270573705202 -200598 61381 7084336
-1381195270340184959 1704229 1063151 7050240
-1381195178248532099 -308373 -2756861 8119776
-1381195080756556787 1323425 -3374079 7275248
-1381194958123445342 322778 -2853382 7897360
-1381194903363372850 612961 -2130107 7111136
-1381194895612993271 420579 -2235589 7203664
-1381194852438016913 1626300 -390298 7351504
-8162718108579838857 2536549 -675542 7323936
-8162718074777686177 2433717 -3568079 7187712
-8162718050408883710 2685938 -228309 7000384
-8162718025043609987 -562875 -692501 7317824
-8162718016593101969 2681735 -2750827 7303920
-8162717901626472455 -2635992 -1660898 7266224
-8162717883267353920 -1010716 -1567433 7337632
-8162717876195529002 -2744369 1111000 7758016
-8162717822299726737 -2648235 -2168923 7129584
-8162717747365490001 -3061832 -2716047 7006464
-8162717738413076061 1250497 -2051835 7041120
-8162717695208498283 -1893786 -2115613 7250016
-8162717695133140324 2627050 -1848480 7494944
-8162717676886826490 2493766 1659341 7006656
-8162717659751897484 2134819 484759 7172400
-8162717656361112080 197974 -2633171 7131952
-8162717510067681185 -2496656 1457717 7045824
-8162717427816647902 180284 -1590977 7138352
-8162717422588368503 2313388 -2813872 7120768
-8162717369735428702 2281487 -1397426 7213136
-8162717203041092918 -1588718 -1570732 7020304
741389307785644843 2913055 -149261 7160080
741389337372559224 -1113858 -3346269 7456912
741389403520981586 -1527910 1520616 7229248
741389431430684740 -2875510 -2728333 7075568
741389444154746351 -771630 1075419 7076256
741389458198760578 -1457184 851357 7397120
741389515524668787 68962 2001174 7531312
741389538278737043 629843 -2648098 7224880
741389622176407854 406900 -2585848 7193456
741389631187102257 -2941157 -464884 7110272
741389641379280184 -2481284 -2073513 7032560
741389644370145159 1998167 1175932 7397440
741389677262907588 -889694 2284545 7086768
741389716899599701 1165795 -839959 7040480
741389771166068811 2503753 1855510 7202800
741389895880027974 177132 -957059 7093008
741389905250519753 -2303045 -3231098 7221680
741389942966972285 -1858762 -1110924 7074832
741389981809804303 1512938 -2480321 7404240
741390098242603809 2076289 1692942 7088272
741390118132007200 -520708 1696761 7012160
741390155834727199 -2627699 -1186040 7163664
741390190082341508 1014612 -3108205 7164432
741390227837269443 1723207 538059 7323168
741390255735393973 -1378216 -275242 7460992
741390307928647161 -1766925 -3420389 7666240
741390320199675573 702040 2470457 7138768
741390377498872166 -992342 245574 8049760
-3487704251796601056 140182 135275 8129520
-3487704186530238166 -2745843 1378427 7889936
-3487704185615795734 -3544434 1919413 7052832
-3487704134734451811 -2204670 -1275310 7081472
-3487704065143310216 1567104 -3109209 7488736
-3487704037129755745 -1127462 -1551806 7301840
-3487704005329830652 -1420516 1399111 7269488
-3487703829459681563 -791788 180647 7439888
-3487703825897036486 2038899 1098646 7043472
-3487703796955784597 -2337582 -2475787 7082672
-3487703767658407649 135681 -2071115 7178976
8231577686704315745 -1447970 2043482 7137728
8231577702551891435 704431 -2136828 7491168
8231577712650497073 -2667652 -204327 7063696
8231577756779089895 -1687558 757074 7066880
8231577771084124461 -2716146 616134 7009456
8231577799104974782 -79928 135916 7030064
8231577875241148339 441541 1128786 7199936
8231577959152328788 2349058 -2846580 7252176
8231578003145319137 772211 1931708 7029760
8231578003305151974 -1324647 391969 7495424
8231578017524393116 -2689245 -2545103 7007776
8231578023617577950 -576794 592277 7047680
8231578091471414266 -1306813 -1750867 7426000
8231578114125528211 279480 -1572983 7253648
-2118518031364117055 -1392492 -2892378 8158864
-2118517999308121418 135410 -2835117 7145408
-2118517980127438867 -442820 -3065602 7289888
-2118517877685532466 320452 -1088269 7019040
-2118517849001243551 -515523 -971200 7262672
-2118517836331540982 -1078982 2017503 7688240
-2118517832970298052 649609 -2279624 7797392
-2118517725581081617 1670826 -2281039 7258128
-2118517716666474911 -1286907 2203933 7029072
-2118517584532479472 1021423 888225 7405280
-2118517539938248645 1307290 -2116815 7184768
-2118517509230278657 1111663 -3426355 7381072
1104008945062580335 -10005 -2627528 7020592
1104008971372628579 2193236 1163910 7170640
1104008978076777117 -501601 1998822 7400976
1104009020901488515 1528389 83539 7556624
1104009025691697648 -3040749 -1369946 7050832
1104009075753436962 -201521 1448847 7404048
1104009124554938819 21738 -1510976 7240064
1104009185099447328 -524200 1556707 7341008
1104009194959150500 2340835 -1040561 7176496
1104009210126965840 2391688 -1956917 7066496
1104009238652060372 2225067 1952554 7754160
1104009262329577939 -2479223 776057 8497968
1104009273235409305 -948253 -1324881 7116352
1104009333479659118 2832597 -1098352 7492912
1104009343330619986 1891978 737978 7078176
1104009386692770989 314419 1940242 7606048
1104009455470008243 1311726 -1833790 7144624
1104009456400906656 2025405 -503028 7999008
1104009469597686180 -2841728 -801908 7151440
6954328281260451950 2648401 1461377 7152816
6954328347755343906 610611 -745895 7226608
6954328380076764875 -32893 -3086504 7107408
6954328394039794318 1302371 1485502 7682704
6954328463076518867 129628 -2464698 7095200
6954328498619889851 -2398822 -3256149 7661040
6954328591935267905 -1815322 -3502743 7201104
6954328601911081158 -2520526 1690948 7374944
6954328626751422150 -752656 752637 7112416
6954328680376545985 -1938527 -1590167 7704960
6954328734281408207 -1659177 -405051 7068416
-5833899883209067883 -2145691 -1446455 7588784
-5833899784558370830 -430021 -2808934 7345392
-5833899712781330677 -1801185 -520663 7640144
-5833899645038574482 1952588 255877 7542256
-5833899611163344699 1568868 -1713415 7070288
-5833899514706621695 -1259289 791690 7275824
-5833899486463197477 -2977744 2143003 7546080
-5833899424315579770 92806 2368642 7054960
-5833899402806445292 1816359 1665994 7336864
-5337684908465655347 -1395583 1987945 7352432
-5337684859003730088 -1420742 -1823218 7374944
-5337684858408178149 1602840 -1723856 7030032
-5337684799454860659 -2439780 -2528404 7275824
-5337684725043084413 2543188 -2152350 7071904
-5337684649477864267 -442294 -1419885 7331968
-5337684604983060564 -2784926 2224818 7279440
-5337684599636801825 1988578 -1847236 7174160
-5337684566514995839 421971 -69305 7063264
-5337684554305120479 -2102290 621325 7212096
-5337684548940512090 1784214 -1765853 7529712
-5337684531613707201 -1033471 997937 7430000
-5337684530760993574 -2163007 2202917 7007760
-8476292135089927361 -2482108 -2238910 7648304
-8476292092025309802 1205453 -2440769 7193600
-8476292071883461749 -2936488 1725531 7403872
-8476291985636367078 -2226629 -408227 7277872
-8476291970013129867 2211628 96166 7164208
-8476291778500819900 2638323 1104856 7228032
-8476291765861131805 1236962 -2984487 7491104
-8476291668125078278 -2124598 -3148105 7132496
-8476291617381203899 -1023929 1546792 7165248
-8476291597951486399 2607778 1892138 7842624
-8476291521805153010 2843142 -1942202 7135360
-8476291441685350739 -528926 2508335 7148704
-8476291437205278363 -1692827 -1781910 7771536
8699764716123982451 2216993 727066 7412048
8699764730768925208 1389880 1677095 7645392
8699764871027650267 -74925 -1027943 7345904
8699764965236272188 510054 -1381019 7064960
8699764973743313316 -682138 -2568208 7383600
9023477614887927321 -3045604 -814304 7545024
9023477666262012789 -29182 -159108 7188688
9023477772872094985 2289976 -3268250 7052064
9023477801360946024 -2894798 1009031 7049536
9023477893855609944 -1565735 -2046296 7327648
5340869449091635646 -485900 -2331203 7216960
5340869497284052325 -2756206 -1622934 7102656
5340869510457608280 -3244167 -2635806 7031936
5340869548132360021 2308050 -389664 7245616
5340869559658267452 -80153 -1715061 7186848
5340869570600358317 -2343972 395914 7043712
5340869574683646137 -2479425 -3122372 7007504
5340869605460771494 16660 -1717735 7026688
5340869724749602828 -1563659 -3239961 7157200
5340869790198531924 -2938947 435456 7036288
5340869841138747525 159855 -499042 7166784
5340869858831651841 1375133 1495936 7087152
5340869891853920918 317286 2255809 7448448
5340869894659461237 1837636 268471 7085232
5340869948481814431 2113267 -2473669 7313184
5340869949104164649 -82578 1686054 7037760
5340869952473858413 2174063 -1337146 7461520
5340870024239201047 2609526 1488359 7028128
5340870104138684401 -2412793 1568791 7248224
-354890311310422614 -2539084 -2521639 7306416
-354890282924766324 1314096 -246822 7374048
-354890275808900230 -3043285 1447223 7270384
-354890273469114350 -398112 629273 7038912
-354890223239228834 -69332 -338263 7050864
-354890199962736518 -2594103 -518012 7028528
-354890129524947792 -1201478 -2729254 7476368
-354890129370867032 -1683082 2105514 7282080
-354890103127632566 -1789943 -2609180 7388496
-354890096700322543 1314738 -3101738 7730320
-354890083818005942 -259740 1107325 7610960
-354890081496279233 -3613112 -1824187 7082256
-354890022537302526 -479419 -1869944 7677008
-354890001116920223 607069 -3049588 7065088
-354889966908334512 -239128 -2926045 7047440
-354889787530209393 -498050 2004519 7001024
-354889785512783717 2817219 -2295845 7002048
-354889777516409305 -2565234 -713762 7167792
-354889652577601559 1863072 -3003296 7075360
-4016880916330460410 1716746 470957 7000096
-4016880881906450609 673143 -1143581 7070352
-4016880872475247257 -2976768 -2736367 7088336
-4016880847671255180 -2462083 1862809 7194800
-4016880822871032260 -2528875 -1940405 7093216
-4016880704653903760 -1561308 -1340833 7059952
-4016880681025543006 -128474 724832 7053312
-4016880680332049773 2430068 -2567600 7226176
-4016880678825282312 2899274 -1331645 7068368
-4016880618229338697 -1154227 1394547 7919856
-4016880595410264881 -113314 1237869 7066704
-4016880560641495190 -1790065 -73125 7474512
-4016880549677445189 -723366 -1566940 7432080
-4016880540255660094 -1589797 -3593568 7460240
-4016880432601491653 -2054648 -1223833 7217984
-4016880400241028226 2471572 -3124654 7026880
-4016880358253749842 2072945 210630 7557184
-4016880354777495363 -499856 838724 7008496
4286659749993151105 -1425795 -1175326 7261968
4286659803528146714 -2180969 -2262731 7227920
4286659839821491721 -2592066 821079 8139840
4286659843903967663 -1126801 1736588 7026496
4286659959166741216 417524 -1585130 7169312
4286660035062198654 1390768 -2595361 7142144
4286660088344134942 -790940 -2900819 7797200
4286660123486890059 2500118 1790941 7209184
4286660135149986057 -2523818 2008681 7057040
4286660135686302450 1251142 -335459 7112448
4286660156523980294 -1138164 -233503 7011888
4286660199371433890 -2417886 518734 7088608
4286660253859187855 -2862513 -2132600 7161584
4286660278573639765 698678 462273 7051904
4286660316271809742 2341256 382041 7263136
4286660346194429511 1086323 -2383807 7474080
4286660357114924936 -2538397 -3159425 7196496
4286660387764936480 -2711523 -2005566 7157536
4286660413081625576 -2066704 2222664 7192032
4286660423507569788 -1490166 -2510122 7050960
3234117032393268573 1933657 990628 7162320
3234117068099173241 1023287 1043505 7188000
3234117234217207024 -2804075 -2360627 7054304
3234117250613585996 -2555736 -2722521 7142208
3234117250979321062 2500428 -519981 7190304
3234117300713960534 1114595 446495 7348096
3234117308761683506 -3075164 -2143168 7036720
3234117314932733762 -1830963 -2451461 7134560
3234117341254986917 -564342 -2447322 7394480
3234117436475783235 -3163555 -299737 7136848
3234117476372791708 -1200090 -689137 7279808
3234117513405439237 -1991766 662470 7024352
3234117544604476001 738330 855969 7184720
3234117615774764800 -2182147 -644882 7106608
3234117662322049902 286644 -1330589 7131968
3234117703759318887 1120620 -646934 7324208
3234117707240828274 2357863 -2209868 7020288
3303676600465250295 -2177454 -2736694 7392432
3303676679385518611 695488 -3328346 7120048
3303676707615424531 -1324498 -2942680 7327600
3303676722908677763 474854 -1180268 7279136
3303676746801290108 -2732503 -2992260 7486144
3303676837918013288 -2847308 134113 7337152
3303676852655939668 -1071222 -2205785 7314432
3303676878865364427 -1563172 -397785 7025824
3303676881044794227 -2805254 830439 7099136
3303676907330335126 -1609811 -2254893 7469776
3303677001806265199 -1370219 -2418492 7801984
3303677010987054806 -1095048 -1030012 8317344
3303677025082263343 -3134038 1973094 7372432
3303677027680294009 1956370 1354897 7434480
3303677042823230324 1361210 -742267 7239520
3303677139665726345 -222104 -2892336 7017152
3303677190398022128 -1108640 -694927 7051008
3303677199165219178 -156136 -90425 7362048
3303677221416455553 1165777 -617948 7031392
8979846106700685864 -1119994 -2053302 7104976
8979846179989306222 -2957142 1594142 7057504
8979846262562025870 -2180562 -1643227 7040784
8979846345979778075 -577609 -1365225 7140480
8979846384626964947 -1316559 345511 7086384
8979846505081175088 -481929 -3319336 7167296
8093826815193579866 1964232 857248 7132192
8093826829489412373 25383 -32910 7303024
8093826856604513914 320163 -1485214 7025152
8093826955905326886 -2651463 -1701184 7780928
8093826999271681331 -1048436 -1788310 7024624
8093827004103728249 -196500 1018354 7466960
8093827004780760656 -2489039 -2624179 7219664
8093827018527730489 -1030835 -3040685 7050176
8093827044035136923 -1745000 -1334694 7203712
-7223012739179931557 986741 -1180700 7612896
-7223012728993134993 -2336747 -3069198 7022752
2964059429154908655 -133184 -216769 7301840
2964059442970930986 -2930582 -1375730 7524336
2964059449383991634 -1229727 741779 7088384
2964059567325606354 -1084294 -827046 7082528
2964059768168086453 34381 1418651 7296480
2964059782294301255 1734872 -1680734 7342784
8849955414375631983 -3252270 425084 7663440
8849955417791085530 549122 -2440525 7285584
8849955443047922247 2309637 -1856799 7060464
8849955461168197225 1747194 -2388950 7100528
8849955479314754472 -758129 -2702280 7109760
8849955487970424369 -2678548 -184015 7498880
8849955545099178062 1848415 -1822775 7390832
8849955584987977711 -1995441 1772895 7104688
8849955601510563945 -1106287 -1798260 7067008
8849955622070261982 -2594920 -2207218 7210848
5186431040150633607 -918280 -1670761 7566528
5186431153586642280 -1452984 1561362 7468944
5186431279819764865 -1524572 -2796727 7951664
5186431328787616042 1270839 1662728 7442384
5186431387657213448 1458970 -70186 7095184
5186431388464572234 -1790045 788454 7092848
5186431393927192310 -1351448 -3009380 7463184
5186431422499871422 -952067 -2108300 7012240
5186431450470433852 560473 -1952638 7507168
-8166726950507470310 -2885367 153442 7086640
-8166726923475871054 -368369 332690 7047824
-8166726870681003052 -959207 -768829 7103104
-8166726863735800458 -313748 -1459139 7071504
-8166726827933200661 -2757127 -2959802 7005824
-8166726766455608262 1447540 595134 7331888
-8166726756340440151 710080 -2058191 7217344
-8166726712540200124 -56642 954766 7177168
-8166726699404082294 -2017232 -1347873 7224144
-8166726666304490788 272278 -1861128 7135120
-8166726565695567572 -984792 912852 7223232
-8166726555804715561 -2022092 445753 7564512
-8166726542312320727 -2878088 -1303707 7056112
-8166726513520639636 923089 571296 7357488
-8166726460001951826 659081 -3165416 7425424
-2146368936177709747 -2981509 -2509205 7312288
-2146368892597532569 -1264931 487486 7447840
-2146368890176755452 -792547 551505 7068992
-2146368858875356599 2698574 -2730034 7037488
-2146368852709550560 -2173135 -421377 7314176
-2146368832468591491 -1730169 -2923991 7180464
-2146368831983348864 -2463256 -2717954 7180304
-2146368795251211274 -1803741 141352 7268880
-2146368769691758139 -1094900 -804099 7001008
-2146368677334191778 2494900 -749671 7192944
-2146368667483523622 2426244 -2107126 7963840
-2146368665355140199 -431922 179735 7107584
-2146368664526162243 461791 1376731 7323136
-2146368657650215839 642809 2237568 7158336
-2146368592111015007 591101 614497 7439008
-3050592063047949268 -1965270 1524867 7392816
-3050591956416331643 -3360207 1648868 7387888
-3050591844172290857 -1017831 -3275899 7131776
-3050591763106058493 2474724 -244770 7089904
-3050591690021788679 -2157145 537644 7065920
-3050591688862291402 -2536092 -655384 7010320
-3050591635288949204 130038 532964 7658496
-3621278712476590486 1835071 397342 7012064
-3621278699107213591 -1307574 983532 7406096
-3621278683343103763 1456968 -772377 7905792
-3621278675320188118 -829918 -372281 7048848
-3621278660815540635 -2965386 -3229094 7225536
-3621278652542689145 1930644 -3506071 7022192
-3621278574642153191 -554965 2076391 7116240
-3621278568332243636 1254882 363789 7328528
-3621278557610290803 2445057 978295 7021216
-3621278485069251318 2292837 75524 7046192
-3621278474558101408 1456566 352076 7177920
-3621278461719506971 -2610227 -2105781 7143424
-3621278412241755564 -2475205 1178725 7274624
-3621278393200124848 751436 491636 7028752
-3621278318205095262 1060835 -849363 7109664
-3621278317065322957 -2028131 644868 7296832
-3621278221414703930 -3389688 1493913 7066688
-3621278218213692829 -1587838 -1169758 7148496
84120658959126289 267792 956923 7258768
84120673757365007 -3131551 1989638 7302208
84120836524113482 -97243 -2413889 7307088
84120838462014800 -1956581 2116518 7070304
84120872346114900 1586694 -1489584 7869744
84120878067437865 644321 -2769977 7329056
84120904342902360 2599343 -2856463 7039904
84120933376176151 1757419 -2458363 9236848
84120963775418171 -3281640 -2294916 7399056
84120992723628039 -2017989 -2405541 7143232
84120995019647326 2245349 -994990 7163536
84121056346351896 1695248 -98499 7156800
84121157657358114 1096938 -3190626 7209520
84121165956338871 1087391 -1810727 7206000
4246266047856342713 1144764 -388491 7152752
4246266064494560914 -1763661 -1745529 7204656
4246266089700060933 1356464 -2167369 7265536
4246266196462417715 1353480 -1338346 7071344
4246266230885811827 459100 -771172 7414048
4246266255646971251 541250 104506 7376368
4246266322583638826 2465784 -2610860 7081776
4246266361261489808 -2185197 -566588 7028352
4246266381343644529 -735387 367393 7206784
4246266410672078957 2436898 -510924 7708896
9174880224887045161 -1295029 -3187868 7269296
9174880230050656726 -2643944 -226715 7578640
9174880260764472054 -2743223 1097319 7350208
9174880272577651867 -972105 900348 7161280
9174880449790126330 -635322 -2747149 7124016
9174880500661199477 -2854875 2302693 7086608
9174880528202503937 1637921 -574633 7032160
9174880549032738629 2501182 -1756209 7074160
9174880664966149692 1019915 -941176 7045520
9174880711687372667 -365108 2157605 7049872
-4226271798228133618 -680698 1577100 7687200
-4226271720271911183 1275955 -1851981 7424320
-4226271680249107319 810910 -150808 7068464
-4226271618692625621 853967 -1073457 8040752
-4226271617837273661 -423116 739401 7592272
-4226271581112472025 986966 -1399761 7070400
-4226271576363777955 -641667 -2556309 7357248
-4226271521020421286 1427661 297 7109136
-4226271427689912842 -1596528 -3020656 7118784
-4226271425608657050 651492 -807279 7674256
5364666066738759140 1258206 54197 7010960
5364666230693492273 -3134346 446476 7320752
5364666230970116306 -3398699 1901365 7354976
5364666323701054068 2692672 194647 7102320
5364666344917493624 -1762308 826065 7045440
5364666377006971098 -2619731 -1256594 7413728
5364666387166790355 -572375 869966 7056704
5364666391526323850 -3395268 2040782 7353536
5364666414163557575 2652748 -125651 7078688
5364666421163877371 -1970186 -1561388 7000688
5364666451864192917 -2012545 844374 7265792
5364666533465980298 -1013410 2053058 7015344
5364666551895662065 -206925 1254655 7491488
-4523352227736719364 2095638 340712 7734112
-4523352164401807810 -1977204 -439023 7230208
-4523352155784508217 1709184 683296 7242272
-4523352135346102379 -1569505 -2751361 7101984
-4523352114635425710 15742 -187848 7264224
-4523352051162797450 -1836051 1603118 7400912
-4523352046184254969 128982 1472788 7177552
-4523352017474786504 1833290 -673356 7509584
-4523352016511861038 -280626 472356 7057584
-4523352003092674975 2761085 239577 7337408
-4523351973836587556 2797044 1419166 7007440
-4523351968889632713 1084059 -2275371 7238400
-4523351930342831084 -421869 -1143898 7252288
-4523351904922446402 865744 930775 7164640
-4523351883411556873 -112891 1913184 7258848
-760475868804376880 2039397 -2210534 7355408
-760475694486945145 -776800 -2776748 7219904
-760475636311239429 -2271493 -2627338 7772128
-760475616102267763 -740324 2302663 7493536
-760475602689477350 1497173 -2027362 7397456
-760475576106272593 -2292452 1188226 7231856
-760475560828632401 1500809 -1153613 7162720
-4105366558430300049 2011797 -2314627 7020720
-4105366500321205141 2405405 61298 7140656
-4105366498836417518 258360 -2274059 7103664
-4105366478788488428 2684545 1477111 7335136
-4105366439993194165 -2527685 2144382 7435104
-4105366389095900604 -1233717 -1661383 7352112
-4105366377730798356 2449213 -348380 7406464
-4105366376356819832 -2271290 -511452 7783856
-4105366250490637240 -2368978 1004851 7130272
-4105366191770430195 2008562 1472276 7215744
-4105366124747292739 881374 -445496 7012256
-4105366058461288604 1256010 1043935 7762176
8109253824790026037 -3509097 1758369 7321536
8109253854280844710 1109800 1347637 7225040
8109253862730929003 950525 -2591610 7231216
8109253882083753733 -3143894 1062662 7491104
8109253903243092226 -2669240 1400042 7081296
8109253958380618819 841118 565638 7007920
8109254049987641336 2253816 953191 7096912
8109254064686232372 -463106 374577 7237424
8109254070690143141 2259598 -2422368 7127504
8109254074384555154 -2524424 1826479 7218752
8109254147420091457 -3211235 2145334 7141248
8109254156199875906 616651 1088348 7263776
8109254187826779242 2437118 1596093 7117936
8109254220943607549 366196 -1835702 7219472
8109254241362115149 1063180 -1266723 7153056
8109254242662281501 -2719052 -1390880 7171072
8109254245781826337 1630161 -3120730 7161152
7382669123430065810 -1035631 2064239 7419072
7382669143119441881 -1510395 -2075439 7246304
7382669152852834399 1642011 -2481312 7048928
7382669177803154761 -1966100 -139973 7712448
7382669224402194812 599329 -761659 7261072
7382669250033458204 386226 -1791867 7310672
7382669259680955747 284172 -1098603 7034480
7382669334880390824 252121 -1239412 7070896
7382669345457460307 -3181614 -271345 7038784
7382669376672615556 2029510 -1721825 7110144
7382669404569639260 -961208 -290560 7012640
7382669407103593137 695608 -248745 7245296
7382669453766729918 2693792 -2075649 7886432
-8149466768814888961 -1199020 -2934138 7180176
-8149466764235741945 -2737778 -2863083 7504224
-8149466752741032099 -3105160 -2005714 7090528
-8149466749683182594 479755 124867 7517696
-8149466732777529378 -1092592 1143293 7062880
-8149466699487476032 -1744180 -1588987 7359424
-8149466672091163036 1919764 -422355 7252896
-8149466618096943501 291997 1828604 7231536
-8149466583500193919 2570767 878632 7004512
-8149466583319230636 2690442 -2891671 7130368
-8149466578954041499 1506009 -3012485 7064768
-8149466559355677790 -1129932 -3349905 7142816
-8149466539942782536 -186149 77310 7235776
-8149466537715485420 -2147560 -10939 7295392
-8149466507828606598 -1597727 -2665766 7226848
-8149466481380399966 2991414 -2446527 7219136
-8149466473405923414 1076709 -1936855 7027568
-8149466379893191221 2515343 -1449020 7429952
-8149466362482659930 56297 -1163301 7287296
-8149466354867245448 1900796 -2190140 7235248
-8149466351327650990 -794279 -1507173 7000384
-8149466327132562123 -2479758 5489 7031312
-8149466265687221121 1460253 -211652 7746112
-8149466250655538779 -3042466 -627310 7122336
-8149466232292786166 -2102448 2326215 7122608
-7927504349436749990 -1721832 2065271 7059904
-7927504345474836834 -2898901 2029973 7605104
-7927504274371601242 -1007874 2275683 7617632
-7927504234359003482 2316056 705675 7437472
-7927504145024356847 -2771152 -311693 7849392
-7927504121561983693 557003 -2612591 7365984
-7927504105652303536 -2324660 843950 7397536
-7927503928578246328 487635 1561690 7149632
-7927503913919395039 -331766 -975984 7321584
-4063090880521745582 971205 -1687547 7748640
-4063090840124819787 -2444843 1730125 7578960
-4063090752376796524 397224 826646 8090992
-4063090592174818142 1673907 -808190 7320976
-4063090572646355944 -576624 -608031 7335584
-4063090517312597418 -2108523 -3033795 7054880
-4063090508150414719 -140539 1053208 7190192
-4063090499515752707 -3013787 1149671 7086416
-4063090488847041823 -3003895 812343 7245408
-4063090424868069160 -1599228 -2829498 7072784
4058139809680316057 2822181 469841 7139712
4058139813024940340 197196 -644021 7444128
4058139819220489216 -1924628 -1628370 7076576
4058139900177616842 1541196 1280502 7093088
4058139911452304006 -1748029 -455199 7008512
4058139912310982948 -702030 652624 7296176
4058139915621525965 1999916 -1610200 7371440
4058139924489031886 1229616 668816 8039376
4058139926449182687 2578865 470462 7129488
4058140061021877348 810246 1751581 7067504
4058140102500930246 -2474827 187767 7219552
4058140115359396049 1850468 -2261630 7325536
4058140118061098479 -3325330 -1423945 7089984
4058140156180851805 1651255 -2607280 7024000
4058140161188122222 -1262367 -1910895 7545584
4058140253340319290 -462001 1092417 7904432
-8493351228271406005 2020640 -1780539 7377392
-8493351211581406568 -1915643 -1179266 7172464
-8493351175806997906 -3116798 -1043894 7128384
-8493351169002750943 1307828 -1168052 7187088
-8493351136228407356 -2734103 2427593 7162608
-8493351086198850060 -646733 -2082800 7296448
-8493351043276213866 2072072 378202 7224304
-8493350876083927221 -1713109 -2508301 7326000
-8493350855648541472 -151417 -1751459 7147344
-8493350824684611759 -939923 -1474289 7033760
-8493350817343755433 -987552 1309981 7351312
-8493350813908850769 1409761 -1969562 7559232
-8493350801570786731 2571434 -10415 7179088
3677862903409327639 -878288 -1749398 7050912
3677862975730019496 -395290 -3274184 7286592
3677863052739846386 -2249865 -2113169 7242448
3677863068902241325 -1642751 -1573136 7518064
3677863075543001661 2535098 287561 7275664
3677863084434650535 -2163984 797715 7010864
3677863178435901603 -2007285 -2805486 7030656
3677863178899409860 -2024161 634031 7467120
3677863181666724706 -167775 2353984 7155616
3677863222391445247 -18052 -2306839 7101728
3677863234697081907 1134167 1179449 7250608
3677863296014588324 -2223961 -396753 7111600
3677863298168511959 1807833 -677068 7115456
-1776207300114726418 2669748 -2984150 7078512
-1776207274649295797 94229 -2610693 7566912
-1776207110592346841 1883835 249794 7147120
-1776207066119496000 2132759 1695754 7059344
-1776207017899327376 -2704655 -2589441 7078240
-1776206961593828674 -2535387 -238344 7124272
-1776206904498198014 3039064 -2141392 7390384
-1776206880927978627 1286451 -1996059 7288016
-1776206829285642384 1479039 -1875216 7409184
-1776206780765122513 573208 1211690 7118800
6670039087620943817 2580250 -2523144 7207936
6670039108291765248 -1795555 -466919 7333232
6670039108176218462 324577 96768 7617984
6670039118393997703 1539673 -3007981 7419024
6670039131762496262 2400010 -81224 7152656
6670039132892587743 -2172061 929821 7024640
6670039250763387421 1211559 -1638398 7449984
6670039270152655410 -2081680 2388576 7492352
6670039325481547426 -2762872 -358577 7492144
6670039333047120612 -2155149 71418 7491136
6670039340341143366 -3207671 91673 7057680
6670039399766983321 1269368 -2296587 7189264
6670039433695434558 -3351738 1957410 7011440
6670039445303309144 -1443009 -744594 7200064
6670039493584533473 -832041 917075 7197392
-2346230521902074270 -1013134 -1076118 7033616
-2346230468935893577 2222080 -2822926 7085104
-2346230467910412205 -2207673 -606954 7151024
-2346230441223535586 2357795 -454179 7017888
-2346230376734999602 -2189799 -1284361 7253184
-2346230355316115134 -1333116 832012 7132784
-2346230328807386851 -3275105 88542 7417376
-2346230234081816178 -2249763 1697940 7253152
-2346230083322127180 -1767023 446979 7164432
-2346230057837825591 122743 155442 7575760
8182882911269689989 -2215628 -3479143 7076112
8182882934027714902 456675 -1154016 7039968
8182882981683907453 -3123224 -1881176 7387376
8182883031897812997 2163201 638578 7237408
8182883096989765033 -2529940 -1000375 7083616
8182883114637362810 1397105 -477884 7003120
8182883137157914805 -2180766 -2727172 7128864
8182883182133241562 -1066689 -2259614 7049056
8182883185321486663 -2305350 -1520173 7083552
8182883267647249802 918516 154199 7083952
8182883312416727190 606863 2130652 8064656
8182883340809193832 584769 1048872 7254784
8182883354566523811 -507666 146430 7086464
8182883380026852004 -424943 2037720 7594880
8182883463804756962 -2885343 1302771 7029904
-3893138172793295489 -1368909 -2053716 7189744
-3893138133775863169 -1691081 721628 7030416
-3893138072201847733 1674891 118666 7031824
-3893138065367389297 855087 -302814 7200768
-3893138064690193912 119293 -1247177 7316272
-3893137982829790641 2221020 -2185846 7008336
-3893137978482550263 282982 -24739 7197024
-3893137964719615297 2312140 1461380 7218032
-3893137928574932120 -3061336 1550107 7682704
-3893137925930419079 2675401 -2462738 7061696
-3893137868785522728 -2282099 197785 7680720
-3893137842853856920 -640869 -2290452 7162048
-3893137831501520278 2667315 940240 7259104
-3893137769809767051 -2480120 671141 7231792
-3893137769621063234 198015 -2954523 7290512
-3893137749403909684 1781932 405420 7023440
-3893137737519563787 -3254439 1364080 7549744
-3893137670792085363 -1247275 -19797 7111712
-3893137635400089590 -1019812 298630 7486624
-3893137599006668706 -2074188 2282449 7291904
6118109818756590823 2890371 1055539 7193472
6118109822091210524 -1445560 -1488983 8388080
6118109925520655116 -2542499 -2983955 7219280
6118109975858703952 2245631 168705 7052512
6118110083729706148 -1076351 -898027 7250256
6118110156482634527 349794 -864307 7704640
6118110211858922374 2515147 -829798 7044864
6118110214050277984 -1528008 -2161980 7290448
6118110225404461807 -3145599 -1415879 7196640
6118110287179199771 1673902 -368587 7050384
6118110294300415956 -1998439 -2376921 7085344
6118110403790638006 -2470572 -861392 7173312
6118110441400040533 -908751 140711 7197392
-4490043938754149657 -384639 1987062 7141664
-4490043796191645817 -3150600 -1268793 7321584
-4490043756836841648 237229 -42134 7128944
-4490043722684061956 -2255014 -281193 7076832
-4490043682172259699 -297054 483312 7082112
-4490043602745406918 2676325 1740387 7048320
-4490043534319112619 -2558294 -663489 7076752
-4490043521600106995 -757021 -789540 7802432
-4490043520735526813 -1811945 -769889 8171280
-4490043500180664506 2948661 -2718215 7008384
-4490043424823938232 -924225 -599028 7197488
-4490043420061525119 -910643 -2377297 7243552
-4490043400795051146 1020389 -3167247 7182400
-4490043399940273457 -487681 -1279507 7039120
-7101241943614674385 -1779971 1102669 7431808
-7101241910663895560 864050 -2952115 7149184
-7101241673115044764 -2040190 923243 7080064
-7101241545189916951 2008814 -39753 7479120
-7101241534174874802 -2225493 -3597892 7136704
-7101241488109210204 -291947 -329617 7149216
-7101241451607410854 -69509 -471648 7101616
-7101241448914585643 2557612 1754922 7409776
-7101241420246714464 -100079 -2239628 7369392
-7101241405168495144 1950187 -926666 7269392
-8994856447110709166 -1529524 -2390790 7254432
-8994856446923705024 -2671713 1993653 7411184
-8994856404902020811 -1729250 -2277691 7272448
-8994856319899530898 781080 623467 7371488
-8994856319875424911 3057709 649461 7380320
-8994856247166918048 -2966946 2091260 7097440
-8994856177745159462 2435663 306073 7172720
-8994856146168320288 -432064 -1827239 7473504
-8994856117560899063 1134709 -1882192 7429984
-8994856103104457188 -180289 -909842 7234032
-8994856045319203178 2355434 -224591 7417728
-8994856016998122112 1320608 96834 7003376
-8994856009082594550 532288 -2649122 7352592
-8696245132894882008 797859 -1017845 7039488
-8696245114628210791 341790 -1230695 7394368
-8696245076532367470 -1618162 -1531749 7439088
-8696244954744382805 881300 -1347391 7297776
-8696244940161757468 -1012446 -1875097 7380080
-8696244898380351333 -851525 2562862 7104480
-8696244854541133963 911376 -1961955 7918016
-8696244854138048024 136172 -2661184 7044704
-8696244835075124199 1267985 -3316426 7116544
-8696244789424509665 895995 -2333023 7383648
-8696244683102057932 -2781994 1976941 7094432
-8696244644985716451 -2102299 1437512 7016720
741940781678105109 -287519 131508 7347840
741940781967869214 1422906 -1849872 7229264
741940881127856218 53534 -225554 7090448
741940946191211410 -768522 -1668476 7026736
741940963471375440 474851 -3261837 7545200
741941007157271302 -1564421 -1057233 7081968
741941040451111689 -1193237 1283231 7109984
741941103358049542 1326918 -822683 7095088
741941115263923985 -2571678 -2752215 7005744
741941139607672700 2048921 1133677 7196592
741941158786517059 -1487971 -839832 7241168
741941197291556982 -1666265 -1437772 7543440
741941284508983730 74197 638123 7396768
741941288017235853 -2089616 -381120 7588160
741941361680867280 -3135793 447928 7695312
741941439310994057 1726068 -3034405 7235040
741941447055129367 -143798 2214056 7119136
741941485050900596 -1089220 -1546555 7069056
-7317530223609666956 -1368213 -3321398 7759312
-7317530203600709163 -916265 -715669 7071024
-7317530169251846301 -2023321 -1113525 7094112
-7317530161903448099 -981633 -1960881 7044816
-7317530143908830247 -1876415 -2494061 7112608
-7317530039040884850 -3610085 -584688 7404640
-7317530036068128632 522314 -2898473 7143744
-7317529993206316672 -914481 -1808369 7244240
-7317529974513890387 -1788687 -142577 7134320
-7317529917172794981 494586 -116170 7083408
-7317529751816236931 1333366 1695255 7194656
1468100281912109125 -1449958 -212672 7013920
1468100332486719059 576109 -961024 7041488
1468100359191613318 -894561 204765 7185904
1468100370793067729 -94675 1966891 7042912
1468100375339005196 -1479620 1914005 7048960
1468100432904702281 -1690779 -1612537 7182176
1468100435396718153 1412233 746083 7345040
1468100437610476606 -2350089 -224153 7310880
1468100467145316013 -1812124 -2112786 7058848
1468100491157714680 449480 -1398081 7569056
1468100494598815012 993029 -431942 7065408
1468100550685902301 -1774849 2449918 7827696
1468100563077727054 -2244101 -2741173 7437296
1468100599295525851 -1310497 418065 7077040
1468100608041604552 -3255929 -634393 7557552
1468100635300170680 -3147762 -243638 7044448
1468100732143680076 -1474771 -1262035 7510576
1468100785553483154 -2208809 701554 7467216
6838624919704130518 -3062577 -2732714 7197840
6838624952607316145 -1382195 -3021441 7310128
6838625027908949180 -1385453 810113 7019856
6838625087129493151 40332 -395264 7396976
6838625107220785772 -1133884 -956040 7139904
6838625113093192098 360164 764093 7845072
6838625257800309333 -1705774 -1037324 7118864
6838625433129754088 -593705 374446 7405840
6838625491374343569 1765627 1826047 7389664
-4656583557063986190 -2193958 2127451 7215136
-4656583525462562775 -422730 -1891175 7004384
-4656583522121682068 -3040132 -2874566 7064592
-4656583416047107017 1085962 841845 7372848
-4656583281615328582 -2689337 -2746846 7550336
-4656583264722693650 -2650200 -2348283 7103472
-4656583261850128442 -1211220 -888482 7235824
-4656583256904493033 -1570994 -2136155 7070672
-4656583196153520292 702361 1847314 7164624
-4656583149301071386 163541 -2310708 7005840
-4656583092049273909 -1586904 -2003516 7018576
-4656583025055631697 442172 1820782 7583008
8023888901798670331 1290977 -2950326 7135296
8023888992416536856 -2989953 -237158 7295760
8023889117820731152 -718487 -124030 7724560
8023889129739709010 1714935 1116922 7007136
8023889129886982264 -347932 -520579 7742624
8023889149041926770 2659009 472135 7028640
8023889157741801734 1152135 -961123 7398576
8023889169981891182 1320346 1941046 7209040
8023889212310122230 2930217 1599760 7153120
8023889222749801721 -475768 -2953271 7654320
8023889294684616199 1745951 -1163256 7280736
8023889296047473145 -570539 -2697787 7461008
-4098190033663979882 1455377 -1506447 7041200
-4098189950603032386 383488 1297564 7620608
-4098189883793951815 -432068 -281205 7281552
-4098189882910864188 -1270713 252990 7465456
-4098189836295677596 1376291 -154316 7000336
-4098189823878737101 -2850380 381895 7406272
-4098189821882105928 -559827 -300519 7149728
-4098189798223995894 -2172713 -531125 7037264
-4098189763046595115 2264485 1049473 7194096
-4098189738893310377 2319341 -3104081 7231040
-4098189733331029743 1038828 -2278733 7075248
-4098189548292319874 2119229 681053 7011408
-4098189532091048187 -1301257 1914891 8071536
-693668276194111385 -685215 -2692857 7240144
-693668262837708003 -2664852 736545 7528784
-693668225787082995 -1255631 991330 7187152
-693668192769342703 2543511 1098575 7139952
-693668086634710989 56704 1382496 7029488
-693668028759046721 -1456626 -2714707 7084240
-693668023007455954 2076868 -2757756 7031200
-693667965445578718 2493267 -3082726 7412672
-693667845547281330 -1880126 1008959 7030016
-693667786209681823 -2889507 -1813237 7308816
-693667785181861383 -1100974 -114814 7073936
-8565964790693102967 1379560 1879779 7074256
-8565964786753969783 1842062 -2845787 7687280
-8565964759932679896 -2905353 -3155524 7354832
-8565964688483950612 435833 -687794 7168160
-8565964542178039765 631259 -537646 7271664
-8565964467097523015 -958859 -2113221 7827744
-8565964412129691334 -2368251 -2090315 7105856
-8565964331251939663 -2374777 -2995128 7049152
-8565964329280929388 824381 -1887694 7245712
-8565964275295295811 954067 -3192174 7310928
-8565964261353084160 -3168699 -2458179 7105184
-8565964231407446117 -987976 -752964 7477472
-8565964210357789055 -3144763 2033765 7319600
-8565964195345250109 -3198768 -2470633 7592672
-8565964193178826150 -2996602 -2979084 7085920
-8565964181244722306 -207545 -756565 7604432
-8565964171788512073 -1884997 -646994 7278224
-8565964149049097011 -510384 1571373 7253328
-8565964139551274025 -1936102 5606 7109184
-8565964130657852391 -2259657 1390638 7146992
-8904921060476716164 400813 -573480 7019776
-8904920966932775214 560640 -1708225 7317680
-8904920946663791663 -2374501 1678861 7188160
-8904920896063064664 -1347909 -3402359 7372784
-8904920837617933024 2679271 1488421 7064400
-8904920830261291532 2221980 -667084 7554064
7790787774997220400 2406308 46760 7511712
7790787844241405522 80479 1283347 7026656
7790787984285892273 1621173 -1131724 7538528
37669433323379089 -1650060 -956836 7332016
37669501096014473 -2776410 -720557 7302224
37669631076959901 871548 -3539140 7228704
-8340618096807127858 -1479338 -882661 7193152
-8340617979982174479 -1426338 -1770251 7079568
-8340617975122536109 -992750 444824 7519136
-8340617974644777600 -3113160 -2391669 7202608
-8340617957087690669 -1984619 640953 7523488
-8340617893378654557 2432577 -1751708 7837776
-8340617882905105863 -1427816 -2067865 7035584
8023889345210236671 91955 -3261970 7031904
8023889360100695448 2341028 961964 7160864
8023889513774542656 1996843 -2733296 7740640
8023889517622682579 -1518573 886019 7020736
8023889538400834402 72815 -3140237 7637312
8023889544694779508 1692315 -178668 7343120
8023889546635438604 -2533711 2047574 7970160
8023889627774375366 1486348 -1579809 7125008
8023889649888652697 -1432980 -2085342 7620048
8023889760176641206 1469234 -406661 7082144
-496755962587571045 -2331348 -494792 7370288
-496755951639788244 -2977523 302475 7185136
-496755931908443888 -26131 -965194 7303520
-496755918559431710 -3042604 -38262 7593664
-496755892964459167 -237239 -2437366 8158560
-496755693380396535 -2701012 -10342 7110704
-2995836066608508147 913186 -519319 7804976
-2995835992136260715 -1634288 -2844507 7252080
-2995835987196400055 -2106261 1730955 7104928
-2995835960946393337 -789372 -3364410 7055616
-2995835868709660322 -3187614 -2519171 7408464
-2995835833924405473 1452905 -1360901 7145040
-2995835816417028282 -1672428 -3144156 7042272
-2995835804570081363 -666393 -3016550 7307968
-2995835785699376233 2042567 -2598562 7034368
-2995835766082407450 -1917262 -1329279 7321696
-2995835758331454001 2802898 -481977 7026976
-1602072725851104738 -1281286 -2257560 7392880
-1602072659139173733 1380345 182617 7006672
-1602072578897402461 2232845 -1039846 7333024
-1602072572485927525 153565 1608620 7227440
-1602072559680550387 -2151410 -1529982 7248528
-1602072545014460632 1839846 -1643543 7115200
-1602072525107071447 2799336 -1324099 7960816
-1602072488054313118 -2960514 1654101 7423152
-1602072483557418797 642447 1219323 7099184
-1602072481712655981 293306 547395 7131312
-1602072457841475086 2860087 -2742463 7007056
-1602072443742354716 -3418 26 7279584
-1602072366566192557 -2988263 -526187 7179856
-1602072208388945433 -3117039 -811045 7339952
-1602072202277085467 -513997 -1961942 7219504
-1602072167071278973 2906457 -3301369 7051184
5124428040639658028 872542 276936 7364416
5124428075790540205 -787170 657005 7251952
5124428162170109109 2571452 964705 8080048
5124428162470256370 1127006 516376 7337136
5124428187101834395 1951934 -1637799 7020656
5124428220714637055 56756 -436879 7033248
4301299270831311306 1499609 -658426 7214384
4301299295673504702 -2359484 1502753 7084592
4301299331307372715 -1876973 -650782 7202208
4301299331370133001 2601899 1320444 7330032
4301299334989104920 -356401 -3099371 7671216
4301299433868875305 636063 -1808164 7765824
4301299480166196950 -2818657 1981622 7158688
1372777285382670485 2455422 -1468212 7838752
1372777397477572246 717996 -1523071 7020864
1372777475847276604 2800112 1559304 7267888
1372777493533634168 1721228 -1360649 7293792
1372777508211499578 -3190652 -623615 7351936
1372777529795020048 -3206862 2377673 7097728
1372777704154590899 -2585440 869722 8018704
1372777720250589889 -420172 590649 7083584
1372777741241375674 -2705093 -587468 7432864
1372777811173726929 146140 325642 7022192
1372777848277006073 277485 467748 7168816
-8079669060290314029 -3632762 656274 7046768
-8079669049529876539 1467630 323653 7315232
-8079669033770315170 -819617 431814 7382256
-8079669030767766724 -1158706 -1613524 7396784
-8079668981296618395 2644875 -2435423 7244656
-8079668908263746667 -3187639 995649 7202480
-8079668893313850649 1360131 -1812708 7720896
-8079668840587822489 1270096 -470091 7161984
-8079668827094712751 -1496113 -1510930 7028496
-8079668798346417137 -1453738 -1014594 7349872
-8079668796149993969 252269 399422 7573744
-8079668720424354624 -2842120 -1760801 7129024
-8079668691624817937 2440612 1104 7267520
-8079668514936100562 -693611 1101020 7282368
694957607932209025 -1033721 -1154062 7256304
694957652162621571 177622 350340 7033104
694957653361598524 -1209916 -492008 7122144
694957712506807850 -1531667 -2627853 7164480
694957713098125880 1430627 -1051204 7105008
694957901971788313 -168545 -1420057 7894784
694957982161646565 1785281 -2539734 7416352
694957985173118651 -3245975 -223886 7166832
694958009752674117 1495663 123633 7246064
694958011714877548 -1422760 1027261 7800032
694958142667604559 -1583026 1411019 7656896
694958143760637897 2434548 137536 7727904
694958204028391071 1545696 -1307464 7583008
694958206289798460 -2910815 1005297 7221344
694958277156885688 -2658772 -985079 7246624
694958289480403173 -52981 -2304525 7204832
5292570259628288006 -1921010 -1714184 8300352
5292570345803555551 -2883475 -1432390 7145840
5292570392785269102 2011968 -1114897 7227328
5292570445243147654 -78698 -1814506 7257152
5292570460988248221 2367946 914663 7400256
5292570602716943243 1694350 -255343 7327728
5292570682253093522 114099 1882634 7422864
5292570789404692379 863673 -2557104 7490960
5292570878216068805 1550696 -1042168 7435744
5292570893028385196 -1003135 -548735 7422272
5292570957840437161 -1192600 1886633 7126960
7811164718961343077 -3160357 -2951077 7023136
7811164816452805429 2872670 -250603 7033248
7811164830064569242 -1876815 -1385214 7011392
7811164837179057699 1522687 -2148675 7031600
7811164842814906762 -1145684 1911571 7128832
7811164926924466574 -455530 284127 7133040
7811164990419937377 -2733325 1720722 7009120
7811165079752048790 -1182492 2062214 7382352
7811165117221687204 405605 175439 7044000
7811165135985264354 246673 669902 7348288
7811165165482325355 -3421267 -2928375 7055184
7811165175924067485 -2300142 2419526 7046160
7811165187681110907 -218896 -808709 7169520
7811165204317005949 -1623648 -1055946 7750768
7811165333763052531 1569254 -985845 7068000
1154317548731752079 -1471097 -1542848 7198256
1154317570028663950 -127340 -1952094 7092976
1154317589272456515 1114459 -432963 7322032
1154317591477702493 -2194050 -2197444 7038704
1154317643748053716 61464 264270 7240416
1154317677244330631 -2347202 -2755005 7110592
1154317689550228353 -1589229 -3270492 7407360
1154317746919144486 -356749 -1067865 7138400
1154317811273125052 1368326 -2083582 8031344
1154317858681457756 -133434 -2046692 7399040
1154317992877494170 843846 -1510421 7134320
1154318000107203209 -2697096 246385 7316928
5520352738518718006 -2834675 -511440 7207584
5520352754285119807 -1112937 -1851570 7215968
5520352830076313166 1119502 -3369743 7051520
5520352835784578541 2257012 1471339 7170576
5520352864915253892 1986992 -3136808 7015808
5520352874548898527 -1183922 -2579048 7127728
5520352904004647552 -3355609 2199389 7222960
5520352916161423258 1590691 676677 7562336
5520352930263228111 -3387557 1843512 7375872
5520352956262856703 1245749 628382 7740864
5520352978097357140 -2584233 889820 7187312
5520353127205215182 -2521045 -33511 7017040
5520353138891115595 -453962 1138947 7246976
5520353156127349340 163121 -2682654 7032000
5520353232981332134 1622163 968811 7194528
5520353234018952643 258793 489915 7006192
5520353252220935632 -550263 -489647 7029024
5520353287406493500 -1174312 -947939 7111424
5520353314925543562 -699900 2132230 7311824
5520353332106664637 -69824 57214 7894512
5520353342371205676 1964835 -201668 7019920
5520353388444483212 -3155363 838688 7615504
5520353405632698342 -2374350 827090 7170512
6480148880459776202 1621480 -1230899 8027472
6480148895439652173 1084144 -1904754 7306128
6480148937747229232 1547863 -1113237 7668880
6480149019128375232 542576 1913264 7447600
6480149081485967611 198347 -2055394 7195952
6480149108976079093 -1317830 -999080 7074528
6480149151040039799 1398525 1865555 7323152
-5787359204673094474 -606594 1913788 7812176
-5787359109854443274 207414 1214389 7081312
-2110585286313357140 -2466427 -2687884 7234144
-2110585269499385023 -338910 1774384 7166928
-2110585239642210685 -1148369 17330 7320800
-2110585229070665200 -3175803 407120 7312016
-2110585180903378999 -2805970 -1079913 7348624
-2110585140433156828 -3361001 -912507 7644720
-2110585099377170847 1006847 -2376773 7376752
-2110585015329914223 -1201952 2160476 7498976
-2110584997058388191 2456556 -38239 7360080
-9105363945133353814 1467182 689117 7036864
-9105363898519679846 -966660 -788981 7573760
-9105363838938873984 -597579 1023828 7140144
-9105363829713396209 -2695933 -826111 7374848
-9105363763214369032 2721681 -2055860 7178112
-9105363665893542615 1128786 -1830671 7256080
-2199856596644132549 -2945369 2116520 7003360
-2199856538455372079 1399874 -1983488 7520448
-2199856530606408768 721331 -1907580 7012432
-2199856524837774747 769994 -1117261 7608144
-2199856482030893341 1857435 -2022660 7045968
-2199856453597062613 -1655811 -956715 7680880
6544935328513225560 -2252446 -1061156 7406448
6544935459340233663 -1872376 721560 7435008
6544935593747731515 -218253 1147584 7299168
6544935598335393142 -1455225 -1624113 7488816
6544935616907302723 -952580 -708726 7245600
6544935618926647551 -2648245 2334009 7140480
6544935676226320386 80327 -1060160 7124848
6544935689748441154 872793 -42988 7437536
-5414110543799413754 -1183749 -551927 7241328
-5414110487740272160 673123 -514970 7056720
-5414110482122166567 -643179 828685 7185648
-5414110477675600161 145833 410399 7773600
-5414110384620540108 544390 -2551170 7175728
-5414110231000435555 124887 2149597 7059776
-4973577815348263317 3025367 -2394657 7583584
-4973577721921632502 1812166 -1575135 7566384
-4973577680941030431 2495030 -3154540 7685840
-4973577661259478148 -3182877 -3294617 7148064
-4973577633379965136 -806810 -1470802 7117536
-4973577622442522763 -1013028 2064717 7044352
-4973577603985950700 800608 -1608022 7170192
-4973577600994887323 -1029148 1418576 7972448
-4973577595131405776 -460017 -3057515 7374144
-4973577530882053940 -1662351 1181077 7164560
-4973577518300711954 -1869173 -1922230 7319248
-4973577510952275353 -2572785 -482545 7182016
-4973577479304520605 1947642 1142711 7123344
-4973577464359083259 2369372 -102480 7043168
-4973577460919162392 -1277564 -1677938 7027808
-4973577419175253938 -838389 1570973 7288256
-4973577407255016071 1200587 1544238 7177168
-4973577390664445807 -2703468 -1648354 7234192
-4973577332896492674 -2882246 1400642 7263712
-4973577325551859447 902784 -1958349 8093744
-4973577207111824735 -1231142 -2024826 7364752
7320165682035829828 -1377161 -1177873 7291808
7320165686490514243 1920499 -3266281 7221008
7320165696472945712 -2514754 598121 7401488
7320165699025704580 -3050018 1169298 7164976
7320165703552564995 -1093734 641950 7202592
7320165714069971547 -1430297 179549 7086848
7320165734362519568 -1204447 -3210196 7130416
7320165783311536689 -2827184 -2752529 7005344
7320165862477016328 347424 -2155978 7522592
7320165883366268143 -2643673 -880435 7283632
7320165937479389247 250860 1658909 7247056
7320165972065246881 -3407626 -2462999 7465952
7320166035993276563 256347 1763074 7039392
7320166079784947693 -2291627 1277678 7059104
7320166196342245076 342137 2171856 7142592
2301676425953190678 -1043814 2380591 7309104
2301676498312915289 -2558321 76553 7678864
2301676503816798616 2816527 -457670 7448592
2301676515557866921 -2225317 978578 7077216
2301676524939708465 -782081 174626 7044528
3030676760329776314 -235016 -58817 7147184
3030676881687319429 -3097183 -3049961 7073152
3030676893224452716 -1353338 -2370631 7135792
3030676919572299315 1516633 -3148267 7216048
3030676923579436089 -2691311 668817 7276160
3030676973228641608 996929 -2311431 7043376
3030677015231232504 -1682759 -1748513 7068592
3030677017918596142 924587 -1102249 7133792
3030677046088539966 -1371385 2027390 7084640
3030677175736472180 1774170 -2833275 7053904
3030677545867845734 -10401 231206 7456672
3030677577155118207 -1081803 -1991947 7186320
3030677591188990825 2567782 1448197 7127120
3030677636402197045 -1802497 162521 7372432
3030677642814359328 -821001 -66402 7336288
1798876777132722244 441240 -2767573 7348992
1798876795208926508 -2831830 1310365 7085824
1798876799013597443 -3302104 383749 7421440
1798876865205173914 -2238715 1556749 8094896
1798876873938480207 1126419 -1267010 7007296
1798876927586686868 -1323027 -3361844 7156816
1798877037915823994 -210594 999420 7191136
1798877039298597488 -144281 2172152 7366720
1798877069031616595 -1245937 -1324757 7136768
1798877104237682007 431824 -1758969 7104528
1798877190848420287 -1933808 1497492 7104608
1798877227120124283 -2761505 2298361 7491248
1798877382709103065 1369636 781390 7373792
1798877394361615325 1946764 -1053759 7061680
1798877412895777600 21873 1752796 7092096
1798877510143148868 2356393 -204655 7720896
1798877590602459142 1300236 -2617363 7500096
7581351564203328703 1535746 -2093209 7567056
7581351568057661364 -2938180 -406502 7639008
7581351592883749620 296094 -1120382 7189360
7581351660811476716 -2452940 -2417152 7334800
7581351680127366923 -2057364 1540944 7151744
7581351697789190904 2454115 -126803 7280752
7581351813491273991 86627 -2455311 7036992
7581351831363535403 2542344 1007652 7190240
7581351845168417221 -184889 1250515 7135024
7581351981564283491 -1015585 -1307198 7286208
7581352045012316139 2656878 -3049228 7037664
7581352091738267691 774802 -2838901 7030048
7581352255922928931 1565846 -164465 7016416
-2700624773903251643 2708806 -1819676 7944768
-2700624726630701646 -2264961 68785 7201312
-2700624682832720325 640868 -1737617 7437184
-2700624657679599742 -939859 417945 7074064
-2700624655335568263 -1295697 184031 7109104
-2700624645254595358 -2426119 777239 7395744
-2700624622832969350 50126 -3246314 7431680
-2700624592700782141 1594785 -857253 7296752
-2700624522924144426 1322004 -535269 7004048
-2700624418911777710 -3027221 689469 7220976
-2700624367316073353 2425723 551929 7386544
-2700624357906017357 2371543 -1798626 7304416
-2700624288927718741 1605830 -955587 7008112
-2700624287733216761 -1392119 -3080689 7148112
-2700624242973176778 -2416958 1734501 7110896
-2700624232405860086 200485 -2437002 7253488
-2700624186085554664 -874433 143828 7402592
-2700624141255054646 2098322 -1401519 7152032
-2700624116038106909 -941434 -519456 7387136
-2700623976307603027 -2889751 27380 7065232
-2700623969134573053 -242439 -1541259 7046720
-5378237491108732106 1090678 -474907 7126048
-5378237381466957949 -2308214 1577375 7376192
-5378237368403085598 -3195074 -813462 7123664
-5378237328901418265 -466061 1805980 7224144
-5378237297069000741 -1622222 -3408718 7054816
-5378237259809889904 -2335870 1554913 7135824
-5378237244024618941 -266389 615515 7630928
-5378237236753500080 -463153 -2400022 7282800
-5378237235544086713 1858275 -2899457 7162144
-5378237209621172640 179297 -444730 7044000
-5378237049910588229 1957306 -1330335 7354336
-5378237038445756909 2219176 401308 7009040
-5378237015241163242 535826 360296 7054400
-5378236994609499677 -1812320 742244 7362192
-5378236991795563638 1090012 1902886 7400016
-5378236904978675286 1722545 -2957663 7034800
-5378236799978455269 -3111641 1518038 7827680
-5378236799459960859 -1372372 -246891 7157920
-5378236775662705651 -2901187 -1479390 7153392
1408011397603705272 71380 908586 7359072
1408011460431524739 82756 -2136394 7428256
1408011477845823014 2318785 -2867333 7032624
1408011568575512354 -2127877 1283732 7078736
1408011570813417458 533627 408627 7424528
1408011590214527254 1104598 -1547370 7198992
1408011616752124437 -660211 756261 7320992
1408011692609390044 -2904168 -33763 7074960
1408011695320764813 1497646 -84440 7507936
1408011839632972871 83626 -437794 7120720
1408011871898360575 542415 -1621006 7205712
1408011881142509803 2682227 1714572 7051216
1408012049136597270 1155212 -727031 7100592
1408012088660052988 304802 429776 7136464
1408012100499437477 -2378081 1530021 7294272
1408012104338665114 -2758147 -2953400 7098288
1408012105414145399 -196810 -3012336 7091504
1408012180097301278 1749058 -2251097 7314704
1408012224611337828 -1735547 -980326 7896272
1408012239905938790 -144952 -512165 7061920
6171380151411404722 -2383867 899038 7088288
6171380580263660033 -2663071 2159556 7010368
6171380589374011914 -929709 -2815661 7415344
6171380625736933740 -393056 -2977610 7445872
6171380815656156062 515972 -1658122 8130368
6171380820596029582 419101 -221389 7339152
6171380889107114344 2339208 375700 7242992
6171380898957263993 -1438739 -920421 7137472
6171380930976342500 -2550566 -3225241 7603424
6171381013432382461 -321657 -1308992 7071632
6171381082989222352 -280423 281271 7137760
6171381114513741305 129231 2008283 7380928
6171381121039885423 -1004591 -1473362 7123456
-1508750224249949308 -289861 1850027 7594256
-1508750184150073589 -1901750 -1725835 7166800
-1508750090032859361 2667094 385703 7025136
-1508750071534922895 482071 -2296813 7708960
-1508750055756447063 -3353555 -730621 7620848
-1508749971984743315 2314700 -2244465 7552848
-1508749867336262994 -1102597 -1838178 7202784
-1508749832085589295 -2709567 363761 7018448
-1508749817657305755 -2216379 -2178316 7112864
-1508749814408827526 -1438134 -3085723 7133360
-1508749752708482973 -1747271 -3546389 7043088
-1508749689087972646 1150283 -2851119 7243904
-1508749654698633681 -2291001 1123432 7594928
-1508749629376776982 1571823 1012584 7323136
-1508749616817356149 -621178 1326939 7660160
-1508749497806869214 -1919977 -1492137 7102512
3674783253518227221 969277 -3407137 7282400
3674783311040631232 -1046569 20995 7244896
3674783350595119987 -420203 2056538 7037376
3674783422966906806 1273071 -506045 7171536
3674783541999998553 -3048052 2320167 7731120
3674783564547140772 1681373 -1662797 7245008
3674783601136684087 782231 1931773 7346352
3674783675523309584 1831504 -2951137 7105792
3674783687760835791 -3104038 -3469201 7151616
3674783803332216418 600887 -1843576 7407344
3674783806868302129 -3015445 -1828017 7002560
3674783878328560278 -2681846 2386643 7048000
3674783935374313017 -3162875 453496 7632976
3674783981415484107 1369284 -1721309 7061824
3674784006035707606 1219280 364363 7160720
3674784017964048629 -2611436 -1158675 7452848
2597505094424402062 1964595 -1764058 8094960
2597505097587480128 -1265478 667363 7003328
2597505214491470264 840739 -1979964 7152224
2597505218625205078 2096538 -1376852 7498144
2597505244045290725 1727085 -500486 7441712
2597505272670858779 1891884 -2810325 7026016
2597505390534284728 1176164 -2674444 7274320
2597505420363521263 -1450707 -3228155 7403872
2597505430034943526 -2471904 1126245 7389264
2597505518727022736 -2912909 -2569409 7079056
2597505556968108685 -1101270 1574335 7094432
2597505581647087195 -1342865 -557006 7074688
7859484183969305157 2243707 1429298 7104272
7859484201145984807 2064774 -3247284 7042784
7859484212857229036 -234465 -552566 7306080
7859484268069515196 -3105940 -343577 7034160
7859484297266146603 2410936 1302240 7264384
7859484297116656103 -2054581 1944031 7604576
7859484357824197583 -923114 -2006374 7124768
7859484456568811613 2279137 209772 7000208
7859484530945823163 -1729922 573903 7146560
7859484579550432417 -1023963 188392 7327168
7859484661392759166 -809841 1014205 7835312
7859484666995547909 3049532 -1859600 7153424
7859484774545744416 -1796186 2321437 7826944
7859484801907843575 -2160585 -874530 7675424
7859484868953571972 -1644887 1774348 7038416
7859484875643086154 662515 1234512 7010048
7859484896986551338 -1853939 2265709 7023168
7859484900423173511 1142140 -2206067 7193984
4410198651335131794 -771774 -372000 7381248
4410198715236069764 2230760 -2777634 7410368
4410198716956229382 -1882248 -3377643 7236272
4410198723895567990 503576 -1817151 7402528
4410198728642645182 390427 -433083 7668848
4410198759296321908 -2597867 450503 7109120
4410198853980608996 849721 -2375876 7491584
4410198927346455325 1119809 586664 7100512
4410198948493860973 -2881817 1125730 7009840
4410199044354304467 -2069515 -2173567 7010480
4410199044851436883 -1984564 -1561847 7309584
4410199114899710248 1249796 -1533255 7484336
4410199119691478309 1841911 1255331 7085520
4410199146565806341 1780987 -2698025 7185520
4410199147580813501 1784166 -2488879 7263552
4410199157641215948 1575608 127880 7061568
4410199183454091138 1556250 -1694739 7789680
4410199183363047954 -1076732 -658151 7093040
4410199217518003234 2773901 -205018 7161840
4410199228441093157 -2756812 -2366361 7249264
4410199297192981088 -417344 1579587 7064032
8484194138681419674 -694990 259755 7385808
8484194146696093582 134734 -2367013 7047440
8484194163413842732 2636625 181171 7157920
8484194165279385246 -476220 2021758 7157696
8484194168515446291 2872917 -1677174 7095040
8484194268015007383 -1219586 -3558457 7181344
8484194368484210798 -963739 -2562922 7550448
8484194500110697376 2926735 -378096 7991472
8484194515529452708 38695 -3453202 7310368
8484194552246338516 2159333 1822433 7349456
8484194580163886171 -829266 2074450 7120288
8484194638897347985 580147 803974 7061792
8484194653465977401 673031 -1404422 7334544
8484194681741591314 533696 1969801 7197008
8484194685679448081 1630671 -2913436 7256464
8484194725960845461 -882083 502369 7191648
8484194769248098278 -419335 -2238515 7544656
8484194831117255291 -492428 -230032 7642816
6686027329901244290 -297661 -2705466 7180112
6686027391749286542 -1856470 -3520 7397024
6686027435765267879 379295 -1877191 8066432
6686027531185473296 -1085010 -2978229 7311856
6686027585687386286 1223896 -1101800 7164176
6686027603951814151 -3257080 886348 7237616
6686027674826397131 261059 2120001 7105296
6686027713608794726 -612789 796362 7219104
6686027782019054939 1280722 -1839171 7177616
6686027794417605732 -1858499 -3170749 7323472
6686027849421636817 885133 -297241 7958048
6686027933700417638 -378929 -1708000 7425104
6686027956210473270 973486 -2964501 7383664
6686027969226324132 774166 -2671081 7033552
6686027990052535517 -6624 -1451403 7099728
6686028070474482567 -1397681 -3515891 7030896
-63264468604806202 -847893 303004 7394880
-63264466778806559 2667345 -69917 7040528
-63264457150856684 968935 708649 7014784
-63264421091471365 1943815 -162778 7532608
-63264419153587274 -2999089 -1325155 7215696
-63264360024626765 391083 -1973986 7207440
-63264357513800571 -2391035 -386163 7035168
-63264272761057795 -2124341 -628605 7110096
-63264237551490756 1879212 -2566321 7584576
-63264198122891923 824739 -1222133 7084352
-63264174219344228 -1168309 -217971 7147824
-63264142721778818 711920 -1469643 8128096
-63264141185636106 1934110 -3221356 7358720
-63264106946902427 -2494180 -1148853 7257888
-63264058314901583 2965255 -2452206 7577520
-63264030299768663 3119557 -1679244 7318560
-63263952030093626 2292444 1515056 7283440
-63263926785392236 -1377062 -1934869 7147856
-63263919000574321 2833195 1521470 7323344
-63263910602325294 1436248 90348 7018688
-63263904691246378 -1847485 -1310730 7326560
-63263847119689561 2942437 1564796 7086896
-63263829389576117 -1528419 2535935 7455024
-63263796863159584 -1609843 -1572719 7530096
-63263796198389218 137000 -2476217 7580304
-63263792080539437 2372952 -836018 7267216
-63263773072020047 2731943 -1798503 7018704
-63263611603786205 471671 -2833824 7116656
-9063142470153238916 -2421695 461521 7051376
-9063142457188270605 -1236555 2421505 7237120
-9063142456817626722 2001815 1629617 7251648
-9063142445881875665 -2871223 1403316 7074592
-9063142442710588947 2457490 -2036833 7193248
-9063142410309290158 1991589 -3013330 7213216
-9063142369037986580 -547340 -2933781 7515232
-9063142340832428424 -2266897 1561271 7039712
-9063142302280100414 -924349 -2850504 7283664
-9063142286280764708 338611 1416208 7050800
-9063142276536797646 -304701 593256 7141312
-9063142258151225676 -275057 -1265772 7002320
-9063142254353784624 -3333230 -676047 7603600
-9063142235924929277 -1024083 1112919 7667728
-9063142205439071847 -2179964 -1874776 7226304
-9063142152732168736 -2931745 1060728 7040144
-9063142062896098300 319420 -1187661 7048032
-9063142028537535223 1763651 -3278011 7132624
-9063141926479030047 2457337 1819903 7103216
-9063141917640900468 -1447482 1311980 7957888
-9063141903369737163 -1017469 1982035 7119680
-9063141902998417792 2273480 433765 7785520
-9063141888949305049 -1978999 1094941 7459248
-9063141843472871095 1967075 -2238725 7234160
-9063141809151534412 -2526031 -2597753 7350640
-9063141762232103656 2990073 957838 8166384
-9063141723554411207 55608 1532943 7102416
-9063141696906726716 -767533 2174793 7180960
-9063141691695699195 -2126419 -2993321 7422464
3372989045365766029 261683 -2150484 7147536
3372989067611026550 -1466182 1607688 7157216
3372989129611614493 2486753 -415440 7091472
3372989180983896792 -2748258 -1510853 7589280
3372989214286317405 -1883837 1425231 7130064
3372989355916616937 -732350 -33818 7221744
3372989356974266509 -934558 1478483 7322112
3372989458899187097 -2452841 -2542800 7246992
3372989485850481618 661810 -394049 7127712
3372989493712642926 -46974 -3184189 7575760
3372989495388307296 612516 1594074 7364784
3372989518822129436 -1660839 1216364 7225984
3372989606841812352 1398839 1052571 7090576
3372989643315500236 -2313347 -2335593 7196880
3372989667826057124 -2288192 -1548240 7160976
3372989697322726946 204689 -451920 7389936
3372989748550284984 1525625 -1118800 7113536
3372989748384654240 -2637282 -7570 7716016
3372989758097070628 950338 2026930 7216592
556639549632284441 697450 -391466 7167792
556639623585200466 2311084 -2557028 7014944
556639715033074403 2257338 -437772 7239808
556639715907171032 -786798 959370 7042080
556639744682176431 -2446254 -1809435 7100320
556639788337293995 1713244 858430 7441488
556639857771383344 1104392 950543 7107056
556639869918004521 -2399744 1427500 7258800
556639885001915131 -921325 -1030686 7485600
556639896099171134 699016 -2383183 7265744
556639937806931093 -2904369 -1172683 7892000
556639963776629550 -1561281 1251402 7023120
556639969299019665 -2915921 454913 7091872
556639981390152357 -1713488 -1934642 7355312
556640030046920457 443440 974416 7767616
556640067052406139 -2018646 26766 7833632
556640067215319743 2265313 -433668 7646160
556640077149876040 1681262 79834 7196064
556640095211074226 271722 -2310166 7016304
556640160383210352 1585707 233300 7186528
556640163602689299 -2022879 -287541 7219072
556640173619400343 -1255750 1379688 7082464
556640264014030754 -3100498 -3184729 7125920
556640274047071856 -2369870 -1348434 7158256
556640310134592469 506718 786982 7028960
556640357360119408 2000476 -1233293 7154928
556640387839121217 875376 2279008 7242016
-5565061321138623082 1093084 685472 7063760
-5565061287518243656 62966 -1697000 7078928
-5565061270040087302 -132896 1289599 7685648
-5565061243592701383 2351796 -1910365 7708432
-5565061242215431463 -3141103 940245 7149936
-5565061232210626219 326256 -3318104 7075408
-5565061214592278526 2670424 869968 7186912
-5565061180532406437 267147 -2082175 8174656
-5565061107389551159 820753 -2405528 7125792
-5565061106448075685 390295 614054 7349152
-5565061100806177642 961145 1012530 7043680
-5565061087371630562 -3170882 -2401058 7225936
-5565061084653305666 -2006871 -2306730 7004544
-5565061033902767253 -2396853 1406080 7141712
-5565061000864918479 -1665410 -388471 7250848
-5565060957054767031 729004 385890 8322432
-5565060912923159824 2731816 -1536439 7389744
-5565060909866414442 -469301 47020 7243312
-5565060763872161045 686717 560905 7394912
-5565060763792374604 968563 -3545652 7164864
-5565060745491041826 2282385 -1855111 7123040
-5565060728296675126 -762997 -915777 7120128
-5565060721686589323 1282382 -1925494 7278896
-5565060720246314119 2334773 1333364 7034080
-5565060696484862720 846267 -3095724 7070208
-5565060608479326757 -2486175 -2109105 7157152
-7975869403278559226 -331621 -1622303 7057440
-7975869398492194004 595150 375696 7126656
-7975869319396608884 1017423 -1055393 7728080
-7975869251760241930 -2147738 -2147367 7454416
-7975869221026577749 1825885 1501004 7219936
-7975869211082893569 371953 1289835 7015072
-7975869151936827919 -967458 -2974715 7927792
-7975869128428990058 704801 -1743231 7324256
-7975869118946768119 -3035250 -1935575 7808832
-7975869079528421887 -2388257 -62011 7316064
-7975868970606985329 -1528154 -3557084 7021040
-7975868930386355405 -2446222 -2976322 7020736
-7975868897530441423 170809 2397727 7236160
-7975868842678046838 837097 -2302609 7526608
-7975868804021972781 1686886 59286 7188816
-7975868697114237052 2614493 -978752 7207360
-7975868638553649492 -531635 -1119924 7280880
-7975868615169693766 1415592 -1381957 7175520
-7975868585477955005 -1245310 1995281 7200160
-3800502937838024153 1681119 -2778765 7392080
-3800502932796871256 -1686468 -1683057 7674128
-3800502925100650378 -724742 -2873803 7001232
-3800502914769267241 1334707 -2614744 7015200
-3800502905577261614 1084578 -67791 7736944
-3800502893394377128 2312926 -2818691 7044752
-3800502851319758684 2023942 1570326 7367568
-3800502825298329578 -3290977 -3492351 7575168
-3800502649478551013 2072589 -898181 7126336
-3800502614915238529 315017 -1198529 7439216
-3800502586713521900 2793523 745340 7283600
-3800502539680031722 -342548 -3256527 7847312
-3800502464235164220 2562788 -3129930 7674256
-3800502462841877193 -1491215 -1477674 7081520
-3800502457962985196 1283662 1538156 7485888
-3800502428607253027 782507 -525915 7306032
-3800502404313988062 -2434759 1723230 7680320
-3800502382356645520 2037565 -2108014 7277552
-3800502334377118335 1472792 689799 7090960
-3800502321155684486 -1706618 2206645 7248096
-3800502183434070255 -1498214 -2643891 7018304
-3800502171983619100 2238245 -222050 7054992
-3800502151716039899 -324615 1324739 7540368
-3800502129318191299 -2245502 1703988 7046448
9198420194319576718 1241994 -2078161 7180176
9198420237938347807 -2882895 407627 7336576
9198420265629316111 1596045 -445531 7320448
9198420478667381137 160955 2367648 7130048
9198420530840547437 58761 1700683 7255136
9198420618518251472 -1383730 -2028005 7794576
9198420652476186885 -2315021 -910090 7144848
9198420654263780649 2084341 1105700 7479648
9198420698996715174 1903313 -1755024 7191008
9198420761924118367 244411 -464890 7140128
9198420766920869843 1216306 1369039 7075408
9198420897726724191 -1806086 -1900818 7179936
9198420945345927300 -2608608 -832258 7190608
9198420976072065465 -475448 733882 7332640
9198421004898326091 146148 42942 7040080
9198421012007561656 1010181 -2634267 7100224
-2736506312761399072 1011631 -1881047 7092800
-2736506302183674956 2292568 -1390074 7259344
-2736506290125640259 -1206809 1270919 7347728
-2736506240784020629 -2246818 -1689193 7761504
-2736506229594369109 -3299634 -3322159 7419376
-2736506227660008668 -3102908 -2144250 7049600
-2736506137886898131 1734846 -1767041 7306224
-2736506103136631525 -2898707 -2155639 7215440
-2736506074896546071 -2989068 -1765765 7041376
-2736506055637736583 2076962 1201070 7256528
-2736505970147704952 -1738439 2287079 7227056
-2736505938863950489 -2974521 -1358147 7304576
-2736505933181305239 -470149 331740 7022176
-2736505830824653125 -2807958 -1389030 7063984
-2736505700062155894 1715061 -658747 7101216
-2736505668315932274 -891249 -2071684 7019248
-2736505524926171379 -2089933 2011036 8956912
-2736505515497189532 -277427 1949539 7232672
-2736505448217116711 -2221251 -1933040 8450160
-2736505372679223572 2180439 -3309889 7270896
-2797719780610738903 -2725245 275030 7007488
-2797719756387173570 -2207594 -3296508 7127024
-2797719683023307112 -139452 2173247 7264720
-2797719655704725029 2586110 330491 7258416
-2797719595462637334 -1593212 -2415941 7018512
-2797719503196925635 -3149139 -2787756 7062352
-2797719481623307592 -1246560 -1310355 7066192
-2797719462983388337 1644242 -2407596 7164624
-2797719444280901606 1107138 -2950964 7669328
-2797719430757040310 -1877611 1795755 7321680
-2797719363772205622 -769202 -3334624 7027360
-2797719336948473684 852527 1418186 7152640
-2797719257818638445 1431329 -2414465 7191360
-2036967431398688592 1837180 -210612 7163680
-2036967328511662336 -2946898 -1627684 7628256
-2036967296640504384 2910790 -1114674 7018704
-2036967250491847449 1896167 -1687499 7140592
-2036967243258024777 2654921 -3379296 7075552
-2036967202262976906 -3411038 1069853 7321040
-2036967104585528187 -2163030 -3603297 7611808
-2036967084256617695 863025 -1796655 7148160
-2036967052934268414 2316225 -1166937 7234688
-1661836221382601140 -464117 2290331 7241728
-1661836202712301926 1238474 -539271 7198176
-1661836011597854230 1228368 -2494368 7147072
-1661835987720149812 -2206175 -3119686 7070576
-1661835906299366024 -3345126 563297 7482784
-1661835880262886073 -2809327 -2433974 7231680
-2180232907430682812 -982233 2274150 7091600
-2180232832733501464 -1963835 -611308 7115040
-2180232813714264553 -2165225 1650158 7065424
-2180232772235743627 -151701 -1189116 7016880
-2180232738372877503 1730227 1066888 7173584
-2180232675308687491 1208776 -691396 7206768
-2180232635235865512 7590 -2841037 7539504
-2180232608611060058 2532702 -676118 7107200
7621516704362227556 -431507 -2279447 7204352
7621516756654600049 -924847 -28186 7030464
7621516775435403950 -1069282 -2103267 7214144
7621516837237290546 365770 -3472198 7024720
7621516863061059361 547704 -1109817 7281584
7621516865356686634 496764 1019736 8083232
7621516893530478934 -808965 -3297501 7299664
7621516897782046861 -2557699 -1275444 7092320
7621516947632551035 -1047894 -3137798 7470400
7621516965438257997 2668624 -770378 7357744
7621517102858174550 1683618 520952 7835696
7621517119391430550 -1845526 -2255371 7816816
7621517132082904273 -289475 -472486 7358624
7621517156705944507 -3289328 1760861 7406208
331719383309132547 -185739 -912446 7069280
331719385235297677 2535524 601668 7180960
331719456756428197 1470930 -1780896 7026000
331719480685713669 2019353 -2286975 7198928
331719642441394858 2518991 -625715 7042064
331719707299776509 760648 -25077 7200576
331719721767171332 1984872 -2125093 7223072
7356972153270696909 -673171 -1593544 7011792
7356972188178025714 -119984 826026 7023616
7356972223566336994 -478461 2086826 7195520
7356972281002651926 2379758 -1619979 7998112
7356972342444377640 820752 1565107 7200240
6641252258506370378 456835 2404122 8508688
6641252295634374677 52883 1180912 7167856
6641252345800911282 -288912 -827549 7161040
6641252350026183254 -1645583 -1075296 7007440
6641252455155510880 2372273 -3155076 7149312
6641252481133833638 366418 939050 7048720
6641252483994153260 -2586703 -1006472 7048960
6641252553986953944 1724463 -1724424 7429760
6641252557488213123 808953 -912659 7566352
6641252609720485397 -1273864 -1838418 7015792
6641252617930059363 -2248948 -1073217 7153824
6641252783643750854 83808 -1493628 7118672
6641252891743231456 475981 1886557 7009872
6641252899836615990 967177 -3505815 8507568
6641252910801756711 -1347696 1919353 7168912
6641252942292085916 -537206 -2942323 7754352
-5354557102243064509 2318962 219705 7341696
-5354557101971326526 2549040 -3553151 7677696
-5354557073069324828 1409917 342742 7116512
-5354557048624531905 -2656237 -2910156 7369008
-5354557021451163991 -1196432 -2144424 7213824
-5354556983673563434 1753669 -2417213 7275200
-5354556905318195381 2392635 -378041 7110800
-5354556856151660716 -2431378 -1460412 7803232
-5354556817938315124 -835234 736815 7158496
-5354556800324546235 2406808 -1032868 7739888
-5354556797216360121 -3530275 -2368386 7030704
-5354556777401409974 62997 -1682242 7074304
-5354556738367718162 1552545 -939857 7042096
-5354556727952888545 1151509 -350889 7225552
-5354556578606406538 -3036132 1463025 7139600
-5354556560231176615 -2912078 -1408227 7768384
-5354556483990619988 1246909 -2657131 8432864
3755229784446099662 139269 -3075282 7037232
3755229943462928830 -3388435 -1411701 7084976
3755229964481719088 1839104 -638963 7076976
3755230037434116250 -2838791 -1416705 7368560
3755230072111079144 -2152534 -1381472 7156704
3755230077618091832 -2875833 116773 7697648
3755230098020394246 -1375158 553668 7037920
3755230190263516354 2410170 -2825210 7013376
3755230191709015055 -1305404 249831 7011120
3755230224738970745 -152029 -1912235 7165856
3755230272274294224 -2480059 -1000596 7114032
-3196453995848917444 -1330927 -1726370 7061616
-3196453920816080795 1206932 1691299 7224112
-3196453849721847391 -1572417 -421008 7329536
-3196453657495881166 -2658530 -1237654 7013216
-3196453598020953153 -1046360 -2762575 7188464
-3196453561338183111 1784816 -2739788 7055600
-3196453439199503946 -567485 -973554 7129664
-3196453426561718613 2549695 1301796 7088080
-3196453411737935114 -237268 -3233685 7090720
268288316292408915 2602612 -1375565 7593872
268288357967593552 -3269485 -1752688 7468496
268288490442627683 -92080 -1688946 7470208
268288516970997257 -749337 -2099054 7573824
268288533317615314 -2772211 -2910763 7283984
268288702614266340 -1119900 -393862 7105600
268288712580989872 -3089428 -1083922 7010928
268288849664922259 -208493 1743073 7038704
268288869235003250 -2081075 -2423683 7088720
268288909068990593 -1200133 -272188 7187856
268288916928069028 192657 1133636 7179248
7902181299416259365 -629834 -2011358 7235136
7902181300539693073 1390383 -1545207 7097280
7902181311068865844 -377693 -3591533 7459504
7902181313733634571 -1562654 -529553 7067872
7902181386583197473 -2094711 100992 7154512
7902181464862750788 -2899520 -2395597 7132896
7902181490369401185 -2273085 -522440 8215456
7902181588743060403 1503384 -3437518 7718944
7902181627871970437 2432792 -735884 8281920
7902181655286391480 878436 955219 7527504
7902181693968108400 926860 -923907 7034432
7902181715727620971 -3197264 -2349056 7044208
7902181775991787905 -1273888 -1512674 7382320
7902181788248300790 1149630 -716407 7187312
7902181798360665554 -1712753 -2657319 7006576
7902181824473502213 2302420 -2595245 7167456
7902181826940018664 406254 223293 8582000
7902181858377960999 1917754 -970083 7008064
7902181924703789002 -2723159 -1491148 7103792
7902181951886010273 -2062810 580726 7002784
7902181962919371731 -2137696 2264328 7091376
7902182004423820678 -754838 -478130 7382064
-6237054865622408754 -1910439 -2250656 7037712
-6237054822134119940 -1340754 -523224 7442416
-6237054802190051537 -3002428 -3246937 7989824
-6237054702200098501 -2287695 -218409 7067280
-6237054662861182306 961957 -245438 7196096
-6237054638161774569 -1388112 -3306029 7165168
-6237054588793888976 -2455267 2367763 7325744
-6237054560907087681 -3221267 -1481652 7134992
-6237054559771126992 -2236709 -1306724 7009296
-6237054474313211175 2246122 478260 7290672
-6237054434567900377 -6487 767914 7104384
-6237054391008526040 -2961250 2156585 7110400
-6237054332663629739 1712641 956051 7201728
-6237054243318331559 1071439 -1554658 7301472
-6237054191595378019 1627382 -194726 7658704
-6237054184567140675 -2380502 1709095 7299168
-2462993456024747163 -2749265 -171661 7493504
-2462993455549560976 2840240 -3308117 7091456
-2462993297748523473 -935589 1852782 7061856
-2462993245364124791 987627 7876 7135200
-2462993179239220406 2433069 -1119167 7875296
-2462993129681548219 -717578 347686 7174224
-2462993116629629338 2549851 54148 7223536
-2462993113028813684 2483204 -327600 7046096
-2462993086841142347 489866 -2477450 7346800
-2462993046426373007 1502864 -806908 7151504
-2462993035156430491 -1669095 -1854277 7308224
-2462993032705010242 -22965 -1403054 7037248
-2462993017799405955 1831786 -1562475 7312992
-2462993014559739732 556464 2146133 7036032
-2462992905097871100 -1577416 1867793 7182064
-2462992727324017653 -839739 -1483089 7327616
-2462992693785015871 -2443368 -3167065 8289408
-2059145050056820977 2404326 170031 7390352
-2059145010949090805 2624302 290834 7024144
-2059144974891938351 -1696278 -781370 8026448
-2059144962492375980 -2106696 -865683 7103456
-2059144924949570511 -2615792 -940507 7561120
-2059144916817739251 -942814 1756609 7018048
-2059144828626592036 -2164649 -3065530 7091760
-2059144780809033515 864903 549776 7013488
-2059144759350072210 -1799750 718567 7440784
-2059144731270652815 -2360070 2082558 7373552
-2059144703702603964 -1713975 -2892901 7161264
-2059144565431459206 770253 1955670 7847088
9167603137656935408 -838346 70675 7016608
9167603161927144924 -387908 2112598 7353696
9167603190096891383 2006655 1555091 7003488
9167603201042923989 1379442 -957577 8118448
9167603226813823109 1181036 -437093 7138448
9167603268266391171 13863 -682845 7362448
9167603415568887984 2258785 -396889 7060656
9167603479175938508 -2296283 -1077161 7169152
9167603483793259225 -2323413 -1010360 7170688
9167603494875327594 1264345 -1243921 7440048
9167603555229417881 -2432034 -30787 7089984
9167603575064052961 -1400285 -426184 7316288
9167603602595736498 1803803 -2318281 7066608
9167603634094487744 165309 736433 7446544
-3692613189993434846 -2328004 -1882314 7092288
-3692613058554123403 -3484960 -3113725 7114720
-3692612995108214235 1922483 1051313 7081344
-3692612979377390806 2908339 -1580060 7471776
-3692612902045868708 -124095 609467 7207952
-3692612856764683690 -2315425 -1687520 7341136
-3692612825478254905 -1467249 -1038160 7465312
-3692612816658671404 1842664 1455659 7128176
-3692612795814534700 2462000 -738545 7207392
-3692612765598411199 -2661352 -1963105 7135152
-3692612671218721866 -3162732 788457 7174688
-3692612639035939845 -97717 -2028057 7308992
-3692612612468016570 231083 -1954659 7498944
7580641757679821307 -2433808 -1977802 7493424
7580641766509068038 -3240 1420952 7008912
7580641793188160423 853826 1037979 7246720
7580641808889001146 817909 -212342 7045440
7580641840739735761 1605233 815230 7020064
7580641915386889703 -797177 -612564 7651616
7580641916795218919 -3135787 576352 7586000
7580641958550316546 2077544 -380109 8297760
7580641974074977700 -225195 -3009028 7143216
7580642005665056889 -2379714 -2644478 7213824
7580642101696102516 866532 -2961050 7167968
7580642136426545289 2307880 -717521 7484720
7580642213168160108 2624070 -2708323 7170752
7580642300454477091 -1279242 2011689 7107088
1694676119236520319 -1652842 708642 7197872
1694676128933792494 298800 2156055 7096832
1694676133562763416 -1500411 -2438534 8135776
1694676158278223553 -14506 -1174024 7051376
1694676169748122656 2226366 1039395 7218704
1694676172397418572 684992 338780 7034368
1694676259209705419 583807 -1822386 7060448
1694676260706276752 -238708 1488543 7274880
1694676294433667075 -2075720 -1093900 7107008
1694676375569049781 489596 595971 7172048
1694676457374128058 2329059 -2922507 7319952
1694676499390732998 -1847722 -1763707 7100928
1694676552331308514 2438125 -1834189 7317008
1694676553957931492 -2438605 1069846 7230672
1694676587868477135 -1918741 -2186601 7089712
4871644646792917922 2561299 -1994853 7398272
4871644725204038971 -1859732 -2092412 7029120
4871644776579199245 -160334 -1593906 7368752
4871644838792081782 2381024 -1565920 7879984
4871644841035221374 -2342188 -1078382 7200432
4871644873318087637 -1549056 449698 7330496
4871644883255153079 36197 827223 7123840
4871644887105045312 -3431389 1039232 7039264
4871644936274439443 1325872 -1583969 7386560
4871644976847863389 1503757 420396 7188320
4871644993513697186 440794 714634 8163520
4871644994217896836 2652680 -700087 7162544
4871645097045251749 -152268 2371652 7011072
4871645173742861591 -1472241 -117352 7021600
5595387464373094725 1207101 1848568 7367120
5595387557913870482 2615525 -131234 7109008
5595387629108830803 -2143969 332546 7240176
5595387657457494094 -3234130 351403 7355296
5595387701796407204 76087 -2905579 7457904
5595387793110533512 -293312 2117034 7215616
5595387885939067407 2122178 1083654 7221072
6168087556891561038 887455 916410 7166448
6168087583912153454 -2707372 -54832 7033360
6168087635960521087 -2512082 -1816664 7022640
6168087767187766931 893720 1083075 7488848
6168087848476209021 817843 -220338 7449568
6168087926608469912 -296974 2224323 7074464
6168087966569143474 659699 -2937083 7533920
6168087984422241888 -2335123 1951115 7172672
6168088007717532705 -1238944 1825854 7267216
6168088050891606960 2054019 -2605641 7328192
6168088053664467112 -1791502 -894531 7103008
6168088078044196216 -2276557 -2514011 7004112
6168088169331250459 -1070441 -2459795 7134896
6168088199213348487 -2109667 656582 7644720
6168088222264274706 -1066306 -919271 7541232
6349166843761775778 280861 -1286437 7313856
6349166888967549146 -1930847 -669473 7576608
6349166973853068795 2527464 -2452925 7029952
6349167027000133522 -2960323 -2601712 7564496
6349167032340567225 -746088 1002924 7020160
6349167071227007737 2638643 11646 7579952
6349167093058759564 -2322518 626582 7044096
6349167191500845376 1672899 845271 7220560
6349167254258431300 2982772 -1320448 7382368
6349167275050507060 481461 -3138334 7031776
6349167275804647700 1232193 501856 7184528
6349167346971426391 942979 -2117068 8167488
6349167386092554068 344116 -113455 7095232
6349167399301796181 -2954612 -2967388 7624544
6349167400669926129 -2460383 -1664478 7490576
6349167485701855628 -1951515 401059 7878096
6349167500616274108 1353672 -1341838 7453824
6349167502786791181 1899614 -2130746 7233488
6349167515403412462 -3318369 206195 7300736
6349167534181916856 1248756 1469313 7201648
6349167553285591668 1052262 -2423419 7099232
6349167592802215434 330155 -2125535 7241504
6349167599438159444 -216465 -2619163 7171520
6349167608095750688 -2604862 1648707 7157888
6349167651618239949 2148190 47050 7116720
-3557358861576855088 1869799 1700983 7127360
-3557358846813722725 -3494824 -1949579 7198528
-3557358821036941190 1067784 -2359186 7150976
-3557358808114413957 2650605 -3426793 7610400
-3557358805711135864 758154 -3358871 7023904
-3557358798693805771 -1036127 -3534249 7652496
-3557358790771370585 -714339 -3331623 7714224
-3557358790317614161 -1730377 -2413973 7156256
-3557358742545312337 -559995 1946213 7230560
-3557358702712995654 2172643 -2682136 7052896
-3557358695259149492 1891155 1004145 7059600
-3557358673239847861 -2769912 -3040515 7213664
-3557358664397479645 1233094 -150348 8226688
-3557358658356494541 -777502 -871095 7110288
-3557358619285632276 -973511 -944768 7164160
-3557358613498042431 2017219 621182 7030736
-3557358539868554975 375777 1562288 7538624
-3557358536744734729 -1605263 -1909024 7177808
-3557358459176074223 -2797692 -826652 7009408
-3557358415647796793 -1951492 -390837 7216688
-3557358409547560571 -2110902 813952 7001824
-3557358363635601593 553580 296931 7157200
-3557358355686990263 -2373436 -233865 7028784
-3557358327823081931 -1628754 -1742910 7319488
-3557358307420691418 2697633 -534161 7290176
-3557358285102470394 -151961 1424355 7296096
-3557358280272040258 393277 1047994 7064336
-3557358272785985464 -504732 -1890142 7584144
-3557358228765426311 1072774 898419 7122400
-3557358186314173221 -1452094 1455728 7183440
-3557358182104587775 281858 824274 7085616
-3557358044091776074 2174423 -157742 7262640
-1286796608201599410 -2316871 -2101865 7247040
-1286796595317541947 111402 -2429744 7252768
-1286796512187647482 2293056 1688397 7400864
-1286796439213947007 -711937 2035327 7016496
-1286796385611619898 -2666931 734536 7070496
-1286796346567489699 -2234345 1139728 7089296
-1286796309454394942 -615446 455372 7403040
-1286796294357066686 1876148 1662475 7618096
-1286796200554782037 -1997944 -1080228 7931616
-1286796130459407178 569956 418310 7050000
-1286796096852396229 2047251 -1359475 7131696
-1286796094035343703 -20029 -1376864 7105440
-1286795967226880222 -2580444 236660 7055488
-1286795931653194649 -140075 335003 7181744
-1286795930071600623 -92214 -1074386 7019392
792585091951074655 -349949 2370614 7008080
792585113587204728 -1183314 -885948 7405200
792585121714017716 -272828 -566594 7104512
792585169001680559 446493 1089532 7492128
792585225076409261 285690 438230 7029328
792585242375962993 1682718 -1371467 7230784
792585320107541264 2509837 -3197480 7158512
792585374186320899 -276285 -521682 7116464
792585444135081856 2520743 -1438173 7433536
792585511646497642 1033433 1655060 7200016
792585538875229468 2431500 975632 7159872
792585601899175581 -1536427 1506013 7776480
792585650710504703 2199621 -3379699 7313232
792585814296814148 2894017 -2799797 7121744
792585816963244487 2765922 -3351547 7443424
792585828507836657 -1857630 1060368 7047216
170907626642643825 -3310878 1229910 7118176
170907629950082167 -2782248 -373428 7160784
170907634056521160 -1948663 -1868647 7896352
170907749807098744 1353956 -1126395 7206064
170907770604228993 675002 -1829289 7321712
170907836871286513 678983 -803966 7534032
170907880537199540 -1625427 1914613 7468960
170907894077256920 1715655 -3086321 7528688
170907957236178803 -2243055 -1869945 7283360
170907993502475299 1328629 -2530192 7212912
170908029737144748 -1415864 -804414 7077776
170908075176291883 -578120 1358592 7145760
170908076931344587 608458 553986 7611680
170908076860107010 -715697 996126 7262192
170908091990968597 -2990288 1682505 7085168
170908093064679377 2490173 -2201713 7280704
170908210287728447 -3583199 -2650431 7358768
170908237951290478 -259329 -2728134 7099440
170908251253576588 802489 -3444681 7165952
170908283585987379 -875968 -769914 7162576
170908310054015436 -1562737 -2429772 7082832
170908310505236304 2047261 1267462 7013264
170908327647132914 -1903745 -910675 7498704
170908394713886363 -1458443 -70478 7587888
4539190635975842151 -3492797 -1053662 7272320
4539190637874239064 -2360826 2053382 7159984
4539190667893972931 -2402539 914554 7215760
4539190673830845294 -2480498 2026158 7026528
4539190792758671735 -2936411 -149912 7113824
4539190870420337903 -1330311 -1946482 7282464
4539190903570860623 -326005 -848201 7276992
4539190935432396382 -967530 -3223505 7389248
4539190940256869749 -908461 119666 7401072
4539190963338455210 1486861 -3467580 7338384
4539191051190363182 274123 228267 7199440
4539191071702953300 2192362 -1514945 7190640
4539191121791664854 -1766508 -2032831 7134416
4539191157580032992 2199260 809962 7555968
4539191218227276089 -1853723 -10063 7434464
4539191299629010097 -760916 -1002180 7243952
4539191318299431200 -1683933 -3255875 7067808
4539191421566058006 -1495119 474082 7286720
4539191479237578116 2901438 1413206 7144496
-8201219579973313988 640152 -1267316 7723040
-8201219550491563686 -2463354 -873720 7207696
-8201219533093377074 -1855278 1751803 7142352
-8201219499902775678 705621 -1517544 7373200
-8201219462952316878 -3324498 -363244 7365728
-8201219449091649690 -2852080 1233458 7144048
-8201219205295714241 2447835 -2117056 7141872
-8201219199876409203 -2789875 1590692 7252128
-8201219176076455191 -81725 -2367021 7113904
-8201219123320791839 -2696477 171103 7118400
-8201219036070464754 2411749 -791872 7602976
-8201219013114843056 2195837 -1746959 7092000
-8201218961048533712 -62254 -133191 8309632
-8201218958258446347 -1550420 -950663 7115872
-8201218927566301490 -3127670 -1490127 7100656
-8201218791415520379 611842 416406 7239696
-8201218788176343574 -850325 -3518990 7416752
2821650787885006926 -915051 -2845219 7405776
2821650829685202243 128076 -2979023 7157264
2821650882810197807 -2231380 130738 7646656
2821650902270818143 -3433579 1488397 7266224
2821650966304123071 -812885 -707642 7563136
2821650972784885365 2141371 1923598 7107760
2821650992551422621 1287599 267662 7303184
2821651074090688751 -2040797 286147 7056208
2821651108785353855 -1030274 -937577 7160144
2821651149753625538 585256 -1600239 7007840
2821651169321908839 1636342 -2802901 7017856
2821651200485691418 507698 -197437 7020112
2821651205366301641 -2610827 -234414 7153296
2821651207350036161 75901 -2077749 7643856
2821651260917116940 -1208505 -3311797 7142528
2821651297378008358 -735265 -403293 7082448
2821651334119613796 -1067260 1351454 7144208
2821651400045233981 2230110 1003345 7023056
3622825347125942564 -870030 -555238 7324624
3622825350708747206 -2261098 -301885 7015376
3622825384378213811 -212394 -402348 7137776
3622825425012527192 1360964 -709834 7370592
3622825464018285708 99941 -2775226 7181232
3622825470339913514 -2216873 1439442 7017616
3622825533950074169 -239874 1314973 7358928
3622825593269977832 -371648 -1712123 7318800
3622825742023883233 -3182847 -13578 7063072
3622825753939036538 -1421516 1254091 7013376
3622825813177740676 -457019 1409856 7085088
3622825813740322985 -1317224 1997107 7078640
3622825836804845827 616082 1294782 7042528
3622825881136594849 2182026 -2157239 7394272
3622825891507950622 -2832769 -801988 7317344
3622825935662620512 -410822 856763 7005056
3622825974139431810 -2180375 1758524 7003712
-351679066921565275 2640958 904107 7148480
-351678835774505696 -457765 -3150398 7382448
-351678755953146201 -2131591 1662077 7009024
-351678727765571966 1145169 -742036 7030704
-351678715652592288 -3117197 -1806815 7357744
-351678678241341959 -1059776 -3018349 7225696
-351678631858495643 -84273 -745863 7421072
-351678627232978451 -1813198 -1186391 7353616
-351678530714084054 -2855483 -3003806 7147456
-351678490280524693 -1983945 2214655 7229968
-351678475624845244 676102 -1824249 7212016
-351678464009856847 -154124 -99718 7324544
-351678456580534572 1907381 1004669 7622576
-351678454197263302 -3002728 259241 7168400
-351678418994371640 -887934 -951023 7019488
-351678386081832592 -59255 -2582202 7960160
-7800710730018987038 -2978816 1617622 7692912
-7800710722470149485 -1649797 -1347184 7197024
-7800710681712925215 2494389 -2120090 7109520
-7800710591852134609 2723638 -812855 7430896
-7800710474843661960 303741 -1879869 7498672
-7800710463148979085 -1519594 -3088075 7164752
-7800710357436821890 -2423451 938510 7547696
-7800710323517728904 -3153651 1614803 7306928
-7800710321641557863 -1665902 -2035022 7449056
-7800710318404095027 -323757 425300 7354752
-7800710153796777711 -1275092 1978643 7002464
-5008170759237416010 -1687909 -2566619 7517664
-5008170706421831566 -821702 572968 7024000
-5008170658519120143 -2461889 -178405 7230672
-5008170603509221624 -3422099 -361388 7150160
-5008170538865108612 1635645 -1890973 7575952
-5008170536885499529 -1949144 634025 7189696
-5008170508142967058 -2800386 -2692214 7010640
-5008170365853623539 -1941214 -2742212 7278112
-5008170349058926669 -2688447 -793378 7435408
-5008170252386473778 -2896105 931293 7215296
-5008170206770170045 -2600950 509795 7223344
-5008170091600892710 1253212 -2612646 7179024
1324388421511373962 -2234629 1857117 7069552
1324388461236048850 386624 -2228116 7311888
1324388481432033913 2195632 -655177 7034016
1324388550545214092 -3600929 -1380680 7433824
1324388641897847254 2517569 1433559 7260752
1324388652412102609 -727133 -537501 7058992
1324388657142275076 2008391 971071 7007488
1324388668673177696 -2587941 -615761 7744032
1324388719060192088 -2460108 -2616137 7018096
1324388780084054330 159337 71931 7190032
1324388784604989178 1461476 448097 7518976
1324388814171068294 896165 -3038739 7620496
1324388829620382981 -2448715 2411223 7863104
1324388878922989952 -2223463 810238 7642320
1324388898830375055 856916 1340998 7031792
1324388903930833254 -2654667 -2532136 7103264
1324388941873531475 -1165177 -98689 7179184
1324388959246177112 2625170 -951809 7333504
1324388988727290811 904696 1950232 7195808
5715101651020183555 1063972 -153460 7036112
5715101664887578599 -2214617 1873331 7278560
5715101712749424436 -3097139 -1516636 7000128
5715101731356415859 1712552 823477 7119344
5715101749862939204 2371555 -736755 7270160
5715101879366822347 999600 -669443 7215008
5715101926353342695 440644 583558 7089648
5715101950309360363 -2223775 -725057 7113248
5715101966210788573 -3102193 1673104 7992864
5715102084565982463 -355314 -516535 7009712
5715102113041775047 930490 620945 7418304
5715102168283067269 -1077754 785155 7312144
5715102192859195462 -1063519 -300895 7078112
6836367958904271594 -2529136 -723007 7793616
6836367971803473080 1099928 -722727 7272240
6836368032313907360 -3449482 -3065679 7424192
6836368064851656236 -564511 -2386709 7224896
6836368105939978159 -964782 -250902 7158928
6836368121609574659 69036 -3203292 7228464
6836368226492571011 2509461 -9968 7077552
6836368282477688060 -3087540 2134452 7255856
6836368286192544100 -780552 -27379 7072256
6836368302704020750 -2374037 -2456633 7001856
6836368355328011196 -1441381 -2058669 7024064
6836368361407833811 -2717146 70241 7011856
6836368457138103641 -2189306 -2844411 7065504
6836368465867913909 2466662 -392477 7108784
6836368472580626224 -2502664 -2505934 7347696
6836368510109541331 1383704 1806956 7238096
6836368531304258272 1229015 497271 7142464
6836368567615760190 564215 -3136352 7340400
6836368567907546234 -2908080 399397 7022864
6836368643532035074 -792381 -1972779 7397072
2310530469293643656 -3501187 -2348879 7035408
2310530586532378110 857256 -1228708 7575024
2310530717418776976 274357 1697352 7406256
2310530777461123442 960647 -2066605 7443376
2310530812072835046 -115960 369857 7298320
2310530856228017592 532522 -1117185 7165888
2310530860042227547 1046870 -817274 7331984
2310530929185836224 -1347244 -1265627 7228240
2310531010175964057 -1302566 -2614082 7047488
2310531039139847356 -733995 1622807 7062512
2310531059191093030 383947 -742655 7125088
2310531086976926802 -375932 -455851 7670912
2310531094031001496 -37493 -3294959 7464112
2310531153541701240 -2409754 -1578042 7635808
2310531227079277258 -2460206 -2346140 7199296
2310531245979840070 941145 -3130960 7481696
2310531247352765910 -2048956 2007258 7404272
2310531402261897477 -1477267 758865 7230336
2310531429543505402 2159804 -857779 7482576
2310531478358849369 718536 -2846470 7373584
-1313043906134459931 262449 -2537371 7447296
-1313043882031325024 455328 -1468156 7214304
-1313043861225730521 -379654 -1436516 7048272
-1313043859102701134 -2990631 1869370 7068320
-1313043852883871930 -1522109 1549831 7470464
-1313043806842829283 2972437 -2705972 7055232
-1313043782169183093 -43871 1029822 7064000
-1313043721024611853 1868143 -32196 7322272
-1313043695501673107 -860740 -1433585 7855728
-1313043655067670543 -1840213 -3313540 7296272
-1313043620164306080 -568935 1023607 7253664
-1313043547321150578 655812 353520 7079344
-1313043426071152899 2759006 -1168611 8050304
-1313043394259010459 1244393 -1453193 7253408
-1313043377129858923 1395342 -2708752 7464128
-1313043338237911723 -532746 417789 7054736
-1313043338228159782 1125622 -2168754 7019760
-1313043324950746026 -1805218 928290 7282448
-1313043321199360455 -1415270 -3418768 7063520
-1313043318504470882 -1346451 2084974 7080576
-1313043305637676124 1795928 -955535 7246256
-1313043285751162394 1769295 1490161 8232592
-1313043280654906236 -105398 -214583 7339488
-1313043272771728921 276694 2196383 7123264
-1313043258727937683 -2797207 -2567546 7179424
-1313043161199410681 -1770133 1399318 7051200
-1313043099892362852 -366056 2422544 7010832
-1313043076587578434 2598401 -429339 7037968
-1313043035689904381 1844146 -237624 7172512
-1313042952306647385 678353 -25982 7526304
-1313042935349612048 -2953637 -320927 7661920
-1313042854352858826 -3393648 -3182205 7204256
-1313042748826291891 1081415 -2776975 7067792
-1313042748428073302 1160763 -981084 7990304
5976927835394124131 -2506173 1945932 7479856
5976927836316808369 -2041431 -2991291 7380752
5976927892402034465 -3324810 -213990 7100400
5976927947604987429 2502502 -876015 7012064
5976927977032460704 -2865013 575537 8430208
5976928015708037521 -680359 -900311 7256784
5976928038006834477 136731 -2896972 7238112
5976928050458303278 -1661888 -351003 7228416
5976928062585687511 625033 -2314546 7034816
5976928134032790295 -654514 211345 7146960
5976928206583673217 -1056441 -1774508 7072736
5976928241851646041 855369 -1860066 7033440
5976928242531531106 -1155794 -1006609 7026304
5976928272166607956 -1860034 -2160845 7583568
5976928273466985024 498638 586597 7105376
5976928294260365021 2677551 968412 7159696
5976928363944890461 -2692790 -1713058 7619280
5976928382866677798 -3206893 1809216 7221952
5976928391648003713 1020370 -3081928 7075856
5976928454629751508 1473998 -2959112 7359776
5976928457053060327 -2801266 12566 7186112
5976928466497899890 983513 1357353 7743568
5976928481015429775 1963738 -1321880 7548288
5976928529133508796 754627 -2587417 7268000
5976928533875886220 2901521 -87508 7040272
5976928573379759358 -1858036 1586148 7565008
5976928616018330124 -2011399 575556 7519952
5976928678862430784 -2783956 -238289 7214576
5976928698656967889 722817 -2219821 7080944
5976928741772826061 234209 2208237 7075232
5976928745048693653 1756409 215935 7343536
5976928775107764251 2585445 -1821696 7029792
5976928814687742679 2511563 -1129601 7236304
5976928846253135942 1677931 -2693810 7125456
5976928904451560755 1090911 1726537 7771504
5976928927829378135 -2766589 722166 7315408
-1447025420265433708 -2900544 938682 7229472
-1447025381180098204 -1548315 955862 7217568
-1447025379606370571 -2308795 -1859317 7270928
-1447025019051118486 294901 -3092657 7094048
-1447024990575640030 2980158 -697342 7287728
-1447024975208239391 -2229152 1320913 7478016
-1447024884605721356 -1701013 -3357990 7486608
-1447024874015832638 -2277614 658106 7422432
-1447024859466514814 -192118 -2555349 7185008
-1447024804254202840 800331 -2548930 7572016
-1447024768855758727 -1571861 -2455151 7157968
-1447024753917548623 -1514584 -347952 7484912
-1447024678753235286 2537011 870253 7623824
-1447024642737814677 -1746846 -840323 7107376
-1447024638444958432 -1561793 1548997 7064160
-1447024623320189671 -378182 1115618 7132464
-1447024613485814584 384900 1359817 8112848
-1447024579690249387 -821305 -3068319 7025344
-1447024499739684657 2702880 311587 7220736
-1447024484948916874 1644245 -2501529 7101632
-1447024480261718608 -244299 -2109754 7137520
-1447024469763022010 669875 -5557 7270048
-1447024465725736958 -41030 -1408319 7059472
-1447024422455673554 285693 223499 7289088
-1447024400406802326 -1014892 545759 7192464
2147561948801270859 1953957 -1563353 7109904
2147561957032439755 -371442 -1482893 7002320
2147562015896368826 464883 938864 7345184
2147562060285729457 1698226 -2403569 7065072
2147562118327321722 2193653 -2171513 7299520
2147562142410689247 -1497842 1545977 7426256
2147562159378814118 -2640830 -2202457 7075280
2147562164293146764 -2650367 1075071 7123536
2147562241951704856 1393416 22028 7064608
2147562354784943719 -3225598 -1382968 7301488
2147562361503414655 2648827 -3292409 7200864
2147562475791516543 1002630 1850194 7341200
2147562475981076733 2945221 -1835440 7002144
2147562477958583594 955668 -1883589 7726736
2147562494621642666 -2979005 -3068762 7080448
2147562510632940759 2220108 -119080 7253904
2147562547706763166 -3156374 1873637 7088640
2147562581760300025 -2739546 2215690 7299536
2147562650882208981 -67599 807849 7100656
2147562656471029569 -3262613 -2217827 7167360
2147562732676009911 2337867 1772287 7025104
2147562799260364455 -2230962 -3068504 7310448
2147562826686529942 -1212014 -2287146 7266416
2147562841052871150 2940035 591744 7645200
2147562928025301656 715485 -1833194 7085920
3020142675022517498 457736 838606 7344976
3020142688260401858 -84864 123295 7050544
3020142691305568613 -544575 -154352 8773248
3020142705040499305 -288473 992384 7291504
3020142740997312050 -2947200 -1341489 7220400
3020142818559732018 -1162367 -2121791 7072576
3020142830774295196 -2203087 -705820 7256544
3020142842063681607 817361 -1548221 7555712
3020142985248225206 -2180378 -1600016 7008704
3020143147994819727 734694 -2097222 7268912
3020143151197616651 1842386 -2577128 7149824
3020143180289961118 1627575 1865551 8490512
3020143211975963807 1885780 -76338 7250032
3020143253848864118 -907419 1229424 7912080
3020143332708528450 -204915 832997 7105744
3020143393381854727 10931 1908991 7451936
3020143423226246862 649831 -2147847 7875568
3020143444306475169 2337499 -1391250 7100224
3020143463776768562 577602 -917461 7555984
3020143700869130304 1520915 -297236 7569712
-1316997461297612466 -2000829 -236386 7174560
-1316997449927057933 -3559843 -1302643 7189792
-1316997320082650558 -3075028 -3061787 7181600
-1316997236714652853 268852 -918594 7415312
-1316997225121029722 410172 1123010 7417056
-1316997192768575822 2440262 1490380 7517520
-1316997180787754827 -54984 -723058 7405328
-1316997131389957160 -3056289 -246581 7139856
-1316997069540791074 1525912 857209 7324000
-1316997065123972575 583492 332068 8213952
-1316997009660024360 -2732233 402643 7812480
-1316996915455742064 2410460 1103328 7290704
-1316996838300143422 -3062319 -2929845 7056336
-1316996821309519013 -3447271 2553427 7297472
-1316996765722634680 -818447 -2701917 7082880
-1316996746046870465 699388 -3271452 7235696
-1316996725299434871 -1306680 -1947894 7234752
-1316996642328538303 -1912671 -2884691 7392496
-1316996404123634118 1338665 -3385392 7493728
-6647461790345290795 512917 945118 8263488
-6647461740285853521 1754719 -1810166 7425792
-6647461684772214522 1946985 1030871 7032576
-6647461659019206399 -1478633 2435797 7114448
-6647461605124557116 689678 1362501 7056880
-6647461585308407343 1075162 355302 7107344
-6647461577306014183 1987369 1610831 7154480
-6647461470648787860 -2282099 -2890191 7281552
-6647461457634862636 179556 1660559 7033088
-6647461431914910290 -999137 -1751150 7355632
-6647461304700627267 795868 -1070246 7041232
-6647461251729619861 -2915230 311455 7356800
-6647461227565963890 -1523255 1541090 7004128
-6647461174416457874 595275 -2318960 7181488
-6647461165820788008 218286 278123 7318400
-6647461130348973431 -859527 2102798 7092544
-6647461101213165708 -820185 1087624 7103136
-6647461064368693961 -725220 1507489 7323984
-6647461059100176314 -557707 -2345337 7326448
-6647461043692035195 -2614178 -3036610 7227536
-6647460984346524493 3034493 -1109401 7023360
-6647460935940810453 -2716228 -2577025 7614720
-6647460850158731149 -159098 1837090 7382992
-6647460849763821069 -1680036 -1093117 7065216
-6647460814095841257 -2063348 -2894050 7102944
-6647460778205596843 -1898826 -2196904 7236992
-6647460772287517720 2520668 -2900550 7073424
-6647460722412393439 -3167581 -1299656 7025568
-6647460692302559145 -76977 1846446 7221600
-6647460688713027108 -3068102 -66160 7772672
-6647460622855864184 1330047 -1915054 7355088
-6647460598560462699 -1642129 2349225 7132816
-6647460588127209022 1060164 1043662 7201808
-6647460582270620347 -1075780 1801370 7163424
-6647460560112149154 1565915 -778593 7562080
-6647460510216400664 -3097534 1814624 7021568
-1232593385629174246 1889557 823510 7039312
-1232593354527584716 2312670 -2893887 7092448
-1232593312835370016 -3108078 -3221475 7040736
-1232593244559284235 -3028476 -2048757 7099520
-1232593218609096647 -1524022 -2760277 7779696
-1232593035036781415 -1329153 2412936 7476352
-1232592991319568609 -302592 -666756 7003040
-1232592966727059166 -879727 -1689164 7016208
-1232592900515533796 -2711092 1235965 7146576
-1232592781369938226 948263 -925879 7104000
-1232592738662087344 2443976 1614520 7157824
-1232592638960233356 103186 -917893 7138912
-1232592601730645675 -2033274 -3407240 7027968
-1232592577883736441 2270093 -419604 7494448
-1232592518010511769 1688786 1276734 7473504
-4454078831710014434 626401 -2101040 7081440
-4454078772456521754 37423 1730888 7222464
-4454078763962748884 -3005848 -1572152 7050416
-4454078756269074354 -1886533 42315 7211360
-4454078745446391093 2821060 -2155043 7190560
-4454078645739911602 -1313314 -191755 7035392
-4454078643935632308 2431527 -967225 7371056
-4454078602168085018 -2333085 1752253 7020256
-4454078568134744164 -2702645 -1497950 7524352
-4454078530911513832 1814698 -1345098 7040448
-4454078528427624225 -1484307 -2216530 8172592
-4454078401954359374 -1446914 824116 7023072
-4454078365054621536 15513 1300343 7145504
-4454078300474530689 -1155859 1214318 7504880
-4454078293188370520 -178421 -130426 7199440
-4454078238348903476 -1288447 1924822 7286960
-4454078102379912459 2517151 752319 7149328
-4454078055632483848 1223611 1749847 7011504
-4454078015626613595 -1996067 -1192874 7002800
-4454078008883504043 1973057 1540356 7159088
-4454078000152193137 -3164807 759895 7134912
-4454077977478245707 -736493 -1476531 7906512
-4454077970294326045 -2542753 301655 8035936
-4454077943951859169 -2473879 -2936541 7084832
-4454077898279593964 329904 929590 7575536
-4454077859953484919 -3254277 998127 7339328
-4454077844278754867 -1053673 375489 7138960
-4454077810431376840 -907907 1076997 7370832
2433235745970721898 2554606 624169 7230448
2433235747897302025 693226 -962092 7000144
2433235770854035599 -2613016 465623 7325760
2433235776758277130 -3416119 -528145 7105088
2433235812612887652 -8687 2072144 7178272
2433235917523804297 1809600 801147 7485952
2433235954242160768 671039 -727981 7576256
2433235961669818456 -2682229 -936932 7050576
2433236021919570182 384579 -710598 7312096
2433236027083744001 350107 1659384 7113568
2433236138086175481 -1331340 -2095117 7091552
2433236168981751158 -865039 800589 7383056
2433236298329192230 -180504 482532 7062272
2433236359739724264 334079 -3353784 7739984
2433236361111449746 1564045 1618010 7460048
2433236518411195251 736437 -2851363 7420976
2433236578950427198 2066420 -133676 7036608
2433236607205442483 1944561 -1394365 7361024
2433236607575320346 2576523 -1316431 8182000
2433236610663980645 -2298226 -1168402 7691680
2433236612540876689 1163643 -1679331 7083920
2433236661917253996 -2111782 -1366112 7545328
2433236665751904035 -2874847 -3565153 7067696
2433236673557420846 506718 260402 7022240
2433236709900183071 -2113668 833261 7769552
2433236778842715459 484606 2534569 7019568
2433236793532022027 1186059 1333452 7323600
2433236793808072374 2052958 -300009 7213104
-8546266860333023869 1165285 680003 7036144
-8546266801361037200 -2509912 -2116137 7497008
-8546266679685511709 2434731 -2876740 7121520
-8546266653693094016 -2230728 -3183389 7326080
-8546266622221879243 2815208 -948666 7936512
-8546266612807485304 -2373925 -429711 7210112
-8546266595328021885 2223119 -1133714 7127200
-8546266576457018170 -2674781 -2702054 7053984
-8546266524040041085 1692819 736141 7136080
-8546266438604664413 2196895 22693 7004288
-8546266386286361632 2506781 1411446 7132992
-8546266357625222485 -2747205 898411 7276080
-8546266294628916445 -513196 -1841120 7330896
-8546266272278573688 1268438 773832 7071680
-8546266264534750001 -314503 1766281 7755360
-8546266264067081002 -943248 -835339 7005872
-8546266171256690794 509864 1277791 7006432
-8546266167759826887 2256631 558551 7152656
-8546266166846807864 249358 -264466 7162880
-8546266065099283583 -3298213 1521209 7597264
-8546266060771742063 -2467812 -961839 7062048
-8546265991137771692 628240 -105973 7366304
-8546265941870061206 -2011947 -3218342 7127920
-8546265745325983152 1461689 1280886 7079536
-8546265702795019319 624361 1993966 7537936
-8546265514915405624 -293532 55209 7170448
-7237176292960973931 -1108040 1130898 7223328
-7237176252888491480 -311200 314040 7265584
-7237176194997001914 -344520 -1533536 7608320
-7237176164704002663 1210222 175286 7341888
-7237176154091848186 -781654 -2025678 7660496
-7237176062671977657 -2045513 -2550127 7519440
-7237176047395392090 -3097929 2330355 7091024
-7237175972571019099 -133345 1370984 7007568
-7237175904503752823 1084689 -2987137 7529200
419328148342081143 -623827 -55582 7277328
419328161995584685 -198217 451020 7687184
419328219342500372 1612275 -1173972 7482736
419328355936342200 -500828 -3156336 7272016
419328447997042008 185526 774022 7233760
419328570462867747 -1276250 917087 7580144
419328597261211518 1168061 1196249 7130496
419328674792031892 10125 540154 7148992
419328705117251734 -1284469 -885117 7034048
419328725796178348 -2500420 -3360770 7402288
419328762574345382 1498743 -2537747 7075136
419328785130691318 -1508402 1976722 7338448
419328798303690957 670391 -1644516 7020304
419328878688634090 383042 2364979 7076128
419328923631165758 2905114 1725456 7127936
419328942509355921 -1519765 507141 7284016
419329021751486432 436697 -2023980 7053920
-3856510744372800726 -2725250 950993 7337664
-3856510729630226712 1658823 -2266289 7022912
-3856510726658083734 2841023 1704674 8657424
-3856510672039973991 -730470 253905 7327296
-3856510594130079285 -2814143 1924538 7583504
-3856510583331357775 -437809 -2539401 7292816
-3856510565992789105 215937 -2898635 7180672
-3856510554359520768 2400471 651769 7082384
-3856510461590634665 1747654 -2126810 7541232
-3856510407102042931 2004735 1176877 7002288
-3856510358911530940 599349 -2319261 7144112
-3856510286962126500 -2750283 1538739 7059456
-3856510272558844101 -3248591 1531170 7049584
-3856510264191854107 2436649 -991381 7113632
-3856510243916762327 -2747335 -829445 7021280
-3856510201563188963 2159479 -2737295 9291424
-3856510114906285189 -2418269 -2456708 7132416
-3856510075758290821 -3398274 1569286 7531024
-3856510046736202691 -3224091 -2944128 7756576
-3856510038589422262 1939695 1197878 7802656
6388585921986375985 1468085 -1431225 7489248
6388585948111651197 1902172 -1226251 7075584
6388585976598890100 -1373649 -2284336 7039536
6388586011071964537 -2907888 -1653509 7045568
6388586102015111216 -3323415 -860381 7012560
6388586252703443616 -2994019 -1870688 7023664
6388586274343538712 -2711408 -3009092 8616816
6388586275549928985 -348549 904326 7637808
6388586276099445261 1096767 -1598555 7204208
6388586369112276086 403472 1075861 7382560
6388586518619484244 -2827877 -1311721 7646656
6388586564645747388 -979246 2252161 7221808
6388586584550056577 -2096510 -1212674 7050496
6388586643133847399 -2533685 -1740061 7263280
-8964582501075465957 1122575 -3097898 8147648
-8964582389657282042 211209 -1084118 7000592
-8964582342597509931 -2908194 -66250 7089408
-8964582331817748575 -2171201 -1863129 7177664
-8964582325011546467 -2943252 944191 7216272
-8964582298598561536 -2984332 2265102 7825504
-8964582266703095133 2067042 -1154663 7744864
-8964582166587011106 -127447 309247 7043744
-8964582155670545163 -2960971 141966 7042656
-8964582090882488364 28022 1462155 7259984
-8964582088849174206 1697436 570449 7114816
-8964582078065829252 -1891545 -2429048 7360128
-8964582057677979276 -1626812 -602351 7850384
-8964581980581535986 2244942 1565373 7082544
-8964581943150751000 -3056006 -2304533 7432608
-8964581936934541821 -968785 1549448 7524800
-8964581910033890717 -676871 57594 7191968
-8964581875900739504 -1586690 2031783 7007984
-8964581863205405755 -1391913 -2277359 7163664
-8964581859507044779 -1853402 1934563 7270688
-8964581847835871392 -2032312 -1009562 7065392
-8964581827551010317 -1996500 1142540 7159312
-8964581804823060602 -2659607 -1771665 7185216
-8964581801549639451 -665383 2577842 7356464
-8964581792364668264 -477139 791122 7064256
-8964581754571602289 1940559 -2575485 7094672
-8964581736099123526 -1989450 1339040 7204800
-8964581688929533448 -933950 908767 7386240
-8964581687603518933 -753648 2116056 7125760
-8964581674169932022 -2695026 -237674 7004800
-8964581639949174492 -1778620 -808856 7324960
-8964581617946714895 -282217 289797 7224160
-8964581606882875138 2276654 727716 7047424
-8964581562340767597 1002100 -1651502 7002624
-8964581486944952502 3129464 -2757916 7154608
-8964581461770847902 2899272 -860421 7407808
-8964581438022001853 -540418 1317661 8053104
-8964581271843700786 2773632 -2411965 7644688
2538898909029934114 -609644 -1871672 7024384
2538899018789989757 -1312032 2011082 7444480
2538899028967067420 -580807 -2229436 7189456
2538899042531079327 852257 -1094876 7814016
2538899065692841784 1637392 -2219569 7244608
2538899107374039760 -3178593 -266184 7398144
2538899262994816215 -3037816 -1478180 7170576
2538899465179521297 2769012 -1343043 7230336
2538899584320067966 -2549667 671567 7024976
2538899636979937877 -970099 -1779510 7445184
2538899683759411691 -2142171 1368835 7292208
2538899757739813680 -261345 -2902623 7425760
2538899768000974633 2324347 -3547087 7026704
2538899783691536371 2241194 946492 7051248
2538899842378897040 -869012 282286 7251120
2538899853120223497 -2054548 -2022015 7446352
2538899919676213325 -2346483 -2479809 7542176
2538899932998531326 -1345239 -948024 7034864
2538900001191489369 -2036922 -1126524 7164304
2538900048044980382 1192628 -2856341 7019552
2538900086998968660 327603 -817412 7180272
2538900148584276842 -331926 -3293608 7610640
-2398921271529997195 -2683483 1855619 8204832
-2398921234532681741 -2753093 -1161119 7292256
-2398921187695971803 -3036223 2286810 7959344
-2398921185022702997 1055244 -2702634 7406848
-2398921154151286140 -1020859 -2628788 7166192
-2398921145964648863 1187326 -2638220 7159872
-2398921076794106720 -2509367 451979 7028016
-2398921052273214218 -3098879 893862 7410448
-2398921016116323461 2180991 1239075 7176976
-2398920901987411731 68546 -1380631 7490352
-2398920876157989136 -332168 -1677425 7186272
-2398920858950847890 1591177 1328335 7567392
-2398920834828946223 -1547178 -1942183 7591312
-2398920831678504546 2140409 -1651748 7155520
-2398920817923996703 1953495 -1842510 7067168
-2398920797396776799 -3319151 -1147261 7251584
-2398920760403689992 1971172 -2181046 7059312
-2398920680958705075 89681 -336929 7119952
-2398920678524134726 -927764 1366351 7272256
-2398920673694152392 461204 2244845 7504960
-2398920533960774831 1949338 -2089237 7446752
-2398920499092383656 1229427 -172556 7270528
-2398920498755084372 1772727 -4602 7021232
-2398920492057663941 -2181248 19601 7240608
-2398920473297472572 -3274990 1217052 7432960
-2398920467886280809 -3293927 -1776691 7007904
-2398920290645409613 2132689 -2536715 7515952
-2398920278826341797 -2071520 -3358445 7135696
-5712915715410221529 -2204358 -1700896 7210848
-5712915690582394425 -1389026 -125794 7078448
-5712915685884614199 641748 2142308 7239792
-5712915676681871941 1104476 -145085 7718704
-5712915614229302634 -2237475 2008563 7937440
-5712915585395054361 -2850103 -1336076 7672704
-5712915460337002102 2085970 -996338 7316112
-5712915439177313194 2884190 -2848416 7125152
-5712915418412080855 568228 -3244858 7510416
-5712915412350707092 -1285748 1180381 7001616
-5712915401076592779 -929991 494066 7424640
-5712915393580594799 -1604288 1827497 7150592
-5712915380028442765 -2008802 -1134465 7459200
-5712915325451933414 -1503253 -502359 7267456
-5712915253280097317 -3452528 2487293 7622224
-5712915250537614217 -1520715 -2291883 7492992
-5712915207892074834 -2528985 -2974044 7624064
-5712915195049916858 -1163433 148847 7355936
-5712915138211849831 -1865652 599639 7021552
-5712915086603486418 863266 -93812 7089904
-5712915071520176627 -111404 -320150 7042192
-5712915034573826445 -3167597 1153182 7159552
-5712914968713591681 -1060383 -3243243 7163376
-5712914903833006853 -1637730 -421073 7167296
-5712914894535035324 1436074 -617937 7068304
-7193490112537414198 2540387 -1549156 7032320
-7193490092498971598 -1755136 2203881 7311952
-7193489940302308073 -2378202 1177710 7010816
-7193489927113598366 -1575663 -970799 7815952
-7193489918618316289 -2772972 -2131547 7459408
-7193489894787138232 -2584539 -1626848 7360592
-7193489857802245558 -747558 -51776 7510368
-7193489847232758528 1454213 -2641609 7079264
-7193489789062290888 -8392 2122882 7249120
-7193489753948857883 -2934187 283924 9392400
-7193489498640012010 719564 -2427945 7637808
-7193489483246489666 -9483 1514915 7027328
-7193489473067593319 -2378171 -3372573 7099936
-7193489403454225230 -4275 1138087 7077552
-7193489261233887779 -1770067 -2713218 7465824
-7193489203179283437 -3184082 -1742932 7085504
-7193489172395518178 129516 -2441122 7192256
-7193489140035789725 2573331 176936 7230528
-7193489128782471181 -956424 -1519544 7687136
-7193489113482997979 -1484006 -1800059 7358112
-7193489024916540502 893118 -1827292 7178400
-7193488996612744597 2540633 369341 7254208
-7193488971710415786 779766 303663 7402480
-8555485966028165690 -3159813 -2361777 7295232
-8555485906857740904 2240215 974509 7262288
-8555485888105710578 2267173 -492983 7177984
-8555485845068172909 2467716 581608 7094784
-8555485818357582496 740059 -401455 7492800
-8555485811585249379 1026506 1339155 7102544
-8555485795278520651 -260116 199713 7668336
-8555485738332178360 1175158 1312968 7524800
-8555485658749188720 1568282 -692852 7056160
-8555485638783979043 606487 -183687 7231152
-8555485613863225647 2001243 -352633 7038000
-8555485563450215004 -148898 -2940024 7379936
-8555485557481669520 -601003 -46001 7968512
-8555485534673099622 -2965325 1156462 7860160
-8555485412073548480 -331129 -407680 7276080
-8555485410129218934 -1313746 1556034 7202304
-8555485249220708423 -1300897 -676940 7058288
-8555485095356287569 -1736673 -1004137 7462528
-8555484844566134967 2254699 -713788 7028832
4726627418461337282 -1416874 2117909 7173088
4726627462625407175 428379 1951544 7599408
4726627552323470189 559484 -1337200 7799088
4726627554550022038 -2700173 287084 7560960
4726627572154992917 -516008 214833 7212064
4726627607400467942 -3868 1710930 7117472
4726627705038840534 -1320090 -788831 7003344
4726627738150716876 -825515 960264 7137808
4726627815415586927 -919628 703233 7151952
4726627819113552288 761228 -1177650 7035120
4726627836829860312 -565190 -1440543 7355008
4726627887572333109 1929700 -2568527 7177072
4726627927575974545 2442670 -379913 7375280
4726627970100288070 -1569935 623953 7081168
4726628014317459962 -1664347 1591342 7196944
4726628051233051660 547489 -2104957 7029904
4726628068675706324 -1275325 408722 8000544
4726628089373602046 -1383639 688124 7383664
4726628157062364197 -1890980 1318559 7256768
4726628167466542615 -452662 2402672 7180816
4726628193531705178 164083 -2940766 7047696
4726628284883809623 1544632 -902885 7063568
4726628290900311473 -3270203 653632 7175520
4726628393256193723 -2443595 -2415767 7318640
4726628411134589404 -1185035 -3038548 7266320
4726628424530814832 -1710676 -1468214 7631888
-2560590827016523108 2715735 1470593 7008784
-2560590816993880267 -1469912 1492223 7571616
-2560590805735520151 -85682 -2486741 7972944
-2560590675378129937 2287245 -578141 7356400
-2560590498980683712 2464603 -2177966 7482736
-2560590364362281148 -211228 1447813 7081920
-2560590347429187204 1358439 -3078103 7092224
-2560590345160057707 2541837 -1989474 7069184
-2560590338928635278 -1473669 814442 7787760
-2560590323957366933 -1027504 837814 7485808
-2560590308438919941 -2655371 166795 7504480
-2560590299563358880 -1088989 -3581466 7101344
-2560590294820054552 -2666188 -248357 7035696
-2560590218983556208 -636439 1008037 7263184
-2560590121761913153 991932 -73337 7078096
-2560590018912379240 -1669968 -1857131 7176032
-2560589958131683618 1428696 -201567 7483120
-2560589954318009517 -1850430 -3036579 7661456
-2560589910650525723 2241598 -1349420 7147488
-2560589897864906466 2049404 870390 7025856
-2560589887761814464 2543535 -1715637 7119584
-2560589881421130867 -2977105 -3404532 7739120
-2560589809670499072 2323764 -742103 7213840
-2560589808080018895 2796068 -2500857 7257216
-2560589789932720327 1972438 -637440 7091136
-2560589753491948002 -995464 -3390245 7350096
-2560589688993636665 2698151 -1164146 7048704
1796227516120047684 2278045 -146794 7028944
1796227543999020639 1514956 -483835 7062032
1796227604823193894 2047585 321236 7256464
1796227665517599299 -1516633 -2942915 7525936
1796227686177067548 277448 -2649001 7143552
1796227752667129527 -2512762 -1688874 7200912
1796227789201065966 -2053778 1225924 7004896
1796227998291305305 -2861939 -2496395 7343232
1796228058462428052 -2875658 -2810149 7313248
1796228117486278542 129736 -1147595 7073280
1796228127771575320 -1671235 -2012412 7393360
1796228137942226958 -254783 -2788137 7086240
1796228142789012630 -2597254 -1683870 7139856
1796228336909137145 1996655 378559 7011264
1796228369546842499 -1577775 -1514017 7441632
1796228396985992643 -3070045 -575083 7402832
1796228436111430251 267910 -1639989 7711536
1796228465663324627 -486958 -3105204 7136384
1796228469775329928 1444476 1108068 8056352
1796228560967107719 -727495 1460373 7026736
1796228584130713688 259969 282446 7040096
1796228646004060149 -2872301 -2114747 7130672
6546254051392879848 867014 -1020127 7811984
6546254091043893466 -216283 -2399203 7279872
6546254106455198009 -524947 45467 7076736
6546254114970452100 -382529 -2330224 7256096
6546254133525644612 -570826 -1644835 7259360
6546254208250140309 -629416 -772924 7024720
6546254219318248197 -2834169 835032 7041680
6546254309021150386 902964 982537 7456128
6546254323592412351 1258060 -871453 7344512
6546254331635112411 -1384963 213960 7366592
6546254336299793024 -496840 817360 7730320
6546254342910428501 84819 1075491 7167136
6546254437637686526 -1270364 1348468 7029136
6546254452311022523 -2693305 -2151014 7021968
6546254465257982836 -1207661 -3187423 7283648
6546254470859020987 -391188 -586541 7067520
6546254606474794034 499303 1061268 7590816
6546254618101176676 -3054210 1928909 7238624
6546254672423281137 -715928 -357706 7141328
6546254710736379427 2121141 -779044 8218032
6546254770818433804 976268 -1689412 7164448
6546254922709802625 -315209 -1697750 7022080
6546254935536193739 -1518028 -1217203 8139904
6546255000355933156 -1691848 -3550296 7382016
6546255015509058040 -3057902 -1454086 7045152
6546255020342362090 2261771 -3010622 8063536
6546255101451510322 -904998 -1382486 7072960
6546255193160606004 2191308 -1554147 7391968
-2915839578356097897 -2393969 271726 7075872
-2915839532295318717 2234865 -1473766 7058720
-2915839511016779167 -2580162 -3492395 7067952
-2915839376849762356 2415410 -2568455 7209808
-2915839372962270738 -688880 1646081 7689136
-2915839283888080134 1044386 553529 7347072
-2915839233226265854 -1093748 -2455734 7099376
-2915839224781535232 547316 147415 7282416
-2915839057430161362 -2793806 1597995 7069312
-2915839029976390499 711867 -2422061 7094448
-2915839003970396919 -1257640 1191567 8172352
-2915838991285610818 -2771257 -3323653 7146816
-2915838979972715043 2244932 -2934791 7145776
-2915838949683251861 2227640 -950757 7082848
-2915838945538467873 1460932 895431 7103616
-2915838872479871762 -1093801 1804727 7534768
-2915838850745097163 1333715 -2232116 7287136
-2915838786289267048 -175297 1665000 7016944
-2915838759977121441 -1498327 464599 7044048
-2915838720719087657 -709499 1993258 7023088
-2915838671821363346 -2271622 -1506168 7096736
-2915838645514730610 2568445 -1842583 7290768
-2915838525149821957 -1343626 1789167 7017760
-2915838474448135961 -2415547 314627 7002784
-2915838469445571922 2480159 722756 7060432
-1046174662529082519 -1614624 316972 7047648
-1046174657762117629 2621475 1682496 7005776
-1046174639575702944 1224563 1032178 7039856
-1046174523020089971 1648588 -471983 8053040
-1046174418506287442 449997 -632479 7503920
-1046174390340586947 -832123 -971419 7126336
-1046174368596710222 1308321 -1788419 7134784
-1046174345619242656 -1237941 -3060327 7177904
-1046174270226037065 -2029399 2266308 7498608
-1046174232601728617 -776227 -2109322 7195920
-1046174229546623703 2461678 -2620 7783696
-1046174195163774489 -1335986 2109248 7018624
-1046174155953983861 868576 -1337225 7311888
-1046174135848171032 -2018085 1575398 7399040
-1046174095617069475 -726478 1879502 7151808
-1046174089264320467 -113421 1129795 7255248
-1046174061933079510 91367 -1904703 7050672
-1046173984243273356 -239694 1672662 7204288
-1046173961707665731 847809 -231534 7373440
-1046173952492380486 976894 1019412 7223840
-1046173936062217270 274299 -2695210 7530176
-1046173747606849399 2558386 1283931 7305088
-1046173706539164955 137209 -1108542 7138560
-1046173674066908104 -1654140 -2551712 7094416
-1046173667210124101 -458080 1439732 7132848
-1046173641953287392 1024856 -2309004 7406672
-1046173623813654878 -1823706 -2640716 7222880
-1046173566795348408 858379 76068 7028112
-1046173563442286519 1705182 -1311745 7441824
-1046173520984548433 -773738 1235863 7224608
-1046173488555118001 -1824511 1546199 7253168
-1046173488279607591 1742697 269756 7284672
-1046173475625707217 -1100100 1647922 7527424
-1046173381857713532 -3195168 -2989615 7596576
-1046173374135552428 -2469046 -920078 7011456
-1046173356125383794 79507 -1582575 7041024
-1046173345640183450 -1868929 -1235364 7340992
-1046173311116817141 -1838978 -2667561 7154784
-409931509966811423 443229 2036337 7011312
-409931484064187713 198401 1473866 7187424
-409931414960740076 64335 -2361573 7128880
-409931336512545156 -2391077 -543444 7470832
-409931231011488909 -2641498 -1973922 7046400
-409931092275007481 -3456075 -1584450 7025968
-409930957419684396 -2440595 477647 7339824
-409930911143341990 -579719 -2843391 7289040
-409930762510117894 -1906336 659002 7073920
-409930727889064033 2651003 1033353 8057312
-409930715757802406 2770545 -2904364 7214816
-409930657246715579 -1625524 -190748 7188080
-409930653200199926 -2069105 -810959 7011824
-409930598325684010 -865361 1743915 8247712
7206773222983722162 -1570038 -2791180 7151088
7206773239564097917 -2992618 -1980159 7120992
7206773241074551064 1222643 -425099 7228352
7206773292955261347 1843355 -884465 7070208
7206773320975934931 -2716623 1885958 7047232
7206773324463991355 2118776 -2360246 7056432
7206773351764380813 1556519 -3339322 7048560
7206773363874287584 -1122200 753140 7520416
7206773419353421382 -655462 523344 7591840
7206773528204435891 -2519636 -762597 7429040
7206773531143460122 -2676480 -2036692 7045376
7206773579932997179 1192298 -1307960 7477024
7206773756233510106 -2660260 1057487 7224944
7206773758746991467 -870468 -2910526 7118576
7206773860840850676 913327 -1563225 7446144
7206773874996500547 -2486578 -2029986 7217776
7206773919450691038 -710354 104243 7061472
7206773959749022546 2057602 -873267 7017264
7206774188019755208 -2725479 -795153 7095648
7206774235070807124 21044 1324521 7462704
5669448312916743873 1508385 -2052703 7247856
5669448314868989321 -2650479 1246542 7010624
5669448318143572485 2017298 -3260784 7013008
5669448567477682849 1650953 -1440843 7022752
5669448682337372751 2540030 -2564933 7256032
5669448713612730855 2480171 -3476532 7070752
5669448834873142367 689922 667745 7386144
5669448839715531604 -1779781 1169114 7465040
5669448854520562410 -533239 903926 7069776
5669448855000256787 344314 -2714894 7174144
5669448858254405997 575356 1660682 7272176
5669448919653006488 55474 -1315258 7195056
5669448936734151524 -3161306 -2046706 7484400
5669448954855216523 -2374599 356 7250704
5669448987528440449 1313010 -1313235 7018768
5669449036177315952 646160 1725924 7079632
5669449095843507043 163251 990895 7256448
5669449225526200870 -1497 593905 7296448
2723880778822083524 -1530247 -230953 7123552
2723880784317150610 900202 -2884604 7250160
2723880835091820938 2474794 -68218 7346288
2723880890226747607 -2404762 -1967045 7167040
2723881007211066433 62186 -970838 7305840
2723881071328297175 -1843898 1740939 7050848
2723881080200058141 192917 759485 7084640
2723881104521587385 841486 1037800 7033120
2723881104583790599 1758107 -1964791 7248432
2723881161246962297 2508564 -822644 7096512
2723881185636610995 -2901382 -2463404 7207376
2723881220000812197 -2972181 -633142 7108944
2723881276563236517 1724785 -1926191 7186992
2723881297230055365 2614714 -2424085 7574080
2723881377663713536 -280951 -1097778 7098368
2723881430795544476 -1256197 -2858027 7182976
2723881448527582604 -1103945 -2646248 7238496
2723881471389516455 -431057 935329 7095376
2723881480878858115 -1022297 456398 7512272
2723881519508953406 2486230 1083312 7042800
2723881524255008293 1487359 -272696 7229920
2723881633084904297 -273754 80969 7218352
2723881710948797336 292619 531224 7234880
2723881727827083220 -2484218 2480071 7587360
2723881761407134244 831167 -2221909 7042896
2723881813799830210 2539724 308042 7793376
1885462009248938025 -3244868 -2933217 7398768
1885462077771961590 -1799519 -1517827 7062112
1885462084421176947 2822938 671419 7167936
1885462136707343593 -1577872 -2672174 7198576
1885462202725727847 1271752 -616073 7036880
1885462213115520034 442527 -116168 7222848
1885462478215800710 1696416 -226023 7914304
1885462526047140970 -1639023 213307 7074656
1885462546406428857 1781215 734162 7219920
1885462572766219213 -3205543 -2804882 7048576
1885462651331907447 -267962 2423710 7891712
1885462701669434250 -87426 745166 7497984
1885462705887487234 1139172 -3151192 7551168
1885462727375233074 -1480370 2353100 7162144
1885462813360595236 249077 -232925 7181584
1885462848574673982 -885100 2288175 7212816
1885462905639382828 -2886647 734378 7207584
1885462928620064411 1705159 1291977 7034352
1885462994999486123 -2614987 -2244091 7660768
6732938471668314278 819200 -2919916 7204784
6732938492716955879 759879 -3573569 7128432
6732938590014636513 2519742 -2765542 7139280
6732938597536218614 -3141975 -3125542 7123776
6732938662847921624 1293835 999881 7231328
6732938821687211943 -597387 302720 7246096
6732938885508934391 1173895 -852731 7086384
6732938895550656276 -2689390 -656843 7596912
6732938929261935338 81476 238044 7256880
6732938929665508674 -2391923 1933685 7246048
6732938951545844770 -537254 2098406 7119264
6732939115049022004 -359839 -1866561 7179264
6732939210115422709 866361 -2499378 7450032
6732939221897231444 -915495 163937 7397712
6732939240598224782 1217472 -2499136 7252096
6732939294719222838 -1289822 915654 7127968
6732939312273407073 -3378742 644632 7436640
6732939320591706614 2823507 536464 7490640
6732939389413461045 2920405 1132123 7390432
6732939410142374323 51442 -354336 7088176
3817695739922225119 -1662196 -23106 7884096
3817695797164542524 -323075 -1393981 7190976
3817695817465281722 268844 -2616029 7175008
3817695907694567605 -2499459 2233471 7018320
3817695920794923282 -2208914 1387998 7252960
3817696012773127742 -779500 1063621 7200688
3817696138457251262 2011820 -34762 7186880
3817696174752610449 -1796092 -516239 7004496
3817696216577693096 -1020811 -3197593 8023504
3817696265138560980 -1232875 -2712425 7075968
3817696293311078059 1334948 873680 7677872
3817696371906611848 373161 1490785 7148032
3817696424256571077 209473 1101260 7996768
3817696446044465742 1857182 -2149318 7097680
3817696456143166263 1106576 -1390785 7871232
3817696490648298220 -744744 -1053177 7080656
3817696506278152372 -1899124 1667792 7187392
3817696554180704766 -2936612 683226 7135856
3817696560799888120 764128 1108278 7142352
3817696577653416629 -2992570 982503 7207440
-7599163982074875888 471790 -2129933 7703824
-7599163945662651084 -2749770 -1061406 7058144
-7599163905356674185 -288682 888804 7019712
-7599163897133985569 -3039808 136468 7091360
-7599163873825099915 1763975 -154430 7404784
-7599163816539414978 -2069692 -2935121 7012208
-7599163774086315721 2555680 134553 7279856
-7599163760942160410 -639227 -962943 7233264
-7599163738836055034 -836749 -190871 7389840
-7599163592703927251 461856 1690258 7399280
-7599163555851385503 2237414 -1678611 7237280
-7599163506566115214 -2619386 -3209124 7599120
-7599163453833088404 -1165851 -1976637 7001840
-7599163422872951766 -3275266 1903072 7169680
-7599163414350083330 -1746303 334695 7048144
-7599163376061754919 1113838 -876115 7118848
-7599163314358887157 719861 -3441119 7944992
-7599163309519124880 2955285 -2776356 7091872
-7599163263885100735 -541680 -791742 7012288
-7599163243788350864 -2848313 -2029407 8022000
1161953679495292791 1813835 -2804861 7347200
1161953709883141340 -2004289 182901 7106336
1161953794916023347 1633823 -568150 7189680
1161953840497310539 1725188 -1315395 7146736
1161953940535892073 -2254238 -1736996 7011920
1161953942953657384 1095187 302193 7489168
1161953981163842424 1056345 -1972419 7148144
1161954018147134195 649404 102658 7238624
1161954019629503691 2024774 -1521254 7090880
1161954243727703656 564263 156588 7152192
1161954257706262044 -2028008 2131448 7400128
1161954268142956280 -310679 1945078 7789008
1161954279192942807 -1094997 256373 7132768
1161954309238709214 -499264 -231284 7346688
1161954358112469153 -218988 -3588085 8186960
1161954414554086243 2335623 -3239065 7031360
1161954423253396709 449106 -151223 7105664
1161954494457601669 1305086 -2480377 7895440
1161954501248146629 -2936441 432344 7258976
1161954544060870332 -2637869 -2600574 7234768
1161954619993629858 1987400 1184898 7083008
1161954645930226307 1028897 -177853 7174656
1161954658270944187 -1900903 1857703 7224720
-4352889389675802859 -3437238 836575 7155328
-4352889335857795192 -409439 -2957605 7582768
-4352889321959442540 -639613 -1567497 7075376
-4352889231778637425 -1150305 1178208 7319952
-4352889154699944042 -1703343 322554 7112848
-4352889131191865744 -2924714 846775 7078864
-4352889102348393746 -651562 -1648131 7049152
-4352889035931142941 917548 1422540 7608000
-4352888988044157771 1796275 460825 7599920
-4352888977525710466 860559 -146397 7046640
-4352888943949436757 -2259964 -880179 7129952
-4352888942534483026 -1874860 -91196 7239504
-4352888922785752941 -1174168 -712491 7332240
-4352888907659008415 2517580 -1839987 7198096
-4352888899640491235 160999 -1534750 7421856
-4352888839433870580 -1050813 -477296 7239552
-4352888837902248481 -1629340 -180003 7738928
-4352888831103895301 -2696439 -2269813 7154336
-4352888775203292660 1484717 -743032 7121104
7523379024265978095 9153 -3265175 7039888
7523379035464088850 928103 -1876076 7497536
7523379066227465935 1528588 561738 7158320
7523379078267593344 1632859 417477 7643264
7523379083720619551 -66830 -1414331 7002336
7523379101276255057 2329490 -37763 7261920
7523379106142622739 273052 1012722 7095968
7523379139902899932 -1125161 -1963521 7248448
7523379164465216303 -1397650 233268 7053344
7523379253615317610 -1347315 1888763 7088080
7523379277976656117 -2967725 1922933 7032896
7523379309818056283 -400987 -1407633 7415744
7523379369151103956 -3342902 -1440654 7279216
7523379376093478091 -3227269 -1635602 7095664
7523379466682187974 1508091 860970 7234640
7523379498311424359 2177763 -101358 7097376
7523379505407439418 1439299 -1054374 7648352
7523379511146322035 2229542 879451 7078944
7523379519011952109 -2730382 1497895 7157280
7523379535904154442 -2864633 -820303 7003520
7523379594213209870 -2173965 -2872136 7013024
-2959641578810860078 -2757789 -552502 7309712
-2959641554622074813 220417 -1627710 7036592
-2959641545499297248 -1880678 1068708 7015072
-2959641516487374334 -1022596 -2233358 7015184
-2959641464961877109 -753727 -1952735 8063168
-2959641336467056955 -1040139 1500427 7080688
-2959641266684476003 1401105 727677 7736448
-2959641219779473876 2715287 -452587 7045616
-2959641142077695877 -758419 811841 7136032
-2959641123992705630 1551954 1121018 7057968
-2959641101394698652 -2037208 408029 7219760
-2959641079868646059 -273414 -877492 7077168
-2959641039505766032 -2192754 -1122338 7237808
-2959641015671710908 -345510 -1057599 7028160
-2959640992853793124 1251066 1501775 7142608
-2959640989436152682 1082864 441402 7012624
-9066111580981301817 -1218895 1286713 7103120
-9066111565045646342 -3076232 1418227 7652528
-9066111564906666045 2611861 1660795 7099728
-9066111549982328162 -3118544 1248564 7071280
-9066111505934794981 -579658 -2705671 7146960
-9066111489232672779 1095602 1849817 7148064
-9066111486112211430 -1833958 2329587 7112624
-9066111447191637607 2240304 1300125 7661360
-9066111410165567331 -1081704 1663988 7398384
-9066111407380150386 -2098241 -1966028 7074512
-9066111366251945717 -1430158 -728019 7084992
-9066111306114483392 1439380 1487143 7278048
-9066111226057714202 -3038606 1575703 7199824
-9066111209508371358 2509111 947150 7002224
-9066111165736134583 -1003390 -724190 7257600
-9066111145421442387 2626630 -1861770 7005408
-9066111090739227421 30216 187062 7984000
-9066111014277582265 -362558 2163803 7341168
-3824732805654432027 2379346 444504 7085952
-3824732791601910198 -3037785 736644 7284320
-3824732772804469266 2129394 1768507 7057072
-3824732762774289029 -1532384 -1111178 7265680
-3824732762453348500 2076735 -2095373 7098368
-3824732742564484500 1959371 -3077812 7331616
-3824732684461803517 -3515457 -655927 7191936
-3824732653345234293 -2071316 913385 7511872
-3824732644733870068 -1084069 1551796 7050496
-3824732631280726006 1218450 1364842 7337536
-3824732533460577748 -93737 -3054548 7190512
-3824732447953110167 336964 1693173 7043264
-3824732440184399851 1709720 -171028 7052624
-3824732438137701664 884242 -1383662 7108512
-3824732424087286570 1486869 262443 7064592
-3824732414934750458 658128 454918 7492864
-3824732384729463185 -1095898 -255838 7246192
-3824732362047413391 -461453 1590794 7038912
-3824732323330821491 116592 -2691928 7002224
-3824732282936161461 -442658 312883 7995824
-3824732273915264882 -568554 -142247 7530192
-3824732272601666859 -1261057 -379783 7137152
-3824732230198591433 -1354345 -1749073 7142928
8077440587517838334 -2010724 470343 7295696
8077440647697923394 -2342320 1437207 7071856
8077440671313751912 -668350 -2185457 7013392
8077440741997704798 -32206 -2531706 7055552
8077440763887949804 -83098 -1285672 7828288
8077440787766931692 518099 -719805 7994720
8077440808941310867 1891884 744849 7014960
8077440828370157199 783426 -2254714 7413104
8077440882807500753 2288316 1321085 7306368
8077440930502324819 -2921930 -1907435 7018992
8077440932736337326 -2470814 -2571881 7324928
8077441068599512250 -15387 -3033261 7160432
8077441141754113026 -2560445 -2464082 7098304
8077441183514760833 -1629705 -2391447 7171360
-8394747529102398555 -1107576 849639 7049744
-8394747451027156089 1550290 -1398701 7211264
-8394747424723332029 3021731 -2687171 7167856
-8394747416438392253 -1679750 67375 7332768
-8394747401568365063 -2080173 977684 7303248
-8394747400499321562 2345799 722869 7120864
-8394747399480714309 -3282103 634771 7047216
-8394747372484860822 994827 -1939084 7014384
-8394747167391040922 -1368154 -3493680 7006000
-8394747107368937081 2270951 -1482092 7841264
-8394747090782010174 2029912 -129848 7451264
-8394746971880026809 -2832425 -2888071 7151568
8941840930435501017 -711649 1508516 7461264
8941840943629272755 -3230058 406169 7006320
8941840960820816874 -1685780 -2263906 7425072
8941840968906608119 -809810 -2573193 7022032
8941841215653519713 -1948311 -2684879 7240368
8941841259642574173 1883221 -2615683 7109872
8941841293889918569 2707791 -1156813 7145504
8941841313587876899 -1581285 -3259752 7444816
8941841335443180634 1420239 751026 7049504
8941841375215074802 1999579 -431419 7172768
8941841382792960082 1361310 -2560540 7228384
8941841403413302971 347026 -2224799 7319584
8941841425414089446 1405653 -2521528 7162192
8941841549271366557 598265 1735571 7047104
8941841619295667335 2650616 114201 7276832
8941841635737074733 2230254 765207 7261152
-2941673496350913702 2349160 -565165 7249904
-2941673362504969627 2997392 -1444953 7374000
-2941673362027421997 -2391935 -1588507 7074832
-2941673359224787462 1610120 343787 7566592
-2941673309049470304 662995 -2167589 7119056
-2941673232322382167 -826516 -3492827 7112784
-6469006956348876352 2659013 -1402887 7222720
-6469006893901705867 -2561822 973792 7138592
-6469006888641660605 -1745324 -512957 7174848
-6469006824647177220 2034640 -1766358 7228672
-6469006755427209362 -3224913 1269066 7355072
-6469006717303118265 -2152253 1797294 7040880
-6469006706102213739 2041662 577403 7386832
-6469006695757549328 -1916830 -2609106 7397184
-6469006635182505312 -10647 -214555 7007824
-6469006599025213709 -3205422 -1438015 7062832
-2390299551458365547 -2012947 -725337 7166496
-2390299547679882331 -1314124 -3317521 7055200
-2390299547151391179 -2066831 1324937 7055888
-2390299520424155941 -1683147 1105873 7261408
-2390299374786275934 1640359 -896551 7536336
-2390299331627330695 122234 -490490 7060272
-2390299223304239954 2211093 741520 7275952
-5774394781032055545 -1844699 861789 7052384
-5774394767768722697 1334305 -2926000 7380480
-5774394762689667701 -573027 -366587 7114080
-5774394755568007602 -2383190 -150067 7105568
-5774394746513548508 -1863355 402595 7041040
-5774394668090400107 -3156732 924825 7308768
-5774394643475540358 -369768 -1199477 7181472
-5774394621220381856 -2010485 -1709212 7103728
-5774394596431416318 -3256129 -1638293 7092576
-5774394503423763692 -1143535 -1543577 7109584
-5774394501562492578 2576719 -188329 7454320
-5774394492863526226 -161489 1267214 7290480
-5774394469362635971 -2338849 1274486 7461920
-5774394469078732839 -1807704 -1622202 7107232
-5774394421756621963 1052050 -2974632 7471920
-5774394414867081427 -1177316 -3163247 7114272
-5774394309181076123 -251008 -602447 7140112
-5774394293798982169 -878386 -2696723 8093216
-946023612841067828 2008508 -1567612 7919760
-946023603289605150 -1277312 702183 7151504
-946023423062845553 -3402885 -2253099 7654112
-946023245692535676 -3448306 1181911 7055152
-946023202805680928 714986 111157 7049712
-946023163127300349 -539195 1813564 7233248
-946023124021316107 2283493 -2200399 7157328
8641547229262230783 1154065 -1568043 7402208
8641547249225653056 -207250 1381768 7486736
8641547263794582617 2433014 1993501 7372528
8641547293081238732 -2551478 -246527 7324192
8641547295587647799 -759922 -310830 7034464
8641547345802614428 2278121 1951891 7294720
8641547363346654798 -2963843 1035795 7398800
8641547484966792622 1254494 659884 7637792
8641547501055846625 -2063366 -2161870 7067488
8641547526747491969 -60963 -2652943 7249488
8641547526909750159 458740 1606459 7180704
8641547552933153181 2298497 1482869 7525824
8641547588819837106 2189111 1293197 7109120
8641547621996555819 726300 228127 7167392
8641547632958940878 -791715 1505351 7486336
8641547657613474872 49004 -871254 7210064
8641547703635247470 2178360 -3143545 7933184
8641547712098822854 152790 1764040 7403168
9114523647883343837 1582870 -1120815 7091680
9114523688366202338 858319 -3049016 7644016
9114523810491167397 2319071 -2567917 7019456
9114523838735328356 -647251 1308095 7147328
9114523843606499598 1369190 1049186 7126912
9114523844592384844 1843041 -1020979 7382160
9114523879207843385 1566704 -1565905 7089376
9114523980949073905 -427748 -3366183 7731696
9114524101981541178 -495800 2454458 7970880
9114524110073731294 -1517107 -33673 7777344
9114524140828139783 -1484970 -3010831 7393520
9114524155100781623 191378 1977451 7764416
9114524176877050891 1740853 -3201737 7217184
9114524194528391434 -559537 -772729 7174112
9114524222751650192 -1409989 -1200309 7381056
9114524235244484752 1733809 -461026 7005520
9114524236367291021 -1008591 -244205 7036048
9114524379739356599 1887629 -3149716 7368160
9114524400222533710 -3355300 -462385 7044448
9114524424153192801 -94764 -2451439 7134016
9114524446856359154 2839827 -764887 8097344
9114524484559939934 -2250346 -1662673 7475632
9114524524784638977 -2089210 2275348 7457504
9114524527341156126 -2908119 -34088 7285104
4521626577186083304 1511770 -37891 7083552
4521626608793777474 -2458524 678120 7010048
4521626671314587078 -1958297 -2823359 7049632
4521626739453980457 1390007 -993428 7065184
4521626766330843832 -2932467 -1591749 7220448
4521626771787116930 1148255 -2770596 7083920
4521626774743837439 1835467 1033882 7704368
4521626910235203389 -432881 -2105167 7356352
4521626971145383071 -846330 544451 7206320
4521627004824880038 -2756517 -2969427 7144656
4521627090833839075 -874373 -1996560 7044848
4521627270215084141 324071 -2134989 7228416
4521627289974391833 -2301030 1200863 7558864
4521627292277564859 1207352 -2117813 7190416
4521627296865753058 -3406226 1106180 7419984
4521627476750211734 -2482139 2596640 7047056
4521627623166513969 -437812 -2913094 7369376
4521627726983829290 -2410097 774958 7226384
4521627791596581429 -1405259 -3148174 7168384
4521627825008296267 -1792791 -1729274 7030112
4521627839862150349 -2521052 2053490 7236368
4521627857985321527 -1084589 -69716 7676432
4521627942396179102 -979554 -297491 7371744
4521627949085713099 -2150658 211728 7007056
4521627955577109097 531045 -2589487 7235568
4521627956916798418 -2613950 -2822186 7048160
4521627978663249235 -977961 -1561926 7057792
4521627982454840155 512166 -212247 7519648
4521628086279523911 -1822802 1500972 7805840
4521628098896564570 -1329680 264372 7679040
4521628122606947041 -7148 1843060 7037456
1929325079296054127 -2762545 -3051371 7701904
1929325099323842743 -1091410 1050743 7474080
1929325149853638960 768836 1412248 7229120
1929325218497924874 -2606863 -1875641 7058480
1929325229510399347 -2695740 1637683 7740224
1929325251422300813 -1997722 912669 7054304
1929325269669035906 1247944 -1726658 7323984
1929325326295250142 944781 -3533647 7199488
1929325355004255438 -1369012 380359 7081856
1929325405132072107 225060 -1698133 7416528
1929325437363801932 -1528578 -713695 7030768
1929325482061170853 -284973 -2035022 7028944
1929325485158176759 2897952 -3034359 7514416
1929325518456817630 584922 -509792 7062256
1929325580489236919 -1167818 -2444513 7062192
1929325591497800484 -1290955 61517 7021584
1929325716365376401 -489421 -1532085 7277104
1929325753844910959 -713463 -752763 7496304
1929325768407429604 2904706 -1011096 7258960
1929325802238528972 -2357090 -2817253 7589072
1929325824589656867 -1173911 1303035 7338640
1929325920694891183 -233416 2185805 7199824
1929325927980642538 -283862 -3035851 7244064
1929325962943537356 -1608510 1268352 7774576
1929325963819500095 1111873 652484 7055904
1929325978554409384 196897 849534 7497504
1929325990561456288 340179 239502 7175696
1929326104194078943 645378 421932 7215648
1929326160539844098 1981174 463994 7219168
1929326168837338035 -3149843 373539 7806128
1929326188871043970 -239674 -1251098 7244976
1929326200546801561 -3190103 -2846429 7102128
1929326274063067063 -3087194 1228621 7362336
1929326439401858743 -1143490 99349 7467264
1929326458060607950 2021978 -3052817 7894368
8055562163575428378 333021 -728852 7657952
8055562175325726563 2501041 1034257 7038176
8055562274200198911 -2892702 1073187 7114208
8055562395416013731 -1989567 -1052963 7119504
8055562477089718332 -1304903 -762337 7012592
8055562489636235398 -1559107 1059556 7156144
8055562567855987830 -1980918 -1906244 7411872
8055562674880675170 1149883 -126246 7260032
8055562726715053366 1664579 -278036 7422208
8055562733149165784 -1751111 -891847 7747088
8055562742369302142 -3141864 -2829911 7075360
8055562786292548852 488913 -564197 7132768
8055562890288455280 1399820 -115121 7150656
8055562913801533725 -434959 -2984067 7968496
8055562925113964909 2311219 -93911 7677728
8055562941546179735 27450 979364 7425856
8055562952146746760 1071465 -375158 7155568
8055562984334668894 -883710 -2320472 7027840
8055562988950672541 -2476509 955360 7183040
8055562989993806488 467752 341775 7100144
8055563016228404759 1773097 -1463972 7560048
8055563058602532686 -3504594 922359 7096256
8055563093711591050 -3167653 1582709 7131072
8055563164475535282 520111 -1274466 7081344
8055563235929039363 -333849 471741 7366864
8055563249012075921 -1375651 -207189 7015936
8055563314245230179 -529154 -2249741 7066848
8055563323051220645 234861 -1550670 7026000
8055563324324646797 -2737325 492051 7016048
8055563330632503420 2346942 -605864 7427424
8055563333786445704 -727862 -1401603 7055360
8055563377182314980 -2628175 1023965 7109680
8055563450506996495 -2925848 -701880 7015376
8055563473917465820 -565627 -1135061 7173456
8055563506681403596 1780795 -2716998 7062224
8055563534146719266 -2443099 2257218 7667392
8055563615178631676 -513833 2206671 7491840
8055563638467261365 -1143708 -828932 8034912
-3726627546837761705 1417963 -1377247 7040224
-3726627490766380408 -3404115 2134670 7714672
-3726627452419910635 145021 373300 7392032
-3726627430596349755 -1332034 -1596639 8069616
-3726627376241119399 -769098 -2104384 7096480
-3726627345639410474 2398778 392471 7179792
-3726627325994115960 806624 1443444 7053264
-3726627273053963710 1345421 -563956 7334944
-3726627263553509223 -1628856 -641034 7163520
-3726627133033345058 1889805 -1488830 7049056
-3726627093459071881 -2889418 -618257 7296464
-3726627002901976492 -1280427 2348187 7096512
-3726626933381387555 -1053462 -2472835 7013600
-3726626802647717507 -514769 -759431 7066304
-3726626782013866599 2625861 802395 7076208
-3726626754763336590 -2247227 537147 7300032
-3726626702053194429 -1325799 1939926 7359760
-3726626669704591868 -3059286 1148686 7045200
-3726626635351193454 1530553 954928 7430672
-3726626610176797489 676650 -804266 7405440
-3726626596189678902 -1328308 -1631738 8356672
-3726626438403388819 -3208569 -1862081 7107008
-3726626431246748610 413081 -864496 7265744
-3726626420982110365 197991 -467115 7289920
-3726626416555290031 233496 256355 7124528
-3726626407022254653 -1662389 -3002605 7042992
-3726626359858470945 984577 -820361 7074144
-3726626340687873366 2747010 -1356425 7486144
-3726626311696920752 1109283 375835 7125024
-3726626305860083443 2803114 832445 7339664
-3726626278729774435 -178407 -682188 7338528
-3726626172922472798 2104857 1896627 7039072
-3726626172287063270 -1620259 -485006 7140464
-3726626140010850731 -2230458 1185799 7169760
-3726626080042939848 313932 -890139 7163472
-3726626004910129957 -1522983 -747994 7176864
-3726625991295173896 2530262 1681750 7083168
4892511705963490533 -1862693 -1946918 7405616
4892511764935012949 1793317 842275 7249104
4892511800486283080 -2202121 1392247 7099904
4892511861546114812 364098 -261965 7386560
4892511889410571722 699722 -740819 7918816
4892511911614155547 1720487 1944307 7080976
4892511927087547995 -778451 -3197682 7498624
4892511983735959780 2143175 -675048 7066320
4892512023766960762 1625863 1006934 7052640
4892512137570888540 -407058 -784087 7419936
4892512193145799931 -927802 1877828 7168736
4892512219028263051 2385840 -1080093 7195952
4892512252533297123 504415 -1737620 7182320
4892512254407378586 712978 258032 7036224
4892512297247039283 1517611 -2234401 7092176
4892512309923727763 -1922961 2033754 7072592
4892512374718345629 2378380 -2980552 7008272
4892512407079290651 -2802503 -2377991 7558448
4892512444787191889 2112571 -46792 7044112
4892512530482162626 779091 -2561324 7055424
4892512577361111292 -1238731 238766 7867408
4892512586986193617 2639608 -2713275 7806656
4892512636201108994 -2800639 1040764 7172848
4892512690683532573 -297681 889802 7064736
4892512745101226198 -1125386 -3474239 7260992
4892512785363625046 -1160055 424462 7134480
4892512837968625964 -309392 199687 7199136
4892512900377266631 -1607269 40433 7059808
4892512966272835366 667560 -2152853 7027840
4892513101114507858 279844 886248 7122288
4892513127569850655 2739115 176421 7133488
4892513196803866531 -2107586 -3065735 7103296
-5077664693313494500 -1542784 -444402 7748672
-5077664639568128722 -2645627 -2566481 7335216
-5077664582511364481 807808 1189266 7223616
-5077664484969052945 -580918 1115180 7039088
-5077664463491901738 1255236 -2697844 7181968
-5077664453707916772 -1896984 1033445 7004176
-5077664408514113279 -918024 -675229 7395008
-5077664388483777633 1870710 1187761 7347520
-5077664355040714569 -1712247 1006906 7002560
-5077664311996358507 1455257 264580 7083184
-5077664239803434347 332891 587370 7163856
-5077664227934082307 2164676 1173639 7513552
-5077664169794943508 2419262 -83060 7056272
-5077664168713517390 -1297134 1060270 7022720
-5077664144652510568 -2108777 -2906754 7440064
-5077664118261248662 -1744472 2315312 7268080
-5077664063733699256 1234092 -228232 7317760
-5077663997544072043 831123 544944 7117456
-5077663991394062498 -2463411 641703 7137264
-5077663975316874803 1408276 -1613300 7352688
-5077663960829285914 -3104848 -422283 7201232
-5077663949807732040 1828853 -1197864 7322736
-5077663933135685528 1923566 -2307283 7617008
-5077663923101630871 -562836 -2646310 7046272
-5077663918581987176 -2107558 -2751243 7023488
-5077663850582091093 -733605 -1841102 7242352
-5077663832416448843 1487421 -2077181 7236784
-5077663813803697127 -2793995 925319 7707808
-5077663810556714078 -1215943 588977 7007936
-5077663797362979851 -2433709 -1428344 7111552
-5077663778650343273 2530525 -932379 7210144
-5077663776044566893 998383 830026 7075296
-5077663765178710742 -647939 2209947 7080080
-5077663712070852535 -379913 -1733784 7552272
-5077663706271821688 2809186 -2681875 7529104
-5077663614432212228 -1864308 1442293 7237360
-5077663498870122201 663889 -1584775 7260544
-5077663382742012985 1134918 -2979903 7132064
-5077663354472299784 -1245229 1183627 8133328
-5077663337814649306 -2874339 251953 7423776
-5077663337943087332 2310455 1801132 7206512
-3774803305750835156 -3138398 -1734723 7181168
-3774803244644719763 147238 -2934757 7234240
-3774803198810886077 -2387018 -85400 7202720
-3774803198045387348 -257956 670230 7315536
-3774803088952836512 88239 -2586593 7011968
-3774802950413345646 670271 -172200 7066032
-3774802798927820949 -349006 -2391023 7627296
-3774802712524857796 1215340 -1851349 7181808
-3774802612986342604 2066463 954027 7365600
-3774802556642598209 -824483 -3304832 7162720
-3774802533337956921 2398036 -2341345 8075024
-3774802412687734725 -2918026 20008 7381984
-3774802409881075932 -242028 1636741 7350896
-3774802409584267197 1570449 -3274095 7207184
-3774802397343743648 1583244 699002 7392064
-3774802384613986604 1125465 604702 7281712
-3774802340989032704 2327839 346127 7049520
-3774802112555741509 2632557 -1161275 7329920
-3774802065882846366 -1403267 -1958011 7089152
-3774802015730562046 3096489 -1105062 7061136
-3774801922533313914 690708 1215770 7057424
-8620366630205335342 -2135357 -2326843 7225296
-8620366532997124952 514120 -2104249 7124512
-8620366511235260636 2838566 -1440975 7160096
-8620366370720114809 742552 -2823857 7024448
-8620366275050012745 265330 -1000859 7589728
-8620366264841808335 -55825 -344175 7055456
-8620366264168324924 402344 1229983 7282288
-8620366230229005849 335831 2142336 7258896
-8620366210521994840 2149845 -3189331 7086400
-8620366134090907171 1175444 668857 7142992
-8620366110873571502 222529 -1689507 7121424
-8620366078460262165 -1826034 1161313 7022960
-8620366078322182762 -573363 356174 7006784
-8620366073182679220 1525848 947750 7147504
-8620366071539492862 59279 -474564 7469136
-8620366065425695413 -1830445 778669 7091424
-8620366036942016857 -395114 1579576 7023248
-8620366036090072821 -220773 -2751432 7739680
-8620366028674772368 -2766362 -602286 7024160
-8620366022084536657 685646 312922 7038368
-8620365967427019196 -2072071 -1636288 7543952
-8620365947305105860 -2725164 -2143580 7027328
-8620365883373537302 2871986 -1653516 7299472
-8620365832202280287 -752408 -1791371 7046320
-8620365741445822745 -1275205 1228482 7242752
-8620365627574117497 -2139377 -1135083 7566928
-8620365619864041315 -1004112 698943 7247712
-8620365583591099956 669249 1382787 7059616
-8620365561714799397 -43182 1538303 7946832
-5885070624646267352 -1180956 1703711 7095488
-5885070593223540675 1271625 142990 7205904
-5885070573762308590 -324400 -2913829 7013152
-5885070506874087776 2770366 -2233830 7295568
-5885070447318775080 1659366 1366826 7264432
-5885070446110261032 -2730992 -3240811 7443728
-5885070385545401787 2159847 1392042 7172752
-5885070367660137189 -1498979 1929705 7393360
-5885070358022851375 1870914 -725798 7303296
-5885070326108377838 1877728 -1268304 7647744
-5885070239768320186 -1578792 -181792 7497328
-5885070233457266189 1057436 -2254421 7495808
-5885070192124080684 -899594 -1936446 7132256
-5885070159309217608 2653288 -2439647 8120384
-5885070139401624658 -3332901 -2679248 7355280
-5885070119452068963 -311646 -881497 8260816
-5885070117036647112 -3005197 1264086 7616448
-5885070095557736176 -1806544 208944 7452656
-5885070084694102732 1580320 1121084 7043168
-5885070075375955329 2902868 -84047 7194192
-5885070072257929673 -979592 -2163365 7200048
-5885070010801503473 1155770 -2302453 7243344
-5885069963415036033 -2956357 -1163852 7389648
-8706010569104681220 -2315359 -1794844 7056784
-8706010563236976853 1521129 -338772 7357296
-8706010501425390280 2060407 -2744677 7133552
-8706010477756818017 -2470595 282244 7302448
-8706010475968613553 2444229 230853 7447360
-8706010416030122756 565640 1272744 8311760
-8706010411747952326 1613068 -2990465 7884176
-8706010385860726618 108165 199627 7154368
-8706010373159252102 -1684522 -2067032 7183840
-8706010336954494288 -3149794 -566789 7187856
-8706010324320598916 -2175392 1383342 7243104
-8706010318076500369 1592324 350218 7228496
-8706010247879676395 -958912 -2976543 7103040
-8706010226299545799 2144732 -2033546 7291168
-3891675913679556310 -1722184 2342744 7550160
-3891675898385941748 -836078 -835611 7226240
-3891675836287616688 -2374557 -840059 7850464
-3891675807982339036 -2250885 -1097250 7614032
-3891675739221218028 -1746146 1553150 7396368
-3891675705891512648 -1797818 -933166 7027824
-3891675706006690511 1749640 -2515048 7455520
-3891675692045265429 -3076885 -46092 7054832
-3891675653234075845 -2685772 2318358 7026832
-3891675610518730918 -2691893 -3453868 7258736
-3891675596223069144 -3236348 754537 7170096
-3891675594018905995 -1831210 1664858 7144416
-3891675588389296911 -23370 -3045868 7230176
-3891675533506086970 -1301913 1672407 7017088
-3891675508166100732 -1097004 -3061298 7035936
-3891675496573456816 898914 983611 7833696
-3891675427708729730 -2124026 -3380524 7266336
-3891675365113054768 -1346506 -2553657 7634960
-3891675345369662332 -82356 2204755 7428640
-3891675344122681336 -128478 -212015 7185824
4881399507287163921 -950534 -3026247 7363472
4881399557487929103 -575972 -1431752 7445520
4881399643247778812 -1826719 596817 7007936
4881399660224090517 -1471390 1783230 7016928
4881399696054084583 -1232243 -2664095 7146336
4881399723003180210 -2000610 332488 7117136
4881399794037245087 202600 -3096052 7134944
4881399804072790463 -2463518 2151260 7005792
4881399815792131539 -985810 205735 7144560
4881399826593842813 -568056 -10743 7492832
4881399926192355849 2354886 1076980 7355008
4881399950563154987 -1308250 1795092 7078704
4881400010224003053 -2222942 -2388585 7287712
4881400039528654261 -1130630 -2463062 7723344
4881400104591314448 2585030 -934779 7041840
3329689388207486638 -1321491 -1433332 7297904
3329689422333667633 2790421 1670398 7206976
3329689430119409760 2495605 1272549 7041392
3329689495307881567 -151457 -3093988 7120992
3329689507134525122 -795286 -430169 7385616
3329689517880500548 312585 -1491959 7058048
3329689540506685489 -1310191 -2830496 7364944
3329689547186326703 -3040045 821264 7102368
3329689582837606455 742468 -3089258 7131536
3329689652786692114 197629 -945842 7369296
3329689735274084637 -1140423 188864 7000592
3329689764582510193 2474387 -2654523 7352864
3329689782739641781 -2876388 840812 7039760
3329689838760723755 2335224 -478531 7781024
3329689902927944117 1837866 -1018015 7114448
3329689907462268040 -1948568 -1655990 7112976
3329689916244876590 -3502757 2070728 7332304
-6118040655627834054 -2245750 1710679 7384032
-6118040589341840898 -1989062 1535269 7279280
-6118040516809034393 -1706406 -2183656 7340464
-6118040502642078465 967442 -2014460 7226656
-6118040440418462756 -2174593 -1709462 7077504
-6118040434613373750 740146 564452 7031968
-6118040339817309278 786290 -1816345 7069136
-6118040282013469208 980900 1112881 7119648
-6118040254739515700 -2137370 -1338166 7611968
-6118040226696105942 -1521754 2138450 7430816
-6118040226416315501 82257 1666472 7412624
-6118040224254946714 738069 -1595784 7154512
-6118040212749259664 602299 -411002 7123040
-6118040198726061917 2546436 -3067254 7120704
-6118040194052099907 -3175353 1394883 7080672
-6118040171486691343 314347 -733922 7092096
-6118039988576745509 -1076260 2159848 7062624
-8292134027181871891 -2367588 -763069 7125232
-8292134007756934114 -1159515 -3243291 7479536
-8292133959124914985 298700 187942 7440800
-8292133841160750020 -257484 -254190 7337264
-8292133791443543450 968631 -2651556 7083728
-8292133765880619447 694239 -2935185 7923216
-8292133662273649132 821735 2102378 7094864
-8292133658504487503 -1236999 285027 7210416
-8292133651097278978 1168748 -1245124 7226272
-8292133569600122280 -779713 -1321822 7282480
-8292133527052789795 -1414465 1196392 8600720
-8292133488741182917 -1703600 -365063 7034480
4089633307296061926 -1280046 -1487111 7240336
4089633431532939299 748604 205865 7345344
4089633441780154563 -644838 -381088 7328752
4089633518520586469 -1783884 798318 7548704
4089633556802729738 876772 1242498 7014416
4089633677860837035 -3048413 1949836 7393440
4089633698165246760 -1961339 -2997089 7082192
4089633711639241600 -2976333 -2659065 7085584
4089633802631367892 -3384405 478185 7079632
4089633877934532806 1396352 -3298281 7248400
4089633975512304394 1618550 339800 7443984
-6602280160322291737 1799661 3292 7269120
-6602280104074360185 2241818 -533810 7286432
-6602280024618355737 2796433 140310 7073120
-6602280016155548498 674611 -3098309 7421360
-6602280006050549460 3036114 -1284596 7394528
-6602280001738648187 449704 837637 7032000
-6602279987666686578 -240479 -549310 7232560
-6602279801620162366 2191371 -2439868 7114912
-6602279769674557439 -509867 -1455550 7092608
-6602279704831786920 -3062038 1641838 7199616
-6602279665539901604 1817082 -2401667 7027088
-6602279542254337424 656506 -1582581 7101600
-1990128258254346972 -933711 -3309277 7075360
-1990128057631709630 2139588 53768 7068880
-1990128040561494700 -2046487 1663038 7105008
-1990127969694806419 691388 -1910283 7223024
-1990127942155225078 -2985502 -1832493 7004992
-1990127920919973065 -2064111 519851 7298032
-1990127868541700411 -2387973 -1907669 7053760
-1990127868443063999 2546616 -3308375 7615856
-1990127851473825578 466729 438835 7006512
-1990127734773105847 -2849816 -1131451 7506496
-1990127705503753263 -2342148 -1373225 7356320
-1990127659179344069 -2172962 -3546 7068656
-1990127649589059827 1403673 778611 7124880
-1990127627231301165 -1899959 451141 7057440
-1990127620767661771 2812338 -2716036 7301904
-1990127617461821572 -1704354 2530140 7219152
-1990127610718109412 -332269 -1359981 7417024
-1990127596777007137 805586 -2919227 7122960
-5856672655236840256 -242173 300896 7133648
-5856672641014518432 1511283 151427 7575680
-5856672638495859351 1727143 -768271 7029600
-5856672549602908858 249752 -1067914 7038592
-5856672502224840994 -2095512 -1048021 7446048
-5856672492323032879 -3225946 2143354 7071184
-5856672484936446323 2921497 -2836363 7049488
-5856672405479637596 1293815 258916 7018272
-5856672402667885747 1643719 -2608935 7205488
-5856672401598435152 1189422 1576886 7302304
-5856672356237249940 -1469127 -937576 7570352
-5856672355136467535 -3246566 -2701692 7070896
-5856672100300441157 2359321 -1720395 7429840
-5856672085194112240 195017 -3287633 7036128
-5856672046834035484 1427060 1754455 7056080
-8215418904875309214 -1684940 -1955300 7707488
-8215418813187900193 -809170 736592 7368800
-8215418791973756819 130338 -2725582 7056800
-8215418734451611315 2072430 337838 7130800
-8215418716411964762 1656742 524890 7324272
-8215418646601650163 -77571 367990 7683152
-8215418506559767896 2852324 -432397 7062608
-8215418481481756385 -2455560 -121117 7334544
-8215418475189435200 -1562290 -387331 7364160
-8215418466792311036 3005409 -1490819 8392880
-8215418417499616473 -2769194 -2005315 7154448
-8215418409705246443 403942 -2074479 7414368
-8215418359912452304 867124 622428 7028352
-8215418357636549125 1378880 -1111931 7147616
-8215418353437568399 -768412 2060976 7212576
-8215418342760820850 1108310 -3163306 7090992
-8215418258198051456 1939732 -3226583 7060928
1449277843377993890 -3103379 -2977018 7128464
1449277860778476719 2108464 -2347037 7123552
1449277885471266331 1391589 -1695955 7041248
1449277946490645796 1377396 1081664 7274944
1449277950428112441 962087 -2465030 7268912
1449277977727284508 797950 333641 7197104
1449278135316566695 -2715244 -1623834 7435008
1449278232134941491 2470494 1811505 7378080
1449278259076630791 -850864 -2384926 7616144
1449278343696575271 257988 -400450 7014048
1449278386864386393 -3574087 2058419 7029168
1449278389715953804 -2921682 1846326 7034576
1449278391307989702 -2816763 -258230 7317840
1449278401183036898 -2332762 -525961 7069984
1449278405621166347 1757993 94759 7566896
1449278453907554843 -3170277 -2920771 7605920
1449278494574806101 720826 -1881264 8204128
1449278515856553206 -2757873 648401 7378192
1449278536522141029 210125 -2825451 7052176
1449278560277434112 -960658 -1505950 7333376
-1994968194391666636 -1174535 826317 7211040
-1994968171665778039 -3430393 1784318 7189088
-1994968093902289106 653636 1841132 7343664
-1994968050526558964 1546770 -1939918 7016560
-1994968042526791004 1365846 -2329294 7192752
-1994967819409975002 226921 -2283695 7108464
-1994967771165759699 486684 -3496640 7450688
-1994967747779276104 -2415334 583670 7162688
-1994967524013717296 1100864 1061941 7007856
-1994967503788561532 131705 745215 7101808
-1994967437975302519 -2595952 -496078 7444368
-1994967407381898980 1695810 -1881139 7366960
-3125328885304516625 -3157999 1178551 7479648
-3125328631984715720 -3419188 -1105179 7692240
-3125328584451169070 -2379713 1755527 7077216
-3125328578007670367 -2056430 -1974660 7168816
-3125328563101506936 -1631260 -2078636 8563680
-3125328456946470010 2654485 -165529 7268496
-3125328446686283276 -623280 -148262 7266304
-3125328425827885333 -379107 -436542 7030720
-3125328235654370544 -2732049 -2633442 7289696
-3125328235172808741 2623919 1393284 7239152
-3125328211332520934 200981 -1572917 7047376
8546169021941280467 477212 1243894 7057664
8546169076913653524 -1800749 2319328 7337728
8546169131703317958 1630744 1040812 7091600
8546169212517395929 2295349 -2406594 7001280
8546169295612794824 2902356 -2204368 7802480
8546169317857723325 -2718772 1255004 7336016
8546169345257281459 2909749 -2448451 7047936
8546169418334169038 -813143 929162 7137808
-5303344428146330941 -350478 265571 7017728
-5303344389486452461 1493942 -1731844 7163952
-5303344355934692143 -167354 -681303 7518912
-5303344317026391945 1558609 146877 7030368
-5303344267979965337 -2255823 1458864 7194304
-5303344257913790033 463298 -202572 7180704
-5303344089892409902 -265273 2199618 7136272
-5303344086734021980 -1642422 441085 7024432
-5303344006307340365 14387 -3140043 7571088
-5303343827526508103 2553485 1104244 7386208
-5303343788416596273 -1834632 -2225431 7443344
-5303343758318933027 203042 190076 7013168
-5303343752709639671 2097810 -850293 7007792
-5303343724782829060 -2370202 641378 7141760
-1057563002771711540 -665108 969550 7055840
-1057562994728690379 2056691 -309125 7587424
-1057562974519659042 2367793 -698609 7548528
-1057562924721054570 -2906278 601435 8243984
-1057562914420813909 -819332 -1250996 7371440
-1057562912109991837 1158440 -2863341 7045520
-1057562867065709840 1690826 1015243 7141360
-1057562843347936400 -1819256 -1317429 7185792
-1057562676430722530 2649976 -1314239 7042672
-1057562631810775401 221092 -1934138 7823248
-1057562620845223719 -403169 1899292 7193136
-1057562593265582080 2812866 -2452501 7057472
-1057562527329079272 900310 1059279 7028416
-1057562518004075925 898163 -624083 7091696
-1057562476445455244 -2668612 636652 7017104
-1057562471233726795 -2177656 911324 7052576
-1057562470548479093 2280790 152746 7688400
-1057562357248398958 -3170818 -1636568 7197424
-1057562349228399033 -2579976 -241757 7006336
-1057562305488606149 689514 -903543 7802688
-1057562285941158405 2474264 1444563 7113216
-1057562283437498110 -3479513 173530 8004448
-1057562275508445514 2270976 -2194716 7075136
-1057562223725206146 1765744 -2603140 7071776
-1057562172256514740 647734 -1310459 7029296
-1057562154867116427 1739513 -2466735 7172400
-1057562074015495402 381408 -2352338 7693808
-1057562070563606335 2618270 148577 7427408
1178692303514866985 927077 200617 7150176
1178692337529090262 -169125 481390 7157856
1178692340731377083 -466485 -3037747 7355664
1178692358491253393 -2068827 -534190 7147520
1178692407448119059 -405674 -1443446 7042496
1178692429285857329 -1141275 -2982268 7322208
1178692443178769232 1673091 -285624 7146272
1178692510323527821 1155423 -1036971 7137024
1178692512916296030 -1699104 108459 7198576
1178692544261666504 2343670 494237 8670912
1178692597215689572 1004707 -1995694 7163728
1178692637586743323 1461521 517225 7502448
1178692652465760225 -262752 -615382 7140752
1178692680797363250 -294964 -943789 7517584
1178692775938688879 -1372991 -446163 7115280
1178692786753158890 -1560742 -2689309 7096720
1178692892469379948 474132 276871 7053056
1178692901802462785 -1926910 -3387498 7168000
1178692953485880199 -2653769 1239637 7013904
1178693184969032611 507834 -584201 7373808
1178693263700040490 -1353345 -318284 7387232
9089284107466745994 1031022 -2164797 7008592
9089284137976854737 -2056748 1610040 7042496
9089284147395853275 2829011 549416 7000960
9089284149035036129 -3531963 -892002 7382672
9089284166687586380 -742421 -2832244 7296624
9089284221615263847 2717650 806248 7099472
9089284241900308802 1645515 1795253 7376800
9089284254472213957 -347428 31253 7091600
9089284302545322622 486231 -3441623 7277376
9089284308833877774 -2502000 405583 7123632
9089284373102850706 1239740 -1324632 7006240
9089284381183374891 340449 -1067666 7998864
9089284390357436309 -443865 36139 8478640
9089284395281200535 -1290796 -2182654 7371936
9089284409548394622 -993023 -3048762 7202640
9089284511098231655 621553 -1868454 7409488
9089284524525703916 2498312 1478434 7139600
9089284626566588397 886218 -1656300 8296608
9089284660137277015 2000100 1230485 7202720
9089284678269125207 -2833824 -577719 7061152
9089284701784343746 701986 -503170 7405312
9089284812032107052 910999 -3111265 7685792
9089284824394895617 1422173 915472 7166800
9089284896302033134 2019603 1394115 7011984
9089284917073888915 -1394004 -2243733 7110720
9089284962853371072 -2070173 1048530 7483440
9089285000192206692 -615179 -1804094 7345968
9089285068686800329 -1810176 451036 7410720
-4423472845152158381 47104 1227956 7228688
-4423472833181336939 3084522 -290800 7164368
-4423472565642523310 -2576393 -2120254 7103728
-4423472535075675904 1588098 -1105556 7196688
-4423472479371105803 1067546 43256 7035360
-4423472466675102935 -2542691 2023720 7233376
-4423472405865623374 -361631 -898174 7077456
-4423472278731591006 -2904561 1372730 7114000
-4423472182241982121 -2939810 1615158 7330208
-4423472169243704936 -301574 -2819680 7165008
-4423472143710538295 -3117340 -317944 7053488
-4423472126322525614 -3127844 110218 7193280
-4423472108731286838 -577016 -3183621 7165904
-4423472082053172471 -519905 -2046043 7140080
-4423472061031300337 -2518936 900266 7087776
-4423472059653846994 -2379593 -821655 7020192
-4423472042218169153 -2683191 -2513989 7925776
-4423471866086570031 -1476125 -3366244 7182592
-4423471831947657032 1634394 445752 7696240
-4423471806540939430 1880887 395397 7093472
-4423471779238324179 -2602459 893315 7468608
-3778899489359421182 -2436670 -761434 7036080
-3778899487261269363 847966 -3002292 7372784
-3778899463416044174 365682 -1119973 7080816
-3778899364416260580 186118 -1999759 7115440
-3778899296242206634 -937123 758014 7229168
-3778899221008990471 701148 465591 8988592
-3778899185257032249 -786794 -2946349 7053872
-3778899156929384492 -707541 213061 7275312
-3778899145084674150 -1253518 2135057 7364992
-3778899018392115560 1561 -1135605 7080432
-3778898999572885592 -3348356 -2483528 7363424
-3778898927554864313 2564714 1326400 7122368
-3778898856314159074 2904471 1506034 7199232
-3778898788330778889 -711583 980297 7260896
-3778898736153430051 -3338391 -496746 7083440
-3778898681436751910 483751 1001332 7258976
-3778898636280528509 2135657 457717 7122656
-3778898552908134245 -2986496 1217232 7056560
-3778898528170021220 2668641 -2276964 7182304
-3778898462407453408 -1223999 -2926349 7381472
-3778898384129890053 -222695 1166324 7662144
-3778898349703445024 1665900 -852514 7775744
-8798240419875729628 -632717 -2491340 7073664
-8798240388812039215 263139 1302769 7091488
-8798240340401295859 -1639906 -753662 7360912
-8798240284268155478 1347048 1250264 7049072
-8798240278679544919 -3336166 1889530 7831392
-8798240118663504025 -2871817 -2937674 7733392
-8798240112181885778 -843338 -3051888 7520368
-8798239978404186022 1442545 -1220890 7058384
-8798239947103660156 2099396 -897572 7455552
-8798239847786417508 945750 1635673 7012368
-8798239785353218685 -442591 -2952728 7232272
-8798239742346019024 -34764 -64646 7004640
-8798239688565174278 382772 -169201 7105824
-8798239644290545998 1087323 -2762097 7243488
-8798239635547787843 346010 1957564 7383184
-8798239577775983364 792661 1140177 7416848
-8798239569980269307 -1044280 -573786 7487040
-8798239552462877147 -1745843 -1886148 7040048
-8798239530376476160 -12952 2271368 7602176
-8798239492725750538 -2138104 -1486318 7256512
-8798239491464694372 1400311 1611594 7000464
-8798239483461824562 1901747 711099 7320896
-8798239445704382427 -2623984 288609 7142064
-8798239417770156811 -2378442 -1391375 7350448
-8798239404750287233 1295823 1514480 7100576
-6573501450713612129 47755 1688042 7169088
-6573501430369598805 -3046502 -496176 7041312
-6573501329854289992 -723740 -1374974 7816416
-6573501325842655943 -540511 -1874574 7151312
-6573501290543361281 -1957144 2000391 7808544
-6573501177227112379 2877955 -99253 7921088
-6573501155199127827 -131838 1574019 7391280
-6573501101882320999 67423 -2053777 7133984
-6573500985294561799 -3081866 -889308 7139376
-6573500955517366886 -3038890 -2571370 7225776
-6573500947434913697 378999 666049 7049696
-6573500939793525795 369620 588644 7870080
-6573500880084390661 -2398957 -1908889 7589984
-6573500871774323374 -879686 -1798158 7118768
-6573500800367545436 -1184469 1225827 7203248
-6573500777062356631 -3228828 2018885 7006544
-6573500728381363295 -1065558 281713 7097664
-6573500690167422480 -2282422 1904851 7007376
-6573500585812484676 1816849 -1427158 7198000
-6573500546908700741 -814828 1912558 7185632
-6573500502650639199 -497836 -32004 7579232
-6573500501845787226 -3172008 -721148 7384896
-6573500488896597697 2923174 -2073816 7261328
-6573500440786680368 1524428 -3264132 7088160
168158035368057120 702504 -793969 7223504
168158098632791406 1584959 -623001 7256288
168158214102420330 630718 -499472 7404656
168158275497986711 -3052036 -2907898 7593072
168158277947983147 -749324 -2348267 7337744
168158306015939926 632478 -2035793 7732160
168158336420906870 -30186 -2016954 7204768
168158354402938908 -840155 1175550 7186272
168158397155317972 -235911 -2202535 7022208
168158402167725987 -2417118 -1087319 7028768
168158507509927840 -1977763 -211912 7105568
168158591272665765 -347787 -900948 7060288
168158730822659225 -2213062 -33434 7117056
168158737193221714 2045088 -893257 7683568
168158751976236931 2568033 -2934124 7591808
168158810277636425 -902228 -2207768 7124080
168158813299590301 -2477200 -1902561 7143888
168158849740841144 1576545 -165066 7146240
168158956178722995 -3173568 643662 7051680
168158972503865953 -863695 -2275716 7107344
3669842429727310097 745605 239128 7196480
3669842465528837841 171189 -198953 7147552
3669842482820114450 2918625 -616480 7352976
3669842518501163878 -1365515 -2952030 7223200
3669842526058894417 -120436 1745286 7412224
3669842548461539138 -2548466 -2853265 7307264
3669842601908038788 -3080431 -532661 7269728
3669842692942110224 -1049709 -501730 7224432
3669842781336477640 67843 -2797067 7697936
3669842803549863689 1872427 820324 7097376
3669842834929413791 -55299 -3180132 7258704
3669842930398839091 -997236 -2085847 7386992
3669842938073523856 -2593002 -3248915 7156592
3669843036462715163 -678299 -416708 7145664
3669843046709137407 -107190 -2434731 7512480
3669843116549523441 -1392160 -1838749 7183104
3669843172250194506 -151484 -2483092 7292256
3669843250025231813 1250247 -1187445 7703808
3669843258674375534 -637202 -2400675 7099152
3669843297918039889 387450 2241172 7037712
3669843324087585533 549997 -1971548 7035856
3669843339005900273 -434910 -762432 7042800
3669843450321445358 1539112 -2395266 7064624
3669843483466708320 1230645 -550829 7075760
-6603615601540995281 2565810 -1964115 7006144
-6603615510313644362 2040184 -423137 7255488
-6603615490650131638 -925569 -1520733 7212416
-6603615463624476607 127906 1040185 7103680
-6603615419524639144 2167431 219540 7020768
-6603615407396640350 -1235577 -1235190 7424192
-6603615255730648071 -2016419 -1107297 7837200
-6603615172593117230 -2128475 425863 7604960
-6603615136682362713 -3560108 822726 7106640
-6603615133729465974 -2273232 1368048 7313072
-6603615124837591590 -2391564 309693 7170336
-6603615069969205367 -1335773 -1524774 7012160
-6603615040675367163 1456428 291053 7152528
-6603615037138476947 -1006273 141537 7152832
-6603615032480979916 -2217893 1965421 7032144
-6603614918827004177 -290688 -2798716 7202128
-6603614914486679739 -3367883 -1354085 7027408
-6603614913566060277 -2067704 1138983 7196544
-6603614799633814285 617864 -384206 7143632
-6603614785653212527 2816786 1872625 7312592
-6603614774075300877 -2038723 877187 7039072
-6603614769639681448 -2620349 -490317 7842224
-6603614761850918907 -1934959 -1223683 7080704
-6603614758415699239 1283197 -1302240 7409696
-6603614717387687053 -863516 -679092 7301888
-6603614695148425322 -1994893 763373 7447984
-6603614581432147321 1687858 -3156857 7257184
-6603614575452525039 -799523 -2496089 8176832
-6603614539704478605 637151 -1475224 7069712
-6603614513916636775 1094295 -2539225 7054288
-6603614352942241212 -3046683 -985541 7567488
-6061491813567151263 2689681 -2622410 7559232
-6061491800956974244 1334417 1628032 7218816
-6061491787430849713 1895169 -2131532 7612368
-6061491769160323121 2051196 -3284227 7422160
-6061491761615660412 725740 -2866298 7709040
-6061491738376524318 1855391 1547957 7049712
-6061491651215266087 -2547633 -1127362 7283200
-6061491621539241224 -2545282 1407785 7251552
-6061491579116883477 1169982 -2040796 7200304
-6061491475958969548 1928360 -2810971 7035248
-6061491452181111186 -1130976 -2222476 7883392
-6061491439809944792 1677334 -1782437 7369440
-6061491411620269786 860065 -48721 7148288
-6061491238396203057 -1811139 498203 7051952
-6061491232529005777 -2608022 -593756 7558144
-6061491214587776626 -3294705 -894745 7014656
-6061491171742324555 -1624346 2104185 7325712
-6061491170152989161 -3238246 -812270 7417616
-6061491134205353945 2474093 -1168636 7702032
-6061490978390964109 -2054089 2144668 7012000
-6061490971404623420 -385621 384287 7003440
-6061490925599868519 700372 2087977 7464560
-6061490883451610996 945020 -1564341 7194896
-6061490720975486328 -1276842 -1216682 7216320
-6061490714401419652 1602440 -1229447 7085552
-6061490702795546525 -772541 -1115403 7313504
-6061490666938083001 -1433422 1370623 7083952
-6061490658585241212 -26718 -1269275 8089328
-6061490608062964704 -3175819 -3291064 7541328
-6061490606806446850 -1500640 -2503420 7078128
-6061490600476912361 640542 -1470103 7028864
-6061490586890870986 2515021 -2152701 7116848
-6061490564164049173 -2816200 -1226922 7820656
-6061490521500357341 2805147 -2043017 7066928
-6061490465876433618 -2809615 -651873 8215584
-6061490436342006282 982806 -2266989 7249552
-6061490344365824459 2808206 -2140546 7127296
-6061490326126212490 -1902995 -813085 7478576
-6061490323230141062 1191074 -1111736 8172704
-6061490294588800713 2145087 -2452322 7593024
6225654336776759653 -1233071 -1994192 7161344
6225654350246855599 -3119745 -329608 7081168
6225654468318785431 -2569162 1672590 7257264
6225654472474592313 -1839070 -148142 7177360
6225654489758039560 -1931594 -1727628 7140272
6225654531955682916 -849617 1060072 7638640
6225654534674190470 392863 1854582 7177536
6225654655921283835 2555139 -1855173 7614448
6225654756641960469 -1061415 -2677135 7326256
6225654820920285215 1997591 -1054182 7149216
6225654830446612710 -85263 -517421 7250064
6225654833096116373 1210241 -1883505 7026368
6225654904344741666 865500 -3021099 7004400
6225654937328061721 -3433328 -1225542 7289712
6225654971434019128 2090874 1743960 7042336
6225654977016029002 -138957 2378924 7035392
6225655106039432907 -75228 -245557 7388160
6225655159787477428 -2244087 -3265014 7726208
6225655183340938209 1934485 -1976985 7689248
6225655228413841007 -2566938 -1565202 7216976
6225655251245357903 -3070784 -2063068 7034752
6225655276666635473 -2048230 886168 7199648
6225655505429328772 -2312367 -3292517 7501600
6225655522266431907 2004505 -3385941 7434352
6225655525056239108 -768620 2353357 7196064
6225655601569978056 400319 -2147599 8632112
6225655659159379782 -696570 -1758717 7147040
6225655687653866577 -612817 2019798 7060208
6225655697240906335 -2078871 -3170121 7000160
6225655743313920131 -12288 -269557 7014176
6225655765221335788 -1618242 638625 7137664
6225655797094755535 -3273645 806714 7473072
6225655817072235282 -2954875 -1294581 7122352
6225655879291342579 449802 -3170768 7061760
-7768444774057498862 -2584335 -1651938 7569136
-7768444714787053071 -249997 -1862994 7211168
-7768444686963218909 359448 -771626 7079600
-7768444630532486298 -970976 -784582 7023968
-7768444531618923620 -2567563 1765854 7417888
-7768444527263213320 1645870 -1738857 7080864
-7768444522990124022 755861 -2833969 7442368
-7768444509542261316 -1692268 -2917407 7720448
-7768444501397529984 1573224 1524982 7203888
-7768444492625492491 -211857 -279959 7507920
-7768444480383819361 1484812 1295902 7053104
-7768444465992247927 1241606 1559421 7259232
-7768444394904273201 1486139 -2631294 7195856
-7768444275181030803 1998105 -2188405 7045328
-7768444210352591197 -1002923 -1615511 7020880
-7768444186735792110 234109 -2846445 7148208
-7768444163336825132 644389 -707301 7119552
-7768444119602876245 -772801 -1777577 7090672
-7768444086680387939 -1039725 847392 7408944
-7768444073765008466 -1312767 -370673 7125424
-7768444067353390680 427209 -725199 7074624
-7768444048208582343 1434059 -1208867 7590448
-7768443923626009148 -416891 -3445130 7083984
-7768443885638201670 438995 -2608729 7060208
-7768443866083509635 -514124 -2969195 7036208
-7768443813394804299 -3250111 835216 7103360
-7768443803615976451 -2537660 -886528 7346880
-7768443765755599488 -2221545 -258675 7035664
-7768443736885450652 406141 -1749976 7045776
-7768443734474005883 1153645 1662785 7230864
-7768443666592099027 1427574 -1289046 7046944
-7768443531284253638 -2872408 -622352 7314000
-7768443511327031640 -350295 -2092192 7708816
-7768443498884138450 -2216306 -2515924 7109008
-7768443471352523773 2283188 -2335368 7223904
-7768443398923692864 -1035041 622176 7302288
-7768443397032397006 -92139 -2139906 7156016
-7768443336133149960 63805 1458191 7148800
-7768443262014187395 1437369 286910 7000800
-7768443243337077441 -711560 284391 7186608
-7768443242482222139 2360739 -2203638 7451520
-7768443240669649708 486583 -3012363 7153296
-7768443224367474657 -708350 497370 7225136
-7768443201330897494 -2535285 -1891110 7128576
-7768443194383950816 -1389223 1905572 7154720
-5287538409112662083 1567159 -2867804 7214448
-5287538320070445363 1313500 -2919880 7081200
-5287538226821417926 -2028217 951858 7333536
-5287538216758805882 1372277 -2968800 7580880
-5287538199605874477 -2931298 -2612929 7104848
-5287538143168930543 -966789 -1293819 7004256
-5287538139876289619 -1497439 822003 7028192
-5287538071969932814 -1429599 1808826 7005504
-5287537906803448674 1066833 1345316 7145232
-5287537804077104356 -1879519 -2822830 7789664
-5287537798883365806 -1750859 725630 7474800
-5287537741374262931 -1880056 1995359 7685504
-5287537741076756041 -3003753 -1765306 7271904
-5287537670728316605 -1684376 -3385691 7120992
-5287537666537024583 -1498097 -162865 7072752
-5287537643488987496 -1176421 -966195 7265648
-5287537624908971197 -3212566 1673230 7295680
-5287537574561500584 2203955 -2479161 7237024
-5287537539542638878 912830 1183790 7058832
-5287537432157180682 -1360576 1417027 7044208
-5287537416295600523 -221770 1931542 7767968
-5287537401822371302 23767 -189690 7343168
-5287537378138480538 -3151811 -2461667 7507376
-5287537135681767438 -484074 -975980 7378976
-5287537127091302253 -530607 -897639 7186896
-5287537113560778418 -2462369 2135084 7131072
-5287537100495916631 -1270458 -1916901 7378176
-5287537099374262516 1389749 -1213770 7501888
-5287537043116943893 -761372 -3220041 7312592
4363659101189859774 1590356 -1649781 7020400
4363659133304981680 -2934043 -75570 7054256
4363659215123161682 -2727459 436252 7046752
4363659332557462591 1298976 -3274515 7080768
4363659371626335552 2622295 -300536 7071504
4363659446843654967 -1392018 280107 7459936
4363659464830277675 -2241160 594538 7015296
4363659544883602266 -2494760 -214664 7022752
4363659550964505563 266903 1905258 7266208
4363659554247999331 1453734 -965477 7645024
4363659613471037440 2626054 -772202 7104048
4363659689237089829 -1313552 1743282 7325536
4363659792900918693 -1781318 -1067045 7008816
4363659819253931349 840865 -3199853 7035760
4363659834882932255 1354569 -133772 7738720
4363659836812288425 -1368415 -1874081 7455040
4363659882950441468 -1936934 -545661 7429616
4363659959833703321 1317832 -1695950 7264736
4363659997588741898 -661343 -2534661 7222208
4363660074130093928 2516411 -3184701 7023008
4363660096213819660 -717771 846501 7299152
4363660114298407414 -841056 1679477 7597056
4363660119066727213 2067299 -359292 7324160
4363660125803421667 2597135 -2832341 7131056
4363660137771611289 -2427955 -665751 7421616
4363660144003582847 -2300677 803022 7355280
4363660147059190654 -2462926 1604394 7099872
4363660150255966068 -401403 -1462136 7594064
4363660163386878558 -228929 -3235652 7007616
4363660212146350634 -501297 -2584021 7590368
4363660228920265584 -3252134 -3084336 7505376
4363660254018112324 2124843 849369 7184560
4363660291530555856 1872413 952976 7151088
4363660329129993541 -3147433 -901411 7434576
4363660404493666047 -2938892 -1386394 7156240
4363660406060448657 2547739 -3158877 7115088
4363660433938798725 -1321032 2311090 7035120
4363660443511431690 -2666749 -440045 7732960
-4252675498965703296 -2494246 -252527 7353008
-4252675496989863757 -45355 -3467377 7409776
-4252675471843602470 958639 1633768 7390064
-4252675352302607670 -1752766 354337 7095552
-4252675268745344983 -1362402 1127760 7770864
-4252675266637335045 2078555 -3415884 7078848
-4252675234539788796 2777398 258374 7103216
-4252675227257912650 -451103 -1502413 7202208
-4252675182464492387 -320472 -2934409 7526864
-4252675160512817578 2211907 285238 7233600
-4252675143110542536 622751 -174710 7220448
-4252675112940776361 643593 -3468712 7338720
-4252675022323098671 -561725 -207006 7043216
-4252675000955825772 -704833 1519372 7133584
-4252674916734221277 42964 2203381 7605792
-4252674814065530032 -935431 -3172852 7241232
-4252674799979840471 -535768 -445191 7015248
-4252674735090915023 2654744 3795 7428352
-4252674673724423820 -2826197 -3277991 7162240
-4252674667192586169 -811090 -615591 7011920
-4252674664771705798 2651271 564295 7069920
-4252674650448741261 -1172868 2247279 7165664
-4252674628022831936 415392 1209202 7096464
-4252674622437642009 -3173740 -2073356 7815264
-4252674619151961535 -791406 720460 7014800
-4252674612951929866 -3360154 -2962190 7425392
-4252674600818759196 -1104714 -713963 7140544
-4252674474763432537 597236 -591237 7054512
-4252674469955077439 -2135073 -269083 7085120
-4252674393793062591 -2848038 -574067 7042800
-4252674371513803244 -3228838 -1689239 7126624
-4252674278676064740 1736472 -859640 7175744
-4252674278201441878 2414869 1820830 7110432
-4252674219949285144 1074880 107704 7068432
-4252674200829317192 1737307 1334048 7063744
-4252674166658670907 -2820226 328308 7133792
-4252674063149169684 -2140334 -234601 7387536
-4252674062897470774 2540662 350456 7822576
-4252674015923538505 1348377 -1703634 7171728
6162719190729692028 -1283860 -3547268 7022080
6162719199940928043 -2951625 999460 7031600
6162719226961022069 -1386312 261015 7386576
6162719229730819646 1052590 -905691 7165456
6162719277608955255 2430012 635557 7156272
6162719441651098949 119603 143244 7404944
6162719484272850424 762479 904365 7780496
6162719487370877295 -166533 1744231 7052208
6162719503121606877 963564 -831891 7090464
6162719527529055054 1585353 -1866450 7216720
6162719572876960040 -3276679 2093096 7318880
6162719618707021208 993423 -469831 7119936
6162719624223536900 -1627395 -2844410 7071616
6162719718027008684 1213625 1153642 7049504
6162719925069336041 -2866109 -2706183 7066672
6162719939207957339 452590 -1717852 7182816
6162719948254287174 -54362 -2930477 7245232
6162719956962459593 -3343802 -1865220 7130144
6162720084473635056 -2298454 -140514 7144720
6162720097657319996 -1638384 -2485846 7255232
6162720115878312018 -3305738 -3434929 7006928
6162720121855243436 -767804 -928260 7046608
6162720161213551107 -2625431 1615040 7028880
6162720189950368309 2571695 -298102 7064176
6162720193628226014 -1751233 -1780304 7038480
6162720225558198333 2086154 1101484 7701792
6162720297691885875 1986735 -2623471 7012096
6162720371558674103 265904 -2287706 7010016
6162720379069279266 1981588 1430138 7084704
6162720412716521082 -2835797 -2041845 7001792
6162720422445263932 2461229 590326 7073392
6162720486136313378 -742571 1123991 7251072
6162720521095383360 151060 -1876069 7041136
6162720637265681235 -1032058 -2410497 7075312
6162720686515619321 536557 -2310235 7148800
-5347345181398226952 397247 -2727893 7722048
-5347345153033044421 2865670 -1415208 7162704
-5347345050842016585 -3326965 1034281 7042320
-5347345043336673189 2310563 -430734 7076928
-5347345010186459204 -2854756 -81164 7120752
-5347344874825795925 998202 1591186 7101984
-5347344837445417456 1299850 -1228351 7195488
-5347344826283915987 657064 -1706087 7345440
-5347344825770291912 205324 -2912631 7094464
-5347344743614209479 841944 329784 7369824
-5347344699926006832 -1190048 824264 7082160
-5347344676087375305 -1208647 -206610 7154560
-5347344651534277450 26317 -63204 7363520
-5347344638464287295 1043473 -3115133 8001344
-5347344555577072403 2231422 889254 7335456
-5347344361055017382 363112 1206435 7103600
-5347344228308252566 2614188 -285301 8162528
-5347344212547811768 158987 830401 7080144
-5347344188917541932 2391292 -613458 7453040
-5347344090624702479 -54138 -2700259 7001152
-5347344057023519004 414476 1422792 7619632
-5347343989618876491 -622768 -1918128 8234224
-5347343912787543983 1620047 -2144851 7001008
-5347343894145223336 -745492 -3348427 7742224
-5347343872555275552 -1035517 1048782 7365584
-5347343864692411534 -1261465 -553371 7600224
-5347343708104289605 1604890 -3038420 7063328
-5347343578958827832 -1882569 2094855 7636992
97938815809553360 -616084 -3529420 8056032
7071127221679423214 -2012284 -2875277 7865936
7071127253066565148 1958985 -3151094 7067728
7071127255577072691 1494415 950784 7201264
7071127277231571841 -1969009 1414611 7687552
7071127348452095613 -1211005 -2762098 7120144
7071127368836218799 -3003837 1764024 7411936
7071127396619944791 -1857665 1693415 7058832
7071127461514100069 -1804032 539562 7013584
2523146073821692163 -138527 1143521 7217312
2523146127393007679 -957418 -1068426 7601344
2523146149920188732 -141959 -639423 7227232
2523146150861735311 2487956 -2878997 7271360
2523146167421555016 1567381 141647 7420352
2523146276664094309 -1806100 -327081 7117632
-6883561394396985754 1254071 -1364235 7315072
-6883561375203355805 3096665 -3415560 7158976
-6883561372644225183 -272941 -2898813 7060288
-6883561326168269663 187137 738505 7265568
-6883561284941475646 2102713 438023 7275632
-6883561263432737380 879419 455544 7190912
-6883561249391820010 -3073966 1710641 7281440
-6883561161055776271 1956393 1136475 7088992
-6883561056152617398 -2362167 1285683 7046176
-6883561011033659464 -1074987 -423404 7004400
-6883560869829577125 -2657711 973095 7101168
-6883560865820493731 -700513 -2424572 7014672
-6883560847139117964 -2624713 -2810863 7136112
-6883560798813359912 -964479 -2351288 7466960
-6883560640576690229 -2372148 1702518 7254256
-6883560581035420745 -3106104 -657943 7677744
-6883560573038336592 1295193 -53559 7083456
-6883560543162349251 942804 2068165 7387920
-6883560537175184603 2587965 179468 7291888
-6883560510290286500 -609554 1918102 7316704
-6883560470034021958 -208945 1668153 7201168
-6883560415105979622 2375300 -2889629 7014736
-6883560384794007992 2076600 -1263926 7122320
-6883560331860890671 2712334 -3188770 7609472
-6883560279546225792 -2645515 -2237666 7215056
-6883560241797097952 -2531073 1325836 7048864
-6883560219050168334 -1999847 -3453529 7258688
-6883560197826920562 -1698738 1164916 7007568
-6883560197373908501 1580584 880171 7689760
-6883560055165983289 -932331 985888 7167152
1119932767759396729 -916650 -1261929 7390544
1119932794413003447 278256 1839069 7029728
1119932845481305341 574303 -2597114 7022928
1119932873490141638 -2643635 -2212729 7022160
1119932875535856785 2223157 -1563963 7431552
1119932899566134336 -2041042 2316288 8274752
1119932917782662914 648314 -2155698 7217040
1119932981677859384 -235119 -2865875 7329072
1119933099724032243 -2871539 598167 7080496
1119933105233588035 2441481 1016701 7227232
1119933139848620460 2691305 -3082027 7509104
1119933183688123597 1338310 -4912 7149136
1119933226779498836 1807801 1130557 7802336
1119933263988013847 -689772 1614409 7003328
1119933374346626642 -2946493 -3466281 7519504
1119933388171442957 -2101023 -3103203 7656736
1119933409704889363 1278677 1151228 7602624
1119933430384243363 1537617 -1695768 7278736
1119933432708954947 -2892497 2172969 7367856
1119933443872892761 -472561 2360544 7239440
1119933521295286900 -3142728 1223806 7020480
1119933522861453458 550386 -1614429 7074288
1119933640937967401 2870047 568899 7414992
1119933664714755116 1848421 -2002782 7157648
1119933762120238890 1919508 442929 7114000
1119933771437507594 1049022 1898761 7269600
1119933990864863895 954357 -1385243 8028480
1119934033204426594 1423567 -2154783 7484592
1119934045115558763 -1317016 -2337893 7168176
4348317293694043637 1615613 -55882 7023360
4348317348076203506 -353096 2260891 7206640
4348317351266544426 -1151927 590020 7151456
4348317384405506104 2784226 -1243672 7348320
4348317437926507559 -368661 -1813868 7308832
4348317483982063204 -1278041 1138313 7341776
4348317738453145240 -3269300 -2682751 7164384
4348317780972828589 1503673 -2080501 7039232
4348317809856885861 -3339221 1489814 7164160
4348317819930777755 424446 -583250 7284800
4348317847284926004 -1001964 199582 7083312
4348317851260476660 -2553526 -1365567 7029264
4348317968781850195 -237155 -1796305 7035856
4348317973621250546 630323 -4246 7163872
4348318004937444360 -2898047 -190702 7123936
4348318014497274690 2646433 1272721 7217472
4348318088601187367 -2351463 622734 7201472
4348318091089972734 1607323 890757 7062432
4348318150958151093 1048875 180382 7600976
4348318240349491045 354180 1260940 7212400
4348318241411776847 -2099617 -2234311 7192128
4348318325781679376 -1028569 773426 7024656
4348318329113887757 1453086 -1813099 7247312
4348318390016400215 48174 310144 7286896
4348318430058293809 -524793 1655099 7073632
4348318435897372982 -1857954 -88978 7313168
4348318456911112884 985261 -1591354 7385424
4348318482702659584 -695569 -2117061 7065168
4348318506088485244 2305184 -3362118 7202896
4348318546899764972 -509308 1103138 7033600
4348318616082982456 2530857 1317959 7189536
-2398248188407763122 -1295829 2214162 7448656
-2398248188454081173 -368300 -201785 7245376
-2398248184228654817 -991451 -3209221 7217280
-2398248139085988408 -747035 -1021974 7027520
-2398248134870001126 -3029463 -1124505 7313824
-2398248127384330417 -2593589 -1994952 7075824
-2398248084724321514 -1517306 -2655406 7009152
-2398248063559210878 -2273217 -602709 7535408
-2398248033018414531 -1418294 -709584 7111488
-2398248011493782368 -1463013 -222261 7367920
-2398247901825228614 1691846 -2680099 7609424
-2398247873129413025 -1957688 253414 7310624
-2398247803229125946 391994 -479728 7007408
-2398247802915670249 -1862144 316218 7226608
-2398247777334381292 -2229525 214232 7003648
-2398247761595714410 1184045 -33314 7014048
-2398247729266218751 -127248 698570 7214992
-2398247718034409485 1288669 1435611 7131216
-2398247713573136973 -1643771 -1152581 7282672
-2398247703500032640 -2193614 -604546 7433904
-2398247627082320732 -1111681 -57510 7339312
-2398247591311403931 2630381 -3187505 7120720
-2398247570079239178 -2962229 -3014337 7344032
-2398247559296403724 -2037191 462599 7691552
-2398247504571614010 -1214264 -1178366 7176432
-2398247431924405476 2266856 297989 7199024
-2398247424243384656 1096394 725137 7485616
-2398247406655746088 -1991755 -2834912 7172384
-2398247354593109410 729924 1196080 7062624
-2398247180512994917 -2411523 1014099 7021088
-2398247133451874396 -826033 562748 7209472
6431091176595994909 122485 -803930 7441136
6431091196585781507 255787 462329 7024608
6431091273136999575 -1582814 -62766 7595840
6431091306043683496 -3251298 2112560 7063808
6431091342011077524 -3337172 247004 7286448
6431091421259047360 1367034 -1302181 7241696
6431091429328540357 2558226 108314 7803152
6431091600841453903 -1228005 1252858 7316224
6431091601842620486 2319815 -1883949 7936960
6431091706810201186 1178875 -2879125 8843824
6431091951039541770 -3586642 -231491 7124208
6431092064592016881 -352178 1115415 7053424
6431092104080424267 -2407985 -184458 7224992
6431092108597698026 306742 1960821 7591056
6431092111503618227 -3222835 1449700 7363840
6431092126789909075 2110570 421010 7272560
6431092205721665600 1885446 -2431600 7097056
6431092238224743524 1136118 -3545567 7327184
6431092262999283997 308427 2348664 7293936
6431092371144091393 -2844422 -71746 7553616
6431092441966785423 -2285263 1135825 7268560
6431092468126770793 -2931724 -2820321 7285520
6431092471273130346 -303346 -66407 7674720
6431092507280247841 -2861826 -504312 7063216
6431092509425084780 297272 -3403736 7107568
6431092525944609313 -967901 -340018 7412784
85226997495106949 680989 -608210 7446144
85227060474033804 -66005 -1806432 7628240
85227101629573139 -782353 -356205 7138112
85227160847503460 1483767 -2905875 7492256
85227208461538952 -1723358 49522 7825408
85227227563446693 -1559171 2085408 7105120
85227265780763064 1868990 -3209927 8027552
85227277838395742 -2729121 1691427 7054640
85227325116269675 -1698164 -401710 7366512
85227362266656330 -589334 -2210582 7832480
85227375061145335 148494 -701062 7458784
85227378132171365 -2437158 -2872732 7544736
85227532347640202 -698809 -450491 7501824
85227605448924225 2748842 1689789 7150880
85227607933218258 2884368 1201410 7233536
85227617010482900 2633423 -1572452 7016816
85227628818410979 -2895526 -1687746 7013904
85227633852606649 -843630 1788598 7188576
85227685889091916 3026677 148148 7002752
85227699990713537 828009 -357886 7048144
85227780830249107 -1614880 1941670 7494960
85227800585881948 -2937719 -2306614 7008272
-3471650577907391881 -487661 -1408243 7970576
-3471650567474380251 1850247 376226 7413856
-3471650457016571150 10950 -2269524 7111840
-3471650427397518822 -2395386 -413873 7668816
-3471650317739395359 -2454932 -301988 7005888
-3471650312985038323 -2125356 1454137 7503504
-3471650293022960004 847641 -1781693 8523200
-3471650141224839218 1141425 -371514 7229824
-3471650140148409949 2778600 1784003 7084768
-3471650131391276588 -1756278 -1329679 7390416
-3471650097602650678 522149 -997075 7356048
-3471650080341730566 -2618336 1862553 7050992
-3471650047593664590 -2846075 -2571821 7143664
-3471650006329741588 824269 -2725714 7160688
-3471650002995414005 -2128633 1246749 7245936
-3471649961505648154 237279 -1375059 7203104
-3471649957441074195 569002 391408 7113664
-3471649754977761444 570477 1933168 7171936
-3471649679092674060 1808183 1596013 7080704
-3471649666297629071 816068 1331761 7104464
-3471649612116730980 -950227 636331 7934448
-3471649605891514139 1219259 -3439874 7003728
-3471649530358640003 -3008029 781108 7454848
-3471649512092107424 -994467 1809056 7074240
-3471649489192537813 -2228221 369170 7472976
-3471649431673518033 -753293 140173 7196736
-3471649398706860381 159125 -1929427 7106944
-3471649390254269656 993725 -3445837 7356272
-3471649384029357052 -2683800 267038 7060544
-3471649373871196427 -2069221 -2439389 7004176
-3471649317025645415 2048422 -3351185 7874240
-3471649222115226487 -2983679 647532 7333408
-3471649188153766374 793446 -3019700 7257280
-3471649184581763376 -869750 -1169477 7607792
-3471649179064313323 901214 -812431 7606816
-3471649163703226612 1469822 -3146921 7251424
-3471649137428577043 -1596740 -2497704 7043808
-3471649085402887058 2557038 -1724761 7183200
-3519666167649313842 -319523 -2882587 7005824
-3519666019055368803 -1584780 1340645 7691344
-3519665998574546280 -2621013 -1109693 7046096
-3519665965344178455 -279694 -1225427 7210064
-3519665944425295390 -2194742 -140378 7139280
-3519665942074172968 1767852 146767 7011728
-3519665900880411716 2373201 322152 7101808
-3519665814751662834 -1861126 -2279805 7006816
-3519665784493336436 -535213 -105430 7063440
-3519665726822417908 1173248 -2178417 7297232
-3519665706517572259 2232561 843873 8080880
-3519665698080370457 -1383606 -1900853 7712192
-3519665695749008799 2768636 -963990 7296592
-3519665675659097412 -1254245 808101 7007680
-3519665648290835182 1808165 -935628 7030848
-3519665644296335572 -1597662 -2609594 7262768
-3519665582037262173 2433225 407345 7115408
-3519665574141528144 712448 -2623121 7369632
-3519665556926749245 147853 751638 7339648
-3519665555747281595 -3054146 -1537346 7382352
-3519665548829522375 2769281 1634098 7154288
-3519665502561233802 -3477162 -2476678 7008704
-3519665497629677860 556516 -625641 7372544
-3519665494394384473 1201618 563677 7499040
-3519665463923271772 -1608740 -2937222 7285520
-3519665427062764964 -828688 -1415080 8140544
-3519665314775575457 2017571 -1523915 7464016
-3519665280007372565 1669067 1387134 7105600
-3519665241547769468 -1277831 -2158812 7142416
-3519665236251375198 -2452959 -3015670 7159264
-3519665228327462334 -2564170 614125 7314096
-3519665123955843040 1080733 -2232025 7319552
-3519665102406454963 298381 -2589295 7014368
-3519665038028360967 1696429 1548311 7050704
-3519665027091100558 -1652847 869626 7293568
-3519664958242645796 1225193 924392 7084608
-3519664952629580461 -2111513 -2525592 7261824
-3519664928864539195 -2823163 2174724 7570992
-3519664780377108437 1360271 -1548963 7161232
-3519664764542170914 -2467524 1887921 7331152
-3519664700118403024 -2098519 -3000501 7267680
-3519664697307292259 -1508459 -1196045 7136176
-3519664672341998950 923922 -486146 7605616
-7512496097386410122 -1145112 985880 7206464
-7512496011682075115 470211 -447457 7164080
-7512495908772096728 -1717195 1308991 7663616
-7512495896210225037 1161971 1753894 7108464
-7512495825284333788 -3070658 1537681 7279888
-7512495801212106546 -1391270 -957802 7022432
-7512495631970549508 2158014 1137324 7021376
-7512495605795398482 2387355 -1598393 8204480
-7512495529372078953 767765 -2262757 7044720
-7512495501691522630 2468328 -1629482 7131984
-7512495489606873741 -150228 1803003 7295680
-7512495458382104212 1010887 -439681 7082224
-7512495386903936867 -278990 2198320 7819328
-7512495354196989547 1882907 -94778 7434864
-7512495261430289080 1324051 -468827 7298064
-7512495222174971698 2096184 75907 7032672
-7512495213835159167 -1159296 2145319 7233056
-7512495210809913558 -2775215 612239 7161872
-7512495167331447499 -2116923 -1084610 7289184
-7512495148199741932 -1926879 -112842 7175248
-7512495124669038922 1839428 -2729610 7534112
-7512495109316438289 -117077 -1013301 7317328
-7512494994823440524 1027577 710054 7254128
-7512494976132054675 983599 -2564246 7106688
-7512494972869639371 1668755 325625 7095488
-7512494940806924792 -157063 -1646640 7176704
-7512494919593338371 -1043338 2010368 7345344
-7512494867065957326 -478807 -1730437 7160448
-7512494844765428214 -2948457 535509 7097552
-7512494837107724301 1565278 65485 7409184
-7512494797726254837 -2519401 -3093992 7094816
-7512494793657062159 933308 561131 7276368
-7512494706732692961 2677040 -2410057 7225888
-7512494702680335177 1400076 -2921960 7158208
-7512494602582380921 2339301 -3073194 7610720
-7512494589884193639 -676331 486025 7058352
-7512494561053310307 -3137227 1444131 7019616
-7512494535211088579 882801 -768858 7078128
-7512494532886393902 -1969585 -3198864 7011024
-7512494438766695469 -638321 -879521 7615888
-7512494436258985234 -146300 1156513 7123584
-7512494395773180730 -2157037 -1172943 8070032
-7512494390044823151 2501934 -434557 7391008
-5498158515692335486 1515487 -815176 7005888
-5498158513473888286 2382488 -2134969 7064512
-5498158450838048129 1922764 -2859081 7130432
-5498158390189897810 1175444 1930256 7202640
-5498158250609340119 -477056 -20212 7072128
-5498158192553517695 -391787 1068668 7283472
-5498158054425494971 -1495803 2038811 7087904
-5498158017893283451 -2885739 930887 7288672
-5498157925394962511 -3463004 1386352 7008448
-5498157824916713026 -3374850 -3216231 7036928
-5498157787462509062 -3265757 254598 7141024
-5498157727588653389 808528 -1963885 7256864
-5498157662973388698 -1837156 2437936 7459408
-5498157647902949780 -1701992 1366217 7312848
-5498157638734822912 -1370949 895474 7273344
-5498157568214780570 -1509227 -2533195 7737216
-5498157537233747444 -598463 601303 7537808
-5498157471629190041 -2240442 1567869 7287728
-5498157413333983880 581119 -935676 7193600
-5498157346505402428 -305208 -185298 7894112
-5498157279935179002 785023 1501409 7051776
-5498157263747564613 -3263759 -2487697 7037024
-5498157132900756636 2127733 1446814 7800208
-5498157119909425246 2769993 -1083694 7463760
-5498157010088106920 -2022719 -989975 7074032
-5498157005909038878 1026501 -615776 7149456
-5498156820002070587 1698661 -2146812 7072208
-4135869542500998154 -1005968 -3273991 7052208
-4135869497741424886 -2327080 1249492 7198928
-4135869493226248185 -1779300 -2742384 7012048
-4135869484793688680 -198571 2209381 7547904
-4135869475239862891 1338471 -784027 7030640
-4135869461543201190 -2531925 178708 7114464
-4135869428855904749 -1005063 -2744426 7030112
-4135869413372235001 3099047 169482 7629152
-4135869399071686838 1114010 -3275498 7120208
-4135869397521367850 1295235 -1469409 7025920
-4135869383767309460 -439341 -57632 7309280
-4135869345589642239 -486423 -2638056 7159456
-4135869317367114814 -2881148 253449 7190544
-4135869307160849776 394694 -2455906 7063264
-4135869268983250507 -3024166 -1331721 7097664
-4135869228452180515 2659078 -2423731 7231600
-4135869224153975908 2921235 -2831868 7000752
-4135869197532427670 -1810154 -2251153 7022016
-4135869196106364516 1518800 -1248846 7294832
-4135869149986547885 -2036473 -2206168 7023968
-4135869149903721335 -2993240 -1836038 7009072
-4135869141987264861 -1820515 1477437 7974256
-4135869132945394347 -2624870 2049200 7229040
-4135869112390592674 -2307553 -2927910 7131136
-4135869108383509102 -349481 -2899698 7086304
-4135868841412715099 -2313885 -2417280 7153296
-4135868685468530448 -2962928 -2852117 7144880
-4135868665859861693 -565080 -3268395 7001904
-4135868646933784580 758031 -1585576 7100240
-4135868604389305227 -2181693 -2225058 7173504
-4135868572571567755 992905 -1553287 7007712
-4135868510984294697 41006 -1488869 7024736
-4135868323703427799 -538916 1534310 7303360
-4135868323292654732 2774338 -760830 7431232
-4135868305752567266 -2228384 808897 7244576
-4135868204235565165 -1418618 -512717 7018880
-4135868187551136009 -1236660 -2325977 7082944
-4135868175874519594 -2659180 -718333 7283440
-4135868025877543405 1796968 204382 7011744
-4135867969648927416 -1184333 -3641333 7398048
-4135867966505556607 -1568997 -1958726 7385248
-4135867945444644720 2148375 -3032936 7459952
-4135867937351291529 2429238 1531471 7035520
-4135867934902533806 1016067 -476266 7009600
-4135867895174355192 1517116 1757970 7298848
-4135867893927736191 2392933 -1825726 7340192
-4135867883775285614 1965921 -694364 7179840
-4135867828761923815 1087364 78040 7121680
2777356681681173755 -103199 2500897 7043728
2777356695166759742 -2840986 -800581 7204816
2777356710870133470 -2603101 -1858093 7519024
2777356747419535628 -1451917 2140132 7216320
2777356816871496671 2067083 -2396349 7106048
2777356898934015768 -2828512 -60578 7087728
2777356927972347046 -1628155 -1154013 7014352
2777356931274914295 2652510 -2077961 7107584
2777356958028448620 1692978 -1113359 7317984
2777356978954716107 -1908259 -1455794 7054784
2777356995883494196 2776852 83990 7265840
2777357049599044147 2269196 -3078434 7027280
2777357073929254992 -751895 2231956 7166032
2777357082203977923 6477 -2305445 7138256
2777357108732700968 1821923 -2425940 7086736
2777357137477212667 -3353320 444370 7190800
2777357211348612308 -3148046 -3521656 7526544
2777357221582466854 -3257546 411822 7577120
2777357233104379380 -1566114 2126038 7438464
2777357247076421083 1405248 -3322009 7297488
2777357314592071047 -2375990 1810765 7240464
2777357369143092902 2525974 -2302229 7116496
2777357382442741591 -2280202 -1089982 7034016
2777357432322437146 -472661 -341442 7425088
2777357454504276190 1692715 -1383095 7088208
2777357504535093602 -970143 1657965 7588736
2777357553164390883 -235540 -2578373 7702384
2777357607951998416 -3127163 727022 7273712
2777357657553653630 -2044147 109291 7009216
2777357742896765317 1909097 1061101 7108832
2777357768292041124 2476431 -3057512 7087840
2777357901196555821 -2282953 -213939 7535056
2777357915844955238 -2333830 1765054 7169296
2777357985447872570 2271019 -3131671 7421696
2777358069962330987 -2559457 498574 7594896
2777358081894421781 -1996484 -1245004 7442272
2777358098422293437 2639477 553127 7016000
2777358128139882639 2679909 -2663232 7029392
2777358142971077431 -1634665 2133075 7378192
2777358155346107087 307629 2096848 7320608
2777358197279078751 -854544 -2252417 7022544
2777358201411121996 545794 -600222 7672960
2777358207919168508 2176333 616723 7198064
2777358223828868247 1044832 1383254 7417760
2777358232726571785 2166749 -736979 7130704
2777358283077634514 -267220 -3509566 7221040
2777358356533831233 -2489975 -1319053 7418016
2777358357830932522 2738711 -2702400 7368448
2777358358781607709 987431 -2469835 7391632
2777358401879860171 -2145895 162733 7231056
-697805432378577681 846208 403582 7886416
-697805430514923644 -59885 -1105298 7124400
-697805421150291737 458526 -3023884 7103616
-697805259541552302 855025 -332633 7461344
-697805172214736962 -258402 874263 7058704
-697805144715840728 1325526 -582000 7133696
-697805073285645623 1498640 976872 7033008
-697805052331080505 -2978083 1935704 7151808
-697805048036991722 -361489 1378683 7007520
-697804890597527302 -1447975 -1612548 7239504
-697804869667480577 -2364779 -2611799 7216976
-697804719880952908 -2232669 1864647 7414816
-697804718576355744 -2892735 -132955 7034864
-697804677235800411 -3131556 -924567 7146704
-697804662074865740 -2453044 -574861 7270768
-697804661345973974 -2485161 -446126 7274464
-697804649109116247 -3102131 1534206 7237744
-697804637567920025 -1263756 -531051 7047504
-697804606397200016 -1064770 -1540020 7500240
-697804601737542992 1091681 4887 7433856
-697804536737916759 2583504 154151 7007296
-697804490135146773 -2326383 1946392 7829280
-697804443786027752 -1831094 2458911 8039392
-697804412264348670 -2530328 1582868 7066880
-697804408859416298 -3621470 394811 7352896
-697804260098212694 -2906696 -2091486 7270864
-697804249457848505 2968471 731526 7255904
-697804208658744407 -5467 1135351 7193120
-697804194264820855 -1716963 -512885 7222272
-697804186950999445 -3054624 576136 7058256
-697804165723663783 -2328840 -2650852 7052432
-697804105331408095 1645927 -49563 7043312
-697804020366880377 1651483 -117428 7017968
-697803929794841059 -1748426 1474392 7205472
-697803893554126316 -1037244 -125774 7833408
-697803782834741786 -2136007 -2674099 7838432
-697803763672373035 -1979010 -370924 7067312
-3270950408717683160 -706131 -2264484 7577008
-3270950367663790950 -3529833 -1470111 7255408
-3270950342722537406 1158605 184530 7222848
-3270950307161953472 -85754 1642523 7535248
-3270950275667654836 1572054 417540 7178976
-3270950261466008252 2786768 -1048217 7714000
-3270950203944372222 -1501054 -3312175 7028608
-3270950172159221213 -2804672 1268516 7072512
-3270950148042254682 -2532954 1916859 7023872
-3270950144530448570 -2293921 -760348 7584080
-3270950034979668160 -569933 -1941920 7064864
-3270950017077391860 -3028037 657406 7411008
-3270949965820622383 1770534 -815692 7062128
-3270949962295712705 -2682723 1741462 7106784
-3270949938750880051 2446310 -2007775 7031568
-3270949912330550109 -710191 -741114 7182336
-3270949866694739799 -2977716 1666794 7652752
-3270949828799359359 -604750 2476219 7383040
-3270949818289360707 -3114882 1447627 7307808
-3270949764545298020 -2190545 1584078 7011360
-3270949715621499936 -1017953 -3477350 7627856
-3270949704892222792 1079130 -3004374 7463328
-3270949563369320240 -1847045 1443718 7375648
-3270949494038976922 -876568 -577792 7330320
-3270949460347447079 2835970 -2420512 7382432
-3270949391250600785 -2202303 1473454 7084784
-3270949345546298020 -2011947 -597479 7180240
-3270949249568078542 -3000347 -2323189 7583360
-3270949215071686996 2933140 -844486 7032384
-3270949169055952934 -1537981 -1134228 7012752
-3270948964120632887 965696 -495740 7303824
-3270948913050996615 2186120 -1655442 7129728
-3270948820154362771 1948869 157083 7363104
-3270948688143132730 1050771 -3053753 7132112
-3270948682052343817 -2360214 1301795 7050176
-3270948680829762788 98741 -3388680 7477360
-3270948664914135857 -3150688 -672063 7653648
-3270948639193379090 -2406962 -2599102 7354512
-2610929228715402371 -1609620 1221949 7012416
-2610929189770516893 851466 -2817014 7403616
-2610929137929198813 -2562940 -65708 7815088
-2610929074301015217 2422191 -3096223 7022896
-2610929065148773808 -634689 2121070 7034464
-2610928983428164965 64247 1661254 7195968
-2610928923753878082 1626759 -1402373 7211904
-2610928901970419538 -1294104 -619910 7685680
-2610928870898061628 1282282 -604898 7009728
-2610928853702897505 633824 -3325889 7018640
-2610928808652778755 -300396 -2271752 7540480
-2610928798009134724 1833358 -2606427 7183152
-2610928696175547880 -2736910 -1999914 7768096
-2610928693873960573 1313076 1485561 7330032
-2610928685001546497 -975181 -1780609 7518816
-2610928649651477182 -2275830 -311109 7212208
-2610928608510066517 482958 -2144222 7103456
-2610928596709524709 1535391 97705 7054624
-2610928500808356156 2219904 -2613383 7018192
-2610928492936060700 -776136 -1479556 7096384
-2610928472431458734 -2818575 -27869 7023984
-2610928457636098854 -1600942 990551 7088368
-2610928388233118950 -1026834 -1853473 7498000
-2610928386696611570 -1942007 -1111025 7340320
-2610928321119540211 -556476 -1034702 7280096
-2610928284148784969 1584479 -1488969 7556864
-2610928252091970842 826407 -2430996 7131680
-2610928214657259570 -2599252 1135362 7180960
-2610928171621316437 -1197782 -947789 7018608
-2610928075661133397 -2931566 -209919 7149392
-2610928073134888811 -367387 -2589013 7270240
-2610928051157031186 -1862964 -2018184 7299152
-2610928023803696329 -1517705 -114003 7122384
-2610927990702943078 -2762279 -3011403 7672464
-2610927987481693033 -822669 1779587 7003136
-2610927969205737808 1280193 1016726 7251008
-2610927951236193865 -1037762 -769216 7078288
-2610927838002180225 2821460 630767 7307664
-2610927833027464597 328788 515607 7142224
-2610927786356734166 1225315 1698537 7087280
-2610927782952444549 -1857257 -2902769 7356832
-2610927774171642115 -975138 -3030862 7198432
-2610927700177904138 -1513948 -1681529 7260048
-2610927692741271066 -1781846 -2425198 7069280
-2610927612401574398 -3348641 -135126 7402896
-2610927557706487917 -2749956 2030335 7067264
-2610927548772509656 -1934469 1712265 7729584
-2610927537000021266 -1128610 553557 7049072
-2610927488526121240 -3361343 879545 7058112
-2610927482952438715 1083405 1299296 7043888
-2608546715314226085 -264570 -808845 7194448
-2608546680643283180 -2359142 -3285687 7218976
-2608546646609093426 1086906 -1311758 7487952
-2608546592871439427 -3324610 -529438 7014896
-2608546505759967469 446586 -1645290 7156976
-2608546488478347770 2587699 -3047 7020896
-2608546438418658434 2480999 1356417 7534512
-2608546363791729362 2142267 -595836 7034064
-2608546349548788484 856405 -7130 7505776
-2608546342100468682 -2501974 1591057 7482432
-2608546300828380031 285248 -3548950 7007680
-2608546289561483656 -1107488 -1361517 7141120
-2608546273776429587 1106485 1807157 7370176
-2608546253422335312 2972298 -891929 7003696
-2608546240897373367 -2762102 -686431 7067232
-2608546208611093290 -917047 305547 7123904
-2608546172456532443 2267573 -335716 7093728
-2608545804010527068 -1634172 -1467202 7855024
-2608545773377613777 2514559 702602 7517104
-2608545737070955187 1386959 -3348600 7565056
-2608545644312365908 -1175941 2083222 7187920
-2608545625388872180 -449936 196387 7186880
-2608545555251837199 682911 854575 7135280
-2608545526367085812 44880 -1360561 7463712
-2608545526244117802 772254 80193 7358016
-2608545476861068344 -2523320 -3430589 8739984
-2608545415511382055 1615809 -12986 7901808
-2608545393925223799 -2895204 -1589401 7220384
-2608545308995390349 -1111540 121778 7304560
-2608545251613315605 -3149671 1101726 7030144
-2608545232636222633 -3393940 -427192 7295248
-2608545228078380918 -1450356 -812491 7196496
-2608545200690502493 2399937 569618 7197040
-2608545145692887208 2830214 -199511 7057792
-2608545133531000852 -1520278 -1209443 7597296
-2608545088575444131 -1212060 1302723 7306896
-2608545025848852817 2570157 -1514439 7003872
-2608545007960780373 20318 -816151 7310256
-2608544999647968535 -2280313 -1177269 7821296
-2608544922834671776 -2828683 -2358516 7000448
-2608544768154744920 -3429525 -1020378 7245520
6293054927461509028 -152315 570513 7033936
6293054940527520118 551630 892916 7555792
6293054986463139978 -2521085 -259811 7192560
6293055063618140818 -732271 -2690822 7014960
6293055173034419226 541490 -554302 7083168
6293055193135267348 -3533699 -1870999 7041552
6293055237238585271 -1249423 -600800 7086688
6293055260067638379 -1498809 2132719 7580992
6293055273047097465 -3111327 -3194823 7284144
6293055292429207927 1612924 -2003987 7003008
6293055301056304600 2233582 837159 7072208
6293055344572420102 436757 -2516800 7032976
6293055437879720915 2400073 723081 7095632
6293055511428098004 2477165 -2285806 7013584
6293055545900879301 6454 -3160567 7435776
6293055591407441192 -925242 -1204961 7046496
6293055639178002077 2824089 -1533131 7024096
6293055732391002835 -961907 -1226156 7169376
6293055755779895344 1975439 -3487248 7578432
6293055762657560322 -2972974 1834686 7247664
6293055802953342027 3063253 -2596076 7202656
6293055805363288465 -1759010 -1798027 7192256
6293055860666375846 -756020 -2225219 7134272
6293055905894917933 304378 -3024259 7166624
6293055962310046113 -152456 1480132 7262416
6293055984000352206 -993682 -505681 7067216
6293056099025569978 -1661557 -936511 7024992
6293056155720357178 826982 -2265550 7212960
-6143028093431859877 -446468 1323081 7093744
-6143028068081756526 -442164 -1053139 7876032
-6143028019750538492 1035316 1901947 7475824
-6143028013992524198 1154343 -1392872 7183568
-6143028001918031805 -3147207 -2111124 8248304
-6143027952091522996 1266274 1154069 7076160
-6143027934491081140 -15074 -977548 7227792
-6143027923896840668 -2085121 -1814542 7119712
-6143027918856091543 1940126 -1179492 7292768
-6143027909354092991 -2541930 -3188312 7330592
-6143027868088252348 1518411 -725074 7142816
-6143027852922640489 486422 -3103249 7113808
-6143027658481789452 263171 2140736 8033408
-6143027655367159095 -1516275 -1985602 7212256
-6143027519147706031 2074739 -2684389 7240096
-6143027504590480369 1768667 1290431 7398816
-6143027472466704277 530525 -34241 7252592
-6143027465657011537 -1944491 -1023609 7647264
-6143027446427360802 996152 -1295486 7741696
-6143027445451194389 1877997 382487 7061776
-6143027366457688293 -660644 2343161 7338384
-6143027178015252853 -511499 -1143345 7380448
-6143027168833900987 1454221 -907758 7360160
-6143027070712237846 1866210 1808225 7035056
-6143027038453027857 -2364575 1323055 8249888
-6143026998629617088 -2864186 1999328 7356928
-6143026975609997630 -1337300 -59182 7200976
-6143026917367267733 1673633 -2839855 7178864
-6143026912957090314 637467 -2021013 7176928
-7034387004252381586 2652448 1523933 7010592
-7034386974068742081 -1007648 860158 7091984
-7034386956625703640 2023305 1415209 7467824
-7034386866820268950 1595156 -107964 7008736
-7034386730768254865 -2430357 -1147960 7277904
-7034386716498889905 -864370 -595770 7153712
-7034386682576552739 2076053 -2295775 7029248
-7034386663698587957 2471085 -2718507 7261952
-7034386639304469550 -693543 -2057657 7233216
-7034386638277888029 50602 1855920 7194000
-7034386599039687333 -2237707 -60190 7113888
-7034386584956110816 58060 -2251872 7051968
-7034386572603105512 447275 656310 7062560
-7034386515303124062 -3121843 1397611 7135152
-7034386496023340482 355150 -411893 7554080
-7034386463629698746 -1495863 1028947 7383344
-7034386294604586971 -831509 525220 7656640
-7034386240535714604 2333752 -2413251 7064976
-7034386176091321885 1801515 543708 7162672
-7034386140511643643 1374594 -2138232 7342944
-7034386138415657640 2216076 -2187297 7791664
-7034386123222648552 -1204326 -1523348 7153760
-7034385992218302882 -2518039 818158 7516320
-7034385899793389406 -1221258 2184387 7064832
-7034385892188417752 2560234 1132240 7219440
-7034385810516369625 2279900 -1362816 7072400
-6855542482743888179 1388786 -1562840 7062720
-6855542304979756209 1455310 -3084509 7133872
-6855542108237254322 800411 -714135 7080416
-6855541997235125577 -610470 595997 7063600
-6855541981788293793 -3399196 -1885899 7205664
-6855541787311448879 -2279320 -1531860 7296384
-6855541754895304635 -3271678 345578 7277760
-6855541682034691149 1179451 963200 7155840
-6855541599925697866 -865744 570213 7550816
-6855541524286051774 555538 -1437414 7130960
-6855541468781673074 -991755 -2470111 7288256
-6855541423144198740 1378704 -1017149 7364352
-4388990675528853823 -468297 -109052 7552432
-4388990530439616823 -1106437 1279640 7246640
-4388990451880595275 1126665 777726 7181584
-4388990407199177620 -190769 770155 7537168
-4388990299971181008 -1056889 -1012647 7008912
-4388990275343889380 -2064302 -1652688 7179200
-4388990253809847598 1447463 -2047150 8434608
-4388990237067489292 -252952 -2508417 7461328
-4388990155858242833 -1783397 -2545664 7051744
-4388989988679984956 -891024 1530609 7142016
-4388989948900999470 -1812848 532582 7268432
-4388989873359364226 1588505 1198862 7230544
-4388989830914352868 171298 2242973 7569776
-4388989797161537773 -3444008 334121 7197424
-4388989711556658770 -2181691 223567 7048112
-4388989702813118351 -2789515 1703712 7077760
-4388989702556652528 -2467522 -2372985 7184400
-4388989683074251222 1198690 -851196 7005696
-4388989594000211217 135213 -1901024 7058576
-4388989537941429765 -1042663 -910553 7079040
-1161715580089393203 97615 -3381002 7176992
-1161715531461886275 1288183 -2028361 7417584
-1161715429596199253 998870 -2394436 7263200
-1161715385410345034 -780111 646554 7210432
-1161715378332629763 2771559 -1927534 7003392
-1161715368032929263 1486557 -1171997 7005184
-1161715302810522952 -1761421 1192135 7238160
-1161715289974971252 -3091292 -146909 7071152
-1161715248737144412 1741844 -1955625 7560032
-1161715212749718700 2236553 -2442989 8247392
-1161715162243525982 -190112 -1573158 7004800
-1161715104711247136 -2554655 -1890532 7030336
-1161715066215911963 216164 -2105885 7014736
-1161714934524363802 -57498 659833 7247776
-1161714879857545933 852522 -2543756 7225360
-1161714869135264491 -1015677 -2432294 7002304
-1161714816424837303 -2308464 1845231 7514928
-1161714807594148418 -112052 994000 7124784
-1161714785965768445 736996 1481087 7083472
-1161714736442200457 1931867 950401 7377216
-1161714711145714017 419757 -1528636 7367216
-1161714697243514819 -2616461 -2100135 7552128
-1161714648020143029 185450 -1921369 7084624
-1161714627608261602 1422444 -2486932 7123008
-1161714591541208984 -2435356 -1064834 7337312
-1161714561208027927 -149191 1209495 7573968
-1161714506706876751 -2171272 -964566 7397376
-1161714383912443770 2042001 365493 7148720
9159142811126022597 -2303890 570510 7102864
9159142875512441263 1787090 1326686 7420624
9159142959187394801 1921783 1115528 7000048
9159143020707570290 -2133085 565123 7111472
9159143083315504876 -1763408 -1734363 7291840
9159143099632245440 1773403 -1800953 7016400
9159143118730931776 -401799 -27599 7063248
9159143155304332873 842643 -2315823 7486176
9159143255099941401 -1813470 -1081595 7081984
9159143346284927859 -960118 1867044 7277536
9159143356213668552 -834397 1018753 7085744
9159143405516455819 -1079238 1258897 7286912
9159143522643957704 1080546 1167639 7020720
9159143576135109636 2504907 -9453 8639760
9159143603546319965 549367 2419268 7255216
9159143613709832079 535359 754055 7061744
9159143663723255284 1045158 2347942 7203472
9159143669375586657 -1905404 -3178161 7155184
9159143721141080519 1254545 1381582 7226688
9159143731186246264 1408665 536445 7157440
9159143781428260016 -3317865 273674 7009888
9159143815837995884 1600146 -2524571 7243200
9159143819110556147 -1582953 -1289492 7416112
9159143824785156283 -1823254 -32663 7184496
9159143836719047825 -2166224 440911 7116608
9159143931675953854 573172 1751340 7106192
9159144018669741622 -2806050 -3339355 7248704
8092539747367137490 2033586 -709866 7240016
8092539857556023041 178583 -1664644 7424368
8092539920664329133 -1636053 644415 7109200
8092539981961920311 2494845 -2478567 7305856
8092539984058853040 1570404 1219851 7666672
8092539986578679919 1386650 -2980960 7027360
8092540022321812180 1362638 1684361 7299776
8092540052856034562 -2927470 1362194 7531872
8092540098255898078 -1857519 -911896 7050288
8092540116150059888 1409719 711927 7271072
8092540132978646337 -1347976 -80647 7496512
8092540170559476449 -1316849 1337480 7053312
8092540266068384577 1031197 -2686433 7134768
8092540269985263856 -502637 1842344 7033024
8092540282109856470 1431760 1560470 7126096
8092540302639160490 -2908798 439833 7299536
8092540304175486791 728929 1233770 7140912
8092540334750961599 -2623559 -174567 7230816
8092540391192012860 -686918 -1067356 7205776
8092540430115867549 -1359367 2299150 7106368
8092540483869775316 1900145 -102196 7087376
8092540517321073334 -31481 -2137552 7008496
8092540561361440209 -2850388 39191 7228512
8092540568907426552 2449972 -1976393 7502240
8092540571270528937 2026866 -774873 8381168
8092540587155519326 -1023020 -735543 7000928
8092540596608412319 -1266442 705870 7083632
8092540645012325731 908180 1045056 7837872
8092540692709689138 2483334 -2612443 7173920
8092540699737968778 2274813 -268377 7242384
8092540704646893273 1263086 -2809626 7502016
8092540736620208416 -782486 -402658 7000192
8092540798468943271 252536 -626655 7093744
8092540927543077398 -2834525 1597899 7149424
8092540973402715133 2173581 1442780 7278016
-4987333335521279021 827982 -433539 7094976
-4987333327789618431 -2079491 339537 7030480
-4987333229597648120 -2847944 -1563807 7172032
-4987333214918918890 2292063 -3078144 7016512
-4987333203767363564 -1934915 -3394892 7478960
-4987333164613627681 -1425097 -3286645 7437808
-4987333120253123755 2060895 783738 7264048
-4987332920470147171 458914 -120104 7330992
-4987332910395033189 -2270252 1629532 7353456
-4987332815870439420 149561 1177005 7165200
-4987332702366522348 -2052883 -2762495 7329296
-4987332681230968782 -1041627 1947620 7621568
-4987332671257929011 760422 -2952348 7354112
-4987332633425375247 2576740 -986803 7188928
-4987332628544164301 748250 -784709 7032656
-4987332562825708295 1588794 521649 7057408
-4987332487868861809 1110648 -3493919 7050704
-4987332455667510485 215936 1001776 7587216
-4987332364423124925 -1605164 -1771280 7396032
-4987332355718205767 -1235488 530332 7267504
-4987332306208926247 -2546431 -2023261 7227360
-4987332269350700075 -62185 -889684 7203936
-4987332258436585771 70891 1410288 7852192
-4987332255920683291 -1385957 -293735 7007584
-4987332251072711537 574304 -1431349 7568864
-4987332249463398364 -807444 -491377 7191184
-4987331943889462773 -2198254 -943661 7001568
5629867242149176860 -2992365 -1667846 7347568
5629867353010006619 -603208 -2282528 7057360
5629867500670259432 1510223 -874570 7182992
-5022992482492400030 -818606 -1461449 7381632
-5022992428067481060 -1585691 -3141755 7488496
-5022992412492538461 1209216 -101739 7742304
-5022992390487608915 -348661 2298693 7136624
-5022992365766253023 -2952841 -3166469 7129584
-5022992253282250764 -1249348 1223892 7282464
-5022992236808582868 1653206 838287 7136048
-5022992218681096202 1569343 -908102 7038096
4494656978782070061 1676975 70169 7500176
4494657117698371919 -152040 27073 7047152
4494657130803652437 2519112 -845919 7154336
4494657152249833109 2756237 -832603 7200864
4494657197940793399 -1828822 -1992410 7127104
4494657203277366466 333830 -2429125 7024848
4494657209315923454 -2154257 -687888 7160800
4494657215603921450 -2846148 -814667 7697712
4494657227882548275 337251 718106 7123632
4494657242191376381 258557 -3220645 7306064
4898270504045181816 -828781 -1811461 7277264
4898270613095431787 -2773088 2111415 8545600
55162998111559750 -2433258 -2024635 7019568
55163111015131078 771735 944039 7801104
55163134786278656 314441 -2830900 7386448
55163151886109491 276700 1965321 7109408
55163198268329299 -2194722 709092 7272784
2624745060161273958 1200788 -161257 7018320
2624745180004042101 923503 -1630378 7427568
2624745244371833683 -1065002 1620185 7004160
2624745250348008009 1303085 -2145423 7118944
2624745257011092994 -930220 -3098110 7066720
8556388482900835128 -1568454 -2785738 7454880
8556388559739259127 2247151 -511408 7111520
8556388687644267320 -2668053 179996 7169536
8556388688781732440 -382884 -413823 7530640
8556388701799384687 -122120 -1298209 7070352
8556388716277565915 184103 -2056052 7184016
8556388743651768112 1509948 -188648 7031168
8556388762185046175 -1708114 2122121 7339264
-615458631054226479 2611936 -710240 7239824
-615458606703390773 -132493 789282 7086384
-615458595972933593 -1692432 -830866 7141728
-615458581222192351 -3045802 -1106113 7246304
-615458442722295957 1571814 -2263113 7285952
-615458406727516327 -3538149 -1884986 7902720
-615458373321943806 599260 406990 7323024
-3046244138535280610 -2884387 202668 7158464
-3046244126842501968 -1593622 -600722 7128656
-3046243950376900554 -765556 1006171 7248992
-3046243926102307911 -595778 1532312 7045760
-3046243906113055399 -883503 -3512766 7194720
-3046243903271150602 -143093 2539733 7077040
-3046243840290525588 -462409 -3283913 7186896
-3046243828435601139 1070221 306995 7530480
-3046243821552906563 -3036298 -2297115 7218144
-3046243812196304564 2758003 1057623 7782672
-3046243790900913462 -842140 -1697169 7661536
-3046243785987514877 2246745 -90831 7196256
-3046243767604141618 2647524 -1493244 7065344
-3046243762935078795 -2216096 -2371105 7804000
-3046243734043320046 -1178665 -2457337 7180368
-3046243676911687433 735549 1241532 7134112
-3046243673011109388 -1928631 -3103931 7056208
-3046243613855838830 -808343 -757998 7026320
-3046243565461701755 2347848 -2555012 7047376
-3046243503842695472 1235923 -923631 7480176
-3046243423295988164 -3182408 -777041 7943312
-3046243353664866526 -1429165 -2136172 7671312
-3046243315838234661 -1860445 1711068 7032320
-3046243306196806337 74702 2137623 7031936
-3046243293062335249 -2260097 1077666 7035120
-3046243246763491563 -130428 1410092 7211280
-3046243226950817400 -2621688 -2023873 7333712
-3046243157537390139 -3030499 -2031372 7085728
-3046243152630459920 648761 -2186390 7275104
-3046243121797446420 -1780214 -2621600 7796048
-3046243091178442531 280753 -2765533 7037712
7274388704560898776 390454 -1645791 7201024
7274388712551591103 -741361 2178237 7052736
7274388721622054991 -1738256 -2260890 8151280
7274388742734705714 2513862 -931602 7204736
7274388785444156319 -2536812 -1363494 7120576
7274388840976511841 -2509640 1441742 7028464
7274388918999683662 1972920 857051 7234384
7274388932794278779 452331 -103380 7294624
7274388971495637247 75126 -118815 7169840
7274388978300812654 -1814316 269261 7121216
7274389007109606885 1395531 896907 7156880
7274389101033911208 2771568 464208 7067712
7274389134364348361 1924912 -3210658 7032112
7274389147216712333 -2811132 -1851762 7465040
7274389217788697659 1072718 -2960716 7262528
7274389255893585881 2131540 -612997 7011504
7274389364232369608 2577437 -1953799 7302592
7274389558495647241 1081323 -2459469 7052880
7274389570550773880 -622398 603013 7114736
7274389571770764494 609368 259347 7158048
7274389573371721137 2145302 406414 7162528
7274389624295902472 2060084 -1490073 7002768
7274389667912169868 1850280 553499 7172704
7274389673057494988 -29819 -2262534 7475440
7274389682993272394 -3202321 1007901 7177936
7274389704595049391 979657 1378705 7472128
7274389705170598661 -1110109 -1065210 7017264
7274389732080920971 -1105923 882375 7176944
7274389757374580020 -2771819 358239 7238320
7274389798872733506 -595281 2116983 7059648
7274389903688484831 2439144 1222632 7246208
7274389914158416919 2186579 -80943 7065376
7274389925905615095 2975312 -763448 7003472
3164372655397599832 -2436726 -1201890 7046544
3164372679013304616 -1336393 -2895846 7061040
3164372735693175989 176575 1336630 7375440
3164372745615471311 -3317999 -3116754 7392320
3164372771849705883 -1399844 2170580 7008592
3164372790537844946 -827295 1448534 7255488
3164372796625199779 -2836821 -1191396 7352192
3164372804659164952 800313 458962 7797344
3164372852510147866 331411 -1216898 7192368
3164372887469464639 -1292519 -2151898 7406336
3164372908224705271 -502112 -1565626 7260912
3164372997955115110 2813904 1208544 7391632
3164373022043360528 -1183974 52201 7182880
3164373036090651254 -1529205 122523 7474176
3164373040853792248 2480386 -1959458 7521520
5627076188655100685 1206998 -3427715 7487360
5627076220181575635 -631792 843304 7146224
5627076221284036830 123679 142691 7311600
5627076265312084273 2636165 -2645794 7193696
5627076274266401167 -3056002 -1703928 7040544
5627076353570608659 365455 -2224295 7004112
5627076441631875087 1208458 -2064640 7109424
5627076528045103653 787902 -2279631 7017504
5627076541299913351 -571967 2140507 7047712
5627076613119220249 -166323 -2012338 7036544
-1860514233406190978 329375 1682680 7050352
-1860514229356314656 -1644653 -630997 7028256
-1860514173211018485 354247 -1198576 7472320
-1860514158152569675 617836 1851048 7698032
-1860514154472130094 -482191 -1972239 7341632
-1860514035455894903 699380 -2312783 7133024
-1860513927579258513 -3256675 -3411457 7072592
-1860513890290313069 -2153945 680547 7407632
-1860513886927012399 -1040041 -3224353 7047408
-1860513886844481254 -554738 2241214 7041920
-1860513843978442948 -1194013 1629086 7382064
-1860513799426188947 -1663449 -1075388 7213712
-1860513779274903094 935755 -2846439 7317136
-1860513738451421272 1467930 759225 7242848
-1860513686456187141 -2252114 1044446 7487904
-1860513673056612094 -46257 445469 7012640
-1860513651173075021 1130158 738620 7131744
-1860513623198724344 -447451 -1938025 7706592
-1860513610264283320 -3314788 988761 7001296
-1860513552505557165 -3072423 -1593836 7085360
-1860513488223713605 306810 1848126 7096832
-1860513369996073314 -2799136 1692543 7406976
-1860513368664412141 1470552 -133483 7066528
-1860513353708320174 515904 -745948 7331872
-1860513320104193387 1944176 -890704 7949952
-1860513279249509693 -2079316 -2971012 7019312
-1860513236711907339 -983636 -3101226 7941456
-1860513200136480195 1531837 732769 7074816
2684331026873516479 934551 -12007 7569232
2684331027588782308 -1527864 1255304 7352768
2684331073018438360 -521328 -2900016 8279824
2684331084933307722 -858636 459621 7011344
2684331130768351419 -2521200 2468651 7680912
2684331150178087261 -1719211 374752 7092144
2684331182794833737 1597833 1522234 7110320
2684331213294211986 -738890 -327789 7165552
2684331226010491300 -1949362 -1364353 7035408
2684331257814206070 935335 -1687602 7012880
2684331348313052229 1638854 -340936 7069040
2684331405803204985 1364008 1696085 7425808
2684331413854069954 -3129113 -1872580 7424992
2684331449537829580 147440 2202143 7166672
2684331492874875577 -1685907 2103739 7028992
2684331577976627294 -986549 1228065 7098992
2684331601465304331 -157450 -2485998 7202048
2684331666302374055 -213746 -3298903 7427872
2684331703558375812 -1904122 -3293138 7517360
2684331742837074256 -2138468 2199907 7213408
2684331871111313045 -3471977 -1244941 7349088
2684331904190049779 -3175069 -2955530 8220112
2684331924055445591 906637 -554038 7333168
2684331946464005020 1476820 -930661 7041280
2684331967161518662 1406047 1431307 7349328
2684331989616251507 -3259152 1287808 7004544
-4607208129822173212 -1409235 1503790 7125936
-4607208105486245784 -1673954 -2819459 7165408
-4607208078560140200 -400262 2428266 7014928
-4607208009391115963 -1882614 364827 7632672
-4607208005784707247 -3329587 700291 7687504
-4607207850476506404 2623704 -3242528 7011808
-4607207824449401657 661725 2391681 7249760
-4607207799410493444 2216090 399451 7480944
-4607207659180116217 -1875941 -478552 7138640
-4607207626106331996 -3338424 -2520971 7421504
-4607207621637164194 -826587 469829 7004656
-4607207620994671619 1559937 797652 7427328
-4607207597410529470 -194024 -3282685 8398416
-4607207546674988583 -2733293 1467487 7201040
-4607207523558084713 -3206414 -2739261 7638048
-4607207471056827003 -2257226 -1419328 7552368
-4607207384574223734 1067674 -2517243 7086016
-4607207332422398356 2616028 -2507608 7344672
-4607207291291591678 2207152 960447 8552688
-4607207282692613782 280889 -3081888 7113312
-4607207263016256399 840990 -1412489 7031792
-4607207179334707117 -2884007 -507828 7320400
-4607207168904078623 -2295872 -888800 7287424
-4607207127777100772 -3218869 1816205 7121280
-4607207104645868967 2924181 -1862840 7194128
8875761625980975588 1612304 -2776422 7056048
8875761634624515122 -571672 -1491827 7349472
8875761644072488254 -3237635 1619917 7229840
8875761685734287033 -1303551 -845675 7237200
8875761727883723410 -3373106 -197617 7314736
8875761818894130179 -1964095 -830409 7645824
8875761860158181285 -2079919 225089 7317712
8875761878427412515 2467888 -770669 7392864
8875761903169452165 103465 278897 7301680
8875761927489529870 926685 -3166136 7271552
8875761958533729993 2409115 -613200 7345088
8875761971607790673 2053043 966058 7488144
8875761976288065521 2614793 -538058 7160320
8875761976805929451 -543541 -1160573 7143808
8875762051578352208 3053442 17308 7213440
8875762057648652372 -2783719 -1306988 7372624
8875762059836985469 2268775 -685762 7124320
8875762186320455267 441019 -1931029 7115552
8875762282931189862 2265200 1187094 7013568
8875762296567618306 465973 -943771 7295616
8875762480255149344 2928812 -1078722 7479024
8875762520144607904 -2146631 -2533871 7579664
8875762560279538646 2755620 520655 7035888
8875762569672414081 -179578 -2648724 7090400
8875762598062570752 -1666634 -536843 7877792
8875762609030857940 1176475 -705120 7901088
1495657166866917336 -1074457 1724292 7292768
1495657274458867651 -507210 -1361467 7384288
1495657339244083847 1250395 -1433278 7003248
1495657405739129373 -3074635 432677 7303008
1495657431014257351 -1042093 1494901 7128592
1495657546688513487 -741303 -145334 7601888
1495657592498446293 1587033 1136969 7435360
1495657621862347322 -1585349 1788753 7300496
1495657644565597343 1358760 -1880616 7159648
1495657667404141665 73966 655792 7018912
1495657718257945778 925105 -1274388 7264224
1495657793944277859 -1443843 -1358983 7077056
1495657815417823120 36851 983327 7610368
1495657820499179539 1620563 -1169817 7291680
1495657863257324605 1356014 538175 7687424
1495657894807064790 1761843 -998591 7640624
1495657918717914617 794407 333157 7533216
1495658009554281619 1238467 -2425215 7163376
1495658025166229152 -1489038 2409500 7027936
1495658078529407380 1305279 -766816 8310688
1495658110794390656 260621 1942411 7214992
1495658174796865274 1986346 -957643 7037232
1495658184091114831 1794772 607061 7711680
1848627738787546792 -2341094 1140346 7178080
1848627857716364313 -2339292 -2816483 7050192
1848627894484401332 2307212 -3057674 7352400
1848627904112318939 -2214601 123238 7552400
1848627963078840925 -1191019 1096254 7038000
1848627989271400565 441002 1925474 7225280
1848628007264082489 -1277140 -329797 7600272
1848628096021689671 553253 -3361379 7461520
1848628102526765222 2584600 -822189 7377824
1848628105669193723 759888 -2754697 7182336
1848628112640855551 -1556110 -3546822 7463328
1848628269250946447 1836549 151801 7112976
1848628299886910376 -343877 1764651 7161232
1848628308213417493 -128046 -213525 8197728
1848628347959386282 200944 -246132 7002448
1848628422091229300 2405980 705866 7920320
1848628427032196881 1085142 49609 7405664
1848628429239707646 1784322 1600723 7246320
1848628492075262150 -2389426 601319 7339392
1848628582081286862 -184193 -2085451 7090576
1848628591786634335 2705936 1762460 7081744
1848628604766601608 -2204841 -1889099 7103232
1848628618708551375 2327221 1823194 7425920
1848628657399451516 1432516 -743952 7045856
1848628662732299471 -1672130 -2894740 7917600
1848628729800126089 -2509226 -784004 7192528
3197782561139798791 231396 -1554448 7067808
3197782595753651651 2040518 -273149 7269584
3197782624040293411 -2352589 1575065 7046304
3197782773056742224 637688 953339 7741408
3197782824683112559 -605497 -1269310 8047632
3197782916069616727 -33893 -1822401 7425184
3197782986755440435 -3244162 -815259 7236592
3197783070584414106 1631536 -571978 7033760
3197783106424561773 -1717395 1613901 7258672
3197783118432094542 -12849 -425802 7503056
3197783125458282488 -1143430 -2447442 7030240
3197783213724378510 97842 1754259 7003488
3197783293628376904 2908830 -3136097 7160144
7833814668740142899 -806959 -2455139 7075888
7833814727782763155 1491075 -2576936 7038176
7833814729461377905 -3177760 -1190917 7336080
7833814741868996518 -1187424 -2317036 7063984
7833814753197519803 14710 258728 7027904
7833814773241003824 -3410867 16220 7118880
7833814791880679300 -1996498 -2080677 7326112
7833814792216561618 72630 -1229210 7043920
7833814797925804542 -64972 76754 8029584
7833814955277828782 -2735776 824855 7214224
7833814976958516347 -2767675 -981404 7038192
7833814982442801029 1665215 -2152067 7293280
7833815034238478111 -505006 -765806 7356752
7833815120345691951 1465239 -115900 7076640
7833815144541374979 60547 2013721 7004640
7833815221038174934 -1615771 -1646044 7229088
7833815339463335440 525906 -2570085 7820688
7833815351287081091 142532 -1698935 7125856
7833815376997671695 -897885 -2293013 7048608
7833815451783192414 -1851218 146117 7209536
7833815488139595839 -350665 -1963932 7189760
7833815505493589681 2999203 1393796 7724064
7833815596308898241 -2926681 -1352644 7270288
7833815599290918076 2301038 738390 7427312
7833815630131320913 -644435 -1586513 7130928
7833815797911892072 -2203526 2015332 7470032
7833815802460772188 2039292 277250 7189824
7833815907385013336 -1706674 -418803 7018352
7833815993220748118 -853767 -1056033 7226032
7833815993765203586 2477164 666586 7544960
7833816079949112990 2396366 1545869 7310400
7833816182756038747 -1541116 -2665733 7312048
-7354004234911421464 -2622175 -552704 7227904
-7354004151813915932 367149 -1590629 7018464
-7354004018847140415 -868582 1827878 7000352
-7354003965682824910 -1965789 -831193 7169136
-7354003964325683513 -2355788 -255320 7240816
-7354003933119825840 -2805292 -3074757 7018848
-7354003902450853306 2175858 -1875011 7042496
-7354003902156838837 -3515133 1141668 7635552
-7354003833142553505 107763 894761 7370768
-7354003817131889326 -804556 -3065478 7432528
-7354003785101699270 -1271981 -962036 7065664
-7354003774852478575 152980 -739959 7152784
-7354003774450384681 1290863 -1758558 7089104
-7354003732217838894 -235703 -3396357 7012640
-7354003655165992766 -2065775 439056 7030768
-7354003644860946226 -2781886 924226 7750816
-7354003637876730052 -3222204 -1668850 7074416
-7354003633428462184 -2408514 -846061 7403936
-7354003592594951975 -1671793 729884 7298080
-7354003406032716626 1537623 969058 7921296
-7354003347041313107 -1269564 -2301921 7263792
-7354003319670693334 -172294 733629 7387840
-7354003319281021557 -1608968 -2741630 7224736
-7354003250445431885 -3176609 1544140 7121888
-7354003193196447492 -940396 165383 7400528
-7354003003803764251 -2940089 -2601732 7102560
-7354002953542446612 74417 2014221 7184080
-7354002885301643751 -3127377 -1854034 7575984
-7354002883819730136 562974 1235891 7404352
-7354002823546028856 -2357151 1221666 7501168
-7354002813758343284 -3248064 -1121626 7098256
-7354002773592434153 995653 1043257 7031568
-7354002742522998162 966457 4972 7462144
-7354002723669078059 2404029 -966144 7150464
-5195279632772422408 641328 2047408 7157792
-5195279617572255625 2864289 -1680962 7324816
-5195279613388115990 -87430 -233135 7584432
-5195279580976887943 -1902802 2011388 7561040
-5195279552021109389 18734 -775053 7029744
-5195279552001018788 -1616954 -381796 7466368
-5195279462506453243 2579011 -443947 7024416
-5195279458041541644 -1476853 -2213421 7036896
-5195279397084559113 -2117847 508515 7377488
-5195279283437488838 -946859 -1613925 7584400
-5195279233253893534 461641 -166037 7720160
-5195279190407791163 73240 1498519 7030144
-5195279123123876239 -326723 -1527935 8383104
-5195279116860117874 2360052 -718279 7278384
-5195279041864770043 1796172 -3011064 7014208
-5195279003719842381 -680286 -348688 7293184
-5195278990399557707 662720 -1988864 7452960
-5195278948697419378 -1677577 1112638 7516384
-5195278882348374588 -2261650 799395 7184048
-5195278879843617614 -1596967 -754715 7384640
-5195278783774663280 -1009843 -2559340 7018304
-5195278746097423756 -3078018 105085 7027680
-5195278713267354170 2931647 1335611 7327680
-5195278641620560771 -322073 59291 7214096
-5195278600765094761 -1122383 843179 7159552
-5195278502112082962 2910686 -2188834 7264320
-5195278470588331731 733469 1569977 7375536
-5195278460159791105 -2379228 -2387920 7931168
-5195278459809510221 -152770 2235901 7603456
-5195278456893632363 3067296 -2309419 7418128
-5195278433628295691 -83786 -1757513 7443184
-5195278387430748796 -3048233 359709 7014128
-5195278311674633271 2020816 -1790498 7204976
-5195278310927146199 117254 -3177150 7570528
-5195278292755079597 899520 -2330438 7160112
-5195278158584778691 -3214173 611768 7727264
-5195278125096878786 -928189 555873 7171024
-5195278115398934542 -3038397 -589857 7105152
-5195278105213898977 302414 -2330364 7113344
-5195278086556108451 -1353059 1838146 7589248
7099551836056780543 -1595805 -2533769 7788864
7099551883211374905 -3155915 150538 7258528
7099551916038665297 75588 -699925 7397280
7099551944663154629 -3027995 1401069 7155088
7099552013105330794 -1206672 -2080548 7380416
7099552019530352293 -781478 -2491074 7029584
7099552201397600750 -2920969 -2481381 7487920
7099552295950951082 -972661 1580650 7031280
7099552307332818729 1400427 1546369 7248480
7099552309396100703 1488398 1050199 7135856
7099552312549729666 -1253290 -2371734 7037552
7099552346954663757 2157382 -365202 7509888
7099552408060531649 1204512 -154416 7455504
7099552555523721388 2868868 -3009122 7729248
7099552605628128517 -2119205 -2694538 7074928
7099552640854787635 -1839263 1821690 7092256
7099552677215328146 -395739 8107 7650320
7099552702541784957 -784823 -2750948 7103696
7099552764530590313 152543 -1761063 7141312
7099552804547626257 209875 -1556156 7482000
7099552823257145316 -1686120 -493179 7373168
7099552897549267678 -644580 -1285342 7330512
7099552930006138382 -215833 709218 7610064
7099553005451791185 2082572 -849993 7143264
7099553049574803162 2784887 -1254806 7439984
7099553063718918123 -2363662 -1117458 7112864
7099553067271837911 -3243785 -1096322 7047280
7099553117575991245 -900308 -480644 7223312
7099553154713641984 -1197696 278695 7011024
7099553185099425298 -1113196 -3518271 7766880
7099553274064962763 -930308 1727426 7616320
7099553372591040741 -1174303 -3387459 7155680
7099553400941016427 1658567 -1738244 7067376
3024809296374838383 -728265 1481749 7429072
3024809336536254848 -318006 1821323 7349200
3024809378418710861 1166571 734213 7277584
3024809400017863531 -3022483 -1940303 7009920
3024809464745638206 -1613448 -741330 7353040
3024809474826847432 -3277417 -3432101 7196432
3024809542952733187 2270568 -1763 7191360
3024809559453542535 2074268 1378438 7079696
3024809585402438155 -930636 1349475 7126480
3024809642559922811 1927935 933702 7138000
3024809646829487564 -2030664 -2404870 7094016
3024809660054730962 -2625298 -712914 7702688
3024809850107438808 -2467559 -2926217 7126096
3024809858313586911 -2054524 117567 7060960
3024810015378041862 2213580 -1671936 7314288
3024810070277493047 -1638056 2087737 7011552
3024810081185131661 434633 -1558066 7200336
3024810130559503568 917462 1549757 7378640
3024810273122406629 -2287722 -1381596 7206256
3024810301745666732 2232919 -3538126 7058336
3024810371897868974 -1786622 -303032 7093776
3024810433054194230 -1491976 2253929 7413200
3024810499778613732 -2413663 2168792 7022272
3024810567205440171 -1052697 -3272574 7254560
3024810572125526724 -57638 -2289803 7009600
3024810581538985031 -1771074 49525 7017216
3024810607596250160 1533282 965031 7398080
3024810651827700489 -565831 1289679 7090400
3024810778556676494 -2908486 -1710498 7039952
3024810792637110704 -1454599 -402271 7246928
3024810805575567820 241173 -398268 7498832
6800030420928881713 -65946 -1708994 7217152
6800030475932094236 1750509 1772342 7727760
6800030644527433714 -2071233 -264139 7492144
6800030685039137772 336393 -568152 7036960
6800030726678454850 702278 -2200601 7193808
6800030746378361933 812376 -214990 7129184
6800030812830050138 1617957 -362942 7173008
6800030861581535293 -1337762 246989 7114464
6800030878249914667 -1148094 1627078 7036416
6800030878337869572 139623 -2519758 7157808
6800030938702279658 -1475614 -924117 7440384
6800030951705137555 2941736 -3213264 7106576
6800030965096234886 -1540661 2136091 7008944
6800030972953716224 -94113 -1389016 7035744
6800031038422878027 3000268 -369258 7093840
6800031043093370753 2156258 -778907 7397520
6800031064029247262 -2312595 -845757 7522048
6800031103635629740 1752332 -749312 7509184
6800031105273944961 -1328733 -1905328 7037824
6800031157494564816 1954101 1137584 7057552
6800031192462309691 -1603352 -1070008 7143232
6800031210491069418 -836949 -3071421 7045248
6800031224127800128 1698937 -596734 7317952
6800031225092072651 739817 -3323143 7051168
6800031246901464694 -1922583 2230803 7117744
6800031291108593705 647694 -2436175 7010272
6800031330918812949 -2908342 -306306 7728752
6800031351514358967 -2349436 -2166242 7396624
6800031381051535269 -1264988 -1520718 7018784
6800031381838676229 1998801 -1296551 7187664
6800031397065188191 668437 -1726116 7097632
6800031444969242316 1286494 466560 7008176
6800031465350575791 -410470 -1319809 7544448
6800031477495438281 2591558 -1413039 7016800
6800031554730917704 119461 -1205796 7617664
6800031595711611074 -1867332 1105037 7037792
6800031605804913170 -1146167 -1821926 7212816
4319485237883810247 -2912895 -1540275 7618448
4319485345669447154 1580799 -1964742 7084832
4319485404078529900 1940601 1851133 7343424
4319485408086873129 -2273181 1185139 7082256
4319485463924028106 -2579979 -2563004 7114704
4319485524683113514 701334 -693066 7069872
4319485634532644709 717871 931183 7255216
4319485671040468254 246132 -3071900 7212064
4319485758221807323 1429750 1838877 7298272
4319485777848001063 -1069580 284464 7046736
4319485796040075468 -1817280 2053413 8097376
4319485821881784389 -1617622 15164 7049200
4319485835503346123 -470439 414967 7232512
4319485869450854655 -340424 3613 7013392
4319485975694969188 -1764868 291774 8252352
4319485982499146051 101820 -2042694 7883808
4319486041830116669 642704 457980 7138368
4319486094059611132 -790861 1508024 7025536
4319486108796804708 -1894291 1241366 7103792
4319486133929307455 -732406 -1726798 7188000
4319486151246742206 257841 -815670 7307616
4319486151850060347 -1781731 -326359 7002432
4319486175407692112 -2501172 1350430 7001008
4319486321074582494 -2231260 199168 7027312
4319486331731995414 617689 2104373 7308832
4319486383662815038 2996122 -218647 7083168
4319486416030147586 2719879 -2508173 7088640
4319486449289957106 -1880807 211935 7076288
4319486486464548115 -1994615 1013619 7421936
4319486559919628243 -1167546 155311 7428656
4319486589590620797 -2716230 -1492819 7219856
4319486610559540101 742867 -2804957 7102608
4319486714714824787 -2069860 -3162778 7223040
4319486748800640204 -195064 1460283 7507312
4319486765498925564 -2434974 -1382891 7114560
4319486807373660279 1671277 -549544 7049168
4319486846576270266 1282269 -3427485 7053728
3855996113927346449 2800705 1315134 8842976
3855996330325427257 160326 -3036441 7370944
3855996335597886238 1184206 1649605 8113120
3855996590249274390 -725712 -1108117 7249024
3855996717541572015 2036913 -1884188 7669712
3855996800970423639 -777003 -925089 7113904
3855996854558342358 -1815140 -476349 7094464
3855996953557516558 -1219368 -2479414 7031584
3855996969209302538 -3174606 -1417427 7029728
3855996984478993435 -590700 -3163353 7210128
3855997020627369594 -3231491 1132839 7045072
3855997063763605103 2272313 1743984 7216112
3855997063877622264 -1802584 447780 7592144
3855997137455418502 1218893 -1876339 7082896
3855997150484587803 -2657422 2439733 7378640
3855997228807182896 -1115073 -1000219 7049904
3855997249788473919 2248623 1600999 7386400
3855997329020713214 2269198 -194969 7321744
3855997376102080428 178288 -1849420 7520224
3855997396944250558 -2985715 2213965 7432320
3855997483874044233 -3219274 -2394753 7038384
3855997518872323674 -352134 -3141493 7132784
3855997521846824212 -1634738 2339378 7283712
3855997580000554768 -1476148 -445068 7478688
3855997647582670221 -570788 1180840 7122336
3855997701575794124 2616430 -3039040 7136112
3855997724868892920 105031 -3491883 7279072
2146735538085015329 2948215 -600681 7056832
2146735657865866415 -209771 1969071 7352224
2146735790750487574 -3156811 -3129905 7759728
2146735801023701295 -665182 -1972592 7077872
2146735812929382083 1997436 -2122 7203792
2146735833766221158 2395366 -1768610 7158816
2146735895780178080 -2235383 -2463776 7012928
2146735907430812889 1001448 -1291633 8177456
2146735944322373837 -43551 1004070 7276944
2146735945186358766 -1236797 -1701235 7030192
2146735955499433502 -2033571 -614070 7050528
2146735997054304383 -1578822 -2731080 7247120
2146736028961465310 -1278477 -739475 7206992
2146736192715378587 436454 -1417909 7129440
2146736197596203655 -3229004 1232196 7091168
2146736206764680001 -1212789 -2202146 7036000
2146736221345102239 512028 97481 7290272
2146736312785230240 -2891901 2158176 7151136
2146736346345779751 55208 -2498009 7127696
2146736373235417920 1472051 -3265040 7173680
2146736421490597473 -870652 816599 7020688
2146736476204591228 1411941 -1387696 7053360
2146736542813202042 -1331774 -244893 7230768
2146736550108235468 -947871 834626 7242224
2146736558278121592 -1885096 -2188635 7456576
2146736579068713247 -185951 1917844 7012608
2146736588954914216 -143427 -2504786 7020064
8181740945889167200 213537 -3493982 7099536
8181740964087596581 2543858 -1175272 7645024
8181740968032030516 -2550662 479494 7055328
8181740986246474129 -705571 -3066479 7105072
8181741014900688386 -1670669 1226912 7200432
8181741052995213287 -1101505 2016906 7354096
8181741151751735672 -1882458 590184 7155680
8181741167192489150 466723 -3182812 7344720
8181741210971981935 139036 466528 7008640
8181741217692024139 -757244 -971962 7071808
8181741305374505702 -983742 -1434550 7171632
8181741315807798665 1391717 -2261555 7208304
8181741425179260120 2687052 -779511 7305248
652375834668566508 2168605 -2665956 7453600
652375859287308445 -2551384 107995 7154400
652375892268025818 1632822 -259899 7055040
652375918591020186 -3330259 -1237882 7048288
652375982646453645 -76827 -2959947 7332224
652376009916498345 -1113640 -2417102 7426432
652376011622054478 -2379094 1801037 7245760
652376027149896529 1697354 -2677051 7165536
652376065927979068 -144171 1514943 7104048
652376131515434043 -2008168 1937541 7100416
652376182625411028 2050460 825942 7002064
652376227705812287 -2990097 1725509 7176320
-7668607351875889538 -19536 -737106 7092208
-7668607317731319220 -1404695 1658476 7290224
-7668607316253465537 1332872 -3030810 7036400
-7668607198746677769 -1782890 85568 7154128
-7668607179149485573 -1526113 -63567 7071184
-7668607100518271942 1728572 -2602912 7186816
-7668607096517393340 -577349 -544508 7124112
-7668607096045658044 2806229 -1900037 7350832
-7668607090529681028 -299220 1142274 7214128
-7668607088912690742 -75332 -3561854 7141088
-7668607075896128746 535349 208668 7047152
-7668607053488924686 1315451 -609992 7154176
-7668606962677586529 -2743676 -294945 7331168
-5811118725320028036 -1309023 1758775 7051920
-5811118615041843056 -3002972 -1708968 7246256
-5811118560786212792 -1793413 -3137115 7406960
-5811118548541845515 1669020 1271738 7019408
-5811118490052216470 -218263 700315 7289056
-5811118482995641952 -1699768 -823925 7766656
-5811118454612866809 -1075580 1459624 7559872
-5811118438220223812 -2131221 -1428306 7015920
-5811118424417198422 1248744 -1103889 7230448
-5811118416332427377 -2378429 -2008476 7330448
-5811118415218628946 -1785179 1693867 7096592
-5811118412622789465 -3358565 -1530492 7024384
-5811118350363113576 -2625285 -2501147 7068576
-5811118323534828873 2547130 647422 8107312
-5811118298413138224 -3422533 -834678 7100560
6078706991050835047 -366859 1597288 7148304
6078707003465101037 -296811 -3323730 7181984
6078707010625414847 -2924015 -2833773 8066784
6078707190720119711 -2777138 -855261 7491744
6078707301949954716 -479627 -560767 7392704
6078707332397630966 -1828037 1396533 7012848
6078707344810834149 614906 277238 7984800
6858138386422991143 -2194441 -2496476 7050432
6858138452652230213 -3443712 -2002716 7178960
6858138457210691293 -2246610 -1214589 7173728
6858138491402214385 -2298414 33354 7079040
6858138509705180841 148984 -2348626 7397888
6858138583727615685 2177406 -1321368 7021936
6858138598718072535 196619 -1457762 7007872
6858138663231417686 2098419 -383957 7022064
4346360530447711241 510098 1836488 7213040
4346360533587081379 -159651 -1618595 7081552
4346360544905369621 -2833240 283807 7645584
4346360545379297264 -2770172 2057115 7160480
4346360609423315853 951335 1688521 7222880
4346360647951205171 -1062875 -2827188 7381312
4346360648164456358 -665288 366914 7303376
4346360661723644301 127463 -2115725 7412336
4346360687902712208 -1742490 1877752 7011904
4346360707832492170 -2904014 1991490 7023152
4346360716842787458 -1508743 -3550586 7344032
4346360760366721919 -2081702 -1362454 7059264
4346360878384504422 -2609805 1290185 7100752
4346360965288331218 2056757 -254201 7140544
4440465687984061985 -101434 2128942 7108608
4440465692049734337 -1312199 1170607 7609360
4440465705479289846 -1769492 -2667462 7202608
4440465794009860396 -109120 -2204849 7522240
4440465822906803273 456173 2047020 7261312
4440465843921342829 404455 1348629 7313936
4440465954253455614 -994306 636598 7052768
4440465958101185158 -2951220 2050207 7080032
4440466005041211080 -2102978 1457878 7226944
4440466047996803713 1337982 -3216210 7466832
6104319953237033538 1792579 1498517 7084736
6104320012396288733 -239038 -167190 7180704
6104320054324777523 1223579 -273949 7053456
6104320063721699841 1156795 1370094 7108256
6104320067972938458 178660 -2917500 7690848
6104320190182384490 -838448 -1863724 7034064
6104320290962611692 -2902854 -1229831 7012832
6104320358917446250 -1242816 2000234 7665920
-5793410904893107674 2422190 740531 7052832
-5793410892808335073 2796127 -531049 7091776
-5793410827335532598 427582 -1331427 7684464
-5793410807240312872 773835 -2073100 7432992
-5793410764582007556 -426391 -1385714 7225024
-5793410749075095777 -3321292 -2205530 7101232
-5793410745161021509 -2406452 369069 7053968
-5793410591651408445 690419 2121553 7225600
-5793410591082083245 157883 963437 7009584
-5793410584869478827 149967 1348114 7079232
-5793410567544176293 -2330008 -2661210 7333072
-5793410499777536222 -705374 -3173616 7030608
-5793410491573076308 -185325 -3112236 7078352
-5793410404350691308 -1005934 -104353 7072400
-5793410322932045365 -2232803 -3225955 7219760
-5793410306638704797 2139605 1621456 7089712
-5793410282967679637 -1833414 -486917 7385504
-5793410265845511024 -3046491 -740415 7266448
-5793410265637751652 -965189 -418528 7121184
-5793410224315941449 -512178 -351959 7094608
-5793410223515331975 -3349837 -1913460 7446464
-5793410221260129967 -702486 -1418733 7029552
-5793410181458569509 -917922 1994249 7403696
-5793410140179525206 -2817319 1995989 7262912
-5793410140250478947 -1704449 617835 7118544
6200651480627024635 1444571 -1272594 7204656
6200651700164836695 1134536 1093194 7847936
6200651734650008809 -2390499 2118405 7121984
6200651827129407536 2036908 -2080474 7539808
6200651877497585723 -3214984 -3459198 7057152
6200651937095047845 1597535 -2367134 7565904
6200652004098196424 1414061 834096 7773968
6200652018561477722 1850338 -944891 7142592
6200652021557186689 1285917 -1920424 7074880
6200652074430362211 2113151 1656105 7140992
6200652090500125977 -2753390 -1738689 7231616
6200652108337152522 1330357 1540696 7922336
6167892830837477890 -2649665 685174 7111680
6167892845382058177 -2598934 1381205 7590528
6167892864695195947 -948995 -2664857 7274768
6167892878621119184 9881 -1279695 7062960
6167892950077444217 -1724498 -1237177 7069216
6167892961640681843 -1659577 2369848 7100384
6167893033937881492 2480634 -3500494 7110976
6167893143586384277 -495343 -3463015 7058016
6167893196780615660 544762 -2124653 7130832
6167893214361080286 -896936 1253770 7265104
6167893234200216207 -1331733 -3170825 7030592
6167893377985184193 -2927649 -192953 7244272
6167893428502727479 -2749141 -735888 7317136
6167893465700241746 -1322828 -759974 7156960
6167893513963050083 -2588073 -2432600 7397344
6167893518713531064 -536617 1821146 7513312
6167893538366743130 2634454 -1138390 7207728
6167893558176048778 -534342 1958485 7090096
6167893583809743395 3099850 283528 7125216
483692582949192387 -1630431 -473695 7300576
483692586635498758 -740188 -1663363 7483088
483692594230694448 1142600 -3369607 7151744
483692628099751774 1514835 -959405 7721088
483692768607241044 66945 2184083 7129456
483693033606847949 23614 -694536 7290112
483693051352322909 1668780 -2771556 7191680
483693144924697700 -2752434 -1968466 7234704
483693201353322479 -3020352 -106019 7321824
483693236291084857 1090616 -316296 7198560
483693339483200510 -2873082 824037 7006000
3757765273538707092 -2163410 1165616 7178256
3757765277530293694 -2930003 -1934125 7003808
3757765345826908613 -289226 1515901 7063104
3757765384061506930 681308 -3141770 7169824
3757765384122731194 -2325090 1848849 7070816
3757765470971036713 1249671 -3438912 7272944
3757765517252752386 -2801136 952142 7215888
3757765580507111990 475332 -1927305 7278128
3757765596045239652 1056570 1417563 7569920
3757765602019179648 -421691 349720 7266528
3757765684735193161 516562 -20859 7259136
3757765714285156983 89413 -1422437 7324768
3757765781022681697 -2649183 -45889 7289440
3757765811659534335 1540127 1617266 7243168
3757765859794381745 147044 1332778 7082592
3757765866138654311 895143 -2355050 7296736
3757765908926060227 -1992200 -505098 7216928
3757765945375442375 1280868 -2087793 7378032
3757765977485932772 1829675 -3190737 7050672
3757765993447099160 2082722 1547954 7011552
-3017885063367954901 -598576 -926454 7079904
-3017885038948496989 -2858161 22896 7194720
-3017885008792969116 -504345 873392 7075328
-3017884956043997625 -671953 -831675 7344000
-3017884907100453279 -1603173 1964659 7107664
-3017884774309051549 -2991539 -2972400 7381456
-3017884769005967304 -1596781 905220 7243920
-3017884766738666167 2595307 935511 7255216
-3017884719084568730 -918081 -2424666 7206496
-3017884672489367060 167797 1383708 7193008
-3017884660056076261 631925 -1877335 7575920
-3017884494005884590 -3116732 -342151 7984592
-3017884427816579987 2572395 39684 7336128
-3017884426376084989 1348873 -2936526 7171056
-3017884384615688781 2695470 1387635 7385040
-3017884362902320904 290679 -2451662 7536992
-3017884335327251523 2301609 -2987148 7866016
-3017884243668820361 -3006224 1116524 7129952
727172942584714471 -616639 -2983202 7144992
727172985877897031 -704043 -3159612 7478784
727173167711905913 -110910 161988 7213520
727173212710746530 800418 -533542 7140528
727173223445286643 -3387885 -1234318 7508304
727173360202413440 2147156 -1574039 7238944
727173361979868676 -3305730 -491594 7385888
727173378589997907 2339507 1466328 7108240
727173407998456883 591216 114515 7074048
727173417053610024 2278938 1477344 7256864
727173429010010311 2497206 -2475628 7387424
727173455370188900 -2687248 2095483 7048576
727173468303133932 815575 -2808270 7182144
727173526022780906 -3159380 -1367284 7692496
727173537129478322 -2504460 961308 7155072
727173562816499077 1349180 -363316 7026496
727173603395606559 418309 2169004 7108288
727173603927207636 -1641172 1851847 7235648
727173679706251168 -849924 -2828377 7157104
-1211115334153653880 -3004309 1085746 7186096
-1211115333725570001 907952 1408877 7359872
-1211115320219495644 1275914 -1559772 7657744
-1211115086630862618 2304887 -832180 7354336
-1211115078849951178 -2817213 -428135 7183920
-1211115066045494635 1443338 -2349930 7143984
-1211115025696123670 1824832 -2994785 7092560
-1211114923981703249 -3144772 1191476 7569408
-1211114736151340826 -1233152 2136647 7081840
-1211114718578508639 561907 -18795 7158368
-1211114705549152385 2899502 -2115546 7224784
-4862026679528966701 -3061468 -1843502 7395440
-4862026660797942876 -479730 -985917 7489280
-4862026615227765282 2337915 130687 7165184
-4862026613920402328 -1467826 891863 7083392
-4862026476728220279 -1859114 1533527 7042784
-4862026363961036652 -13377 -802823 7321008
-4862026359496723371 238347 -1252540 7636096
-4862026341823421363 -916018 -2120711 7872256
-4862026236698637191 1572511 508665 7313744
-4862026228248488952 2912374 -2292871 7428240
-4862026201362147060 -2651544 2006740 7566240
-4862026175848635253 -2707502 861288 7355152
-4862026167476784663 -709803 223170 7063168
-4862026165388634299 2334524 880297 7015840
-4862026086841507342 -1109962 -1688208 8001792
-4862026084129837942 -1055527 -287362 7355232
-4862025960261330573 2741983 -993756 7359104
-4862025935785449280 -1268433 -649988 7389392
-4862025915754458462 599 -855711 7042512
-4862025915489767198 357672 -3068710 7605616
-4862025874127537960 496831 -699500 7071024
-4862025863001819609 -3402619 -2745549 7405568
-4862025833245072482 -2673931 1354701 7730480
-4862025800888812704 -1825324 -2110205 7021040
-4862025783390146606 -1993798 2042088 7267264
-4862025771687521916 1452366 87476 7318208
-4862025711113733036 -671148 -1623469 7264464
-4862025630604480757 396513 -1959686 7217632
-4862025625560872233 -2442366 -1656069 7314000
-4862025623766827599 -2328141 1692291 7111072
-4862025568676792704 -2390977 -1924550 7246768
-4862025553099749286 -2148739 1342177 7616816
-4862025457353748993 2786233 -3347748 7714960
-4862025412621141072 1526602 291999 7001888
-4862025342062791246 -456516 -2199460 7034512
-8744925748108644430 705706 1078723 7017280
-8744925745746672055 1248631 1299240 7185792
-8744925709716531661 -925998 -1816571 7153984
-8744925687535556205 -1949520 2115567 7533360
-8744925586811577621 -3406813 -2978017 7229152
-8744925543583971038 -1953653 1612427 7190384
-8744925515249066091 -2025793 -633924 7199728
-8744925504025810461 2076200 -604901 7025072
-8744925432901891743 -2987335 -732438 7151296
-8744925427582915191 2589460 -2589333 7018672
-8744925369195601969 -1417867 -854928 7405600
-8744925294297361833 1641098 -3312310 7046896
-8744925291912429479 -1023322 2127429 7070208
-8744925285299126370 -1831290 -3114315 7535920
-8744925132893575229 -2999684 -1362363 7156784
-8744925010846699325 1361972 -3132277 7129520
-8744924996056430544 -2386278 -83590 7255744
-8744924879203306126 -2902373 1099450 7398976
-8744924774783388031 2731995 -2534340 7128544
-8744924734507272830 -152668 -2992884 7593728
-8744924723444353369 -2205551 -2691091 7395808
-8744924709897369109 -2020151 317577 7218464
-8744924703202688338 -3282746 -2797539 7278656
-8744924682858349322 -3252385 -2678993 7019616
-8744924644554417289 2769010 -2847542 7677712
-8744924517155148727 2476133 -2088357 7184976
-8744924487778514794 2762266 769587 7389760
-8744924487217059128 -2990963 -856685 7202192
-8744924470112829646 -196269 -1193000 7366512
-8744924459791930862 1276593 -2232898 7252960
-8744924443284892658 2423790 -353000 7219744
3526293446683687765 -1024232 1802515 7297856
3526293491393561360 -1840437 -947398 7248224
3526293580401516654 -2603666 2485580 7017952
3526293695575204446 24143 1890252 7756560
3526293702696544827 55309 1109241 7391888
3526293742675158995 2525853 1731424 7093600
3526293747740117475 516475 50265 7187776
3526294000762484052 1108335 -1284463 7320416
3526294015725717732 -3024041 -1723412 7138464
3526294044962460929 866359 -1497788 7632240
3526294134551196772 1949324 -2753518 7231056
3526294152314970915 1251418 -680526 7193104
3526294155048058111 -3168360 -2888946 7059584
3526294161133574118 1605898 -1798853 7087824
3526294237739940484 1697097 74905 7050384
3526294261363711845 2491297 1524567 7346208
3526294346892593356 -2457937 -3343363 7113312
3526294366294342837 -2850611 1489729 7700864
3526294380506260366 -2939113 599510 7491792
3526294398323525453 1637008 -1980530 7026912
3526294447250949374 1880841 -2087719 7167824
3526294521031968172 1511423 -29779 7621360
3526294560634636566 -2084549 -2959040 7335920
3526294565029664704 -498714 851602 7397472
3526294571073783686 -134785 -678601 8221824
3526294575575539619 -2764856 1469133 7030832
3526294579643936194 -1116990 -1702860 8060224
3526294599798719028 -1465402 -1582796 7165824
3526294729323845091 2340884 -2026490 7129088
3526294748137569558 -638656 57200 7123184
3526294790503972957 1132541 543278 8349056
6183573689215535005 1393363 -1606590 7494400
6183573737006831182 420509 497260 7146624
6183573740345697193 -1457807 1280407 7014000
6183573856277633430 -2984854 632368 7593696
6183573873375091138 -2354462 484815 7068432
6183573896424764595 -3162470 -3037452 7245824
6183573925887878984 462682 -1105572 7223888
6183573938596951944 -1390156 1247727 7186480
6183573961726861718 2776740 -1806829 7780048
6183573989097214771 -1275392 -1342275 7015712
6183573993755003880 -2512889 -640712 7338720
6183574058723188561 -1950066 1519269 7411216
6183574067807602826 1613010 -1220150 7356272
6183574100647764204 3043591 -885413 7395920
6183574114097769750 269296 -703703 7560112
6183574125076796618 -2431931 -2917669 7009808
6183574144856842794 1999187 -3113398 7383440
6183574174749684085 -1397660 -421496 7022784
6183574327910723048 658678 1021777 7978704
6183574401917629225 1508525 -1439446 7751312
6183574563187075196 560302 -2200554 7185424
6183574597875088853 -356151 -2100581 7012768
6183574607864204899 248361 554583 7695040
6183574629555117791 -1273812 -1912281 7076368
6183574751271878081 -980634 -1152762 7183920
6183574774291607361 1809702 1167956 7142384
6183574844541831235 -2485815 -2173119 7509968
6183574928570426523 1950948 1556145 7724000
-2548675987181195805 -1695794 -2386286 7280432
-2548675891624583461 1943259 1743996 7300768
-2548675872782520701 -1107948 -882398 7270432
-2548675866387856230 -2884444 -3071739 7070560
-2548675826185535934 -2947499 -1809819 7032272
-2548675720085551159 935649 -303871 7106736
-2548675640228321892 -1278499 -2832914 7052608
-2548675611443642250 -321035 654725 7125392
-2548675588738923216 -2160105 497461 7260896
-2548675574458722673 -369194 648248 7315392
-2548675489534051357 2686291 -448547 7494544
-2548675477098864048 -1349877 -2863020 7473568
-2548675398252046209 -1919037 1788416 7643488
-2548675336088686517 2259790 -239091 7077744
-2548675314047250187 -1645550 1006716 7050512
-2548675281281499033 1486106 -420495 7313760
-2548675280115197827 -1324501 698070 7214336
-2548675274570674129 1775504 -903323 7478464
-2548675236508677590 -499636 -1667029 7516944
-2548675189140892288 -2351869 1804352 7181616
-2548675164498703695 -562434 1468003 7092816
-2548675156220993002 -1974567 -3183988 7388240
-2548675088960397888 1976422 1121659 7071536
-2548675079454889767 1051585 -2222359 7439840
-2548674984491907626 423376 -2665360 7248768
-2548674983381414157 -142415 -222171 7032016
-2548674927095838398 -741774 1827333 7257792
-2548674896897407527 -2149141 -34274 7241408
-2548674878778978436 -39790 2099055 7298384
-2548674862350601894 483431 985471 7694240
-2548674804984168843 -159976 -2910999 7075584
-2548674739517863359 717572 -99657 7492240
-2548674702556833591 -1676076 1336951 7006768
-1893779276144314723 2011613 -1975801 7420656
-1893779183206169361 -928076 -19768 7371920
-1893779179561425883 522234 -376910 7065568
-1893779116531670145 -725952 -2839138 7656032
-1893779027802950343 -2526075 -680733 7104656
-1893778986494541425 -683232 431377 7338688
-1893778950904189034 -1852738 -398083 7056592
-1893778935500983017 -2600793 -74326 7677008
-1893778933545012514 1527746 546559 7045728
-1893778913529135616 -926598 -1406072 7119616
-1893778891480547973 1124642 -835780 7709296
-1893778868950103194 -1942610 -1671527 7310672
-1893778868257749974 -399066 1965617 7257024
-1893778824656652298 -3066649 -2127904 7257648
-1893778764067938135 2664274 -2024541 7065056
-1893778734280459035 848310 1378887 7323312
-1893778726567748164 -1584456 -1033517 7513152
-1893778701937553674 1401939 -319831 7011776
-1893778699019089423 27602 -584130 7350080
-1893778681721929264 -2567815 744989 7066800
-1893778573571823228 -782496 -1155148 7107328
-1893778573132393786 -3241394 995057 7865760
-1893778568703742115 432174 -2228967 7190480
-1893778542727866203 -2564688 658435 7122032
-1893778532953937806 1484997 -1910305 7046736
-1893778531809102626 1225459 -756512 7080000
-1893778481283715075 -645245 1578055 7085792
-1893778381125809394 -3053250 -1915436 7142144
-1893778355910120938 -3251599 -452354 7478512
-1893778326210159457 363139 843292 8325520
-1893778312740989450 -1305154 -1978398 7337936
-1893778231492379276 -3256637 -1913348 7364240
-1893778177659168324 -269596 -369185 7065488
-1893778108776649236 -793824 -1390024 7111088
-1893778085386069033 1021788 -2507576 7070240
-1893778083438168886 -1111880 -2026839 7271088
-1893777983214374356 -1887297 -40083 7000080
-1893777970672836965 760983 -1304538 7456144
-1893777948591806139 -3392390 -2727956 7135312
-8027441019590360995 -2306325 -3381387 7339472
-8027440930092685817 581693 -3019539 7405184
-8027440839403029403 -1119560 448569 7112336
-8027440820281139616 -1017678 995735 7060496
-8027440723301496880 1652221 -1413265 7010176
-8027440697463154204 692204 -148751 7412608
-8027440682642995325 2033857 1834194 7151696
-8027440507952668809 1391470 1963971 7514592
-8027440388861778876 1091996 1202406 7003584
-8027440385199279609 391233 -1042264 7332816
-8027440369198537520 -1279612 -200625 7269392
-8027440341326045963 -1972918 594527 7097184
-8027440289898342221 536942 -114695 7312992
-8027440265480547695 1507681 -3414690 7031232
-8027440181684946757 347631 -1148398 7088272
-8027440135101063324 -2072053 1509270 7112656
-8027440124145006872 -3046599 -1330851 7069792
-8027440088410004560 2464211 -2925887 7522432
-8027440072775621043 -476338 856885 7561584
-8027440061707138802 -697698 -3156741 7088912
-8027440050898172022 -3105660 -1352768 7189456
-8027440048038789641 -1580143 -2588907 7063840
-8027440040655803093 437536 134220 7273136
-8027439930657648979 -13503 1771642 7195712
-8027439813088405360 -764741 -787475 7351952
-8027439810490743977 -2903311 -2098309 7879936
5592788298733792760 1272042 -1722913 7511360
5592788326072743185 -2996040 710955 8061136
5592788336875996199 886000 -611573 7224368
5592788382844011310 -1278357 -945437 7355248
5592788497340984530 -2104307 1319136 7018784
5592788528495713273 -37791 -3333515 7024096
5592788547146308194 745159 -546762 7081696
5592788560346965714 2584063 -1680750 7716096
5592788612843345986 1339049 994994 7058560
5592788697518551311 1671466 1395671 7065424
5592788758031578087 -3576728 -2624308 7024544
5592788911456796314 -160226 1701167 7096880
5592788978345710609 -174100 -2954833 7264512
5592789059974179505 -350713 -2668585 7243008
5592789061422550773 2661932 -3342827 7300224
5592789089708059492 -398259 2150181 7374256
5592789101706433122 -554447 -3140969 7189648
5592789133485914373 1080174 488932 7150320
5592789154737818368 1268620 -2731267 7473168
5592789183979575941 2412232 -1136978 7018896
5592789185876910570 802364 1365293 7241888
5592789227086654839 -3187720 974580 7492672
5592789269947808737 -1680457 -1451159 7448736
5592789300490381600 489583 2040773 7380832
5592789381277051159 -2782909 783773 7107360
5592789403537198484 490976 -1465866 7057440
5592789457343737897 -2146749 -1729407 7395744
5592789513969928161 1992385 -1736891 7090256
5592789536439106878 902522 -3138317 7075488
3316034202865990721 -1531469 -201834 7166800
3316034394354654049 396373 -1502743 7218816
3316034493199191443 501443 1399471 7138976
3316034514066067007 -2985312 862342 7100816
3316034605519141341 -2279622 -3216820 7311248
3316034652208492867 2628159 1838847 7649616
3316034670390659081 2114636 -1651276 7009808
3316034750643861316 1646362 125551 7049440
3316034753760087333 1669083 1404106 7018096
3316034796472023962 -3046342 1362137 7136688
3316034813138396575 -2920719 1665878 7238432
3316034821739938171 -1082108 -1048599 7023488
3316034899278251367 -1283632 -1924794 7511952
3316034911946163869 -1390312 -2882808 7189312
3316035018393675860 -882056 -8959 7081696
3316035068050297798 -2399911 -1539722 7038688
3316035114505628004 118392 -1260103 7267040
3316035117202615558 -3259395 2100215 7976800
3316035149771815892 -3503918 -2253805 7606592
3316035162736131258 -2879602 1927866 7011408
3316035174634423314 -316944 -3098516 7756000
3316035358099136542 697074 1591287 7243568
3316035533542923757 -829527 -2082789 7029408
3316035534354640373 -1685458 -2003222 7048624
3316035594856967497 -9449 1784320 7147952
3316035635237660490 -2182900 -1373162 7124992
3316035651142886583 1135490 -749667 7330448
3080435697482733906 -1053018 -3148772 7044704
3080435743203492794 -1592307 801223 7079936
3080435795297661723 1874602 -1952684 7066576
3080435840429469287 -26710 496763 7310192
3080435926899769674 1231363 -2040234 7354480
3080435934509488691 -1703351 187162 7187472
3080435941217380735 -2888477 -3169816 7065088
3080436029801439436 2721839 -2710264 7288704
3080436044620072600 -2699196 -3057078 7857424
3080436168484217404 -1368724 -931633 7054336
3080436255043438370 1528660 607140 7275952
3080436350831380480 -1050138 -73058 7192880
3080436356735013363 -2106902 931509 7665312
3080436364656274735 -2757032 271247 7031808
3080436423610249400 -1288198 -465712 7203120
3080436519067452575 -962519 -2854687 8042048
2252772621799582913 2932479 -1609001 7081248
2252772634650749456 498573 1310867 7251968
2252772664148880413 -2946496 -1442954 7284976
2252772693590131666 -1372333 -437436 7807264
2252772800465153449 2411311 -1534443 7149904
2252772849725575977 -3340658 -2119728 7082256
2252772852860384554 75009 2399257 7011600
2252772855182011802 1812893 -1211175 7249664
2252772911512685507 2702704 -1088945 7413984
2252772924638979084 -2351480 -55300 7568464
2252772980348002505 -1702360 -81403 7332736
2252773003952196193 -1284871 -342134 7079840
2252773004764630606 1407370 -1845344 7409184
2252773177484513271 -1411123 -1880908 7001152
2252773189525427859 2219556 -3439527 7298736
2252773194997404753 -2931750 1807064 7114144
2252773252874221110 -295627 -1025462 7286176
5546508749260788875 -3034654 265122 7094160
5546508792097315231 -1594570 2311176 7569792
5546508870640565970 2214519 123083 7006000
5546508880853524317 994477 -2525198 7082672
5546508935262002519 1956768 20474 7453872
5546508945717317912 2366381 1169786 7310576
5546509069482103548 -3110414 -471158 7295280
5546509076210344411 -1479945 -776462 7134592
5546509082992496702 1905147 -985174 7215472
5546509099768206462 2069689 -1118841 7019728
5546509102776374118 2343408 1347246 7210896
5546509116942188481 -3109648 -1742 7316304
5546509127343797667 -2582431 127453 7424912
5546509154704884058 482575 -1706433 7200112
5546509190932878766 -1639306 1911620 7132256
5546509238041042109 2714370 -1725522 7238848
5546509252171824240 -59569 -344692 7338784
5546509278392459645 -2207863 991722 7406352
5546509323957275915 -2635896 -2134716 7455664
5546509327030961518 -1599183 -742821 7326000
5546509349106781555 1687576 -2760247 7124336
5546509378862558793 -1347808 -1025167 7043360
5546509396421776896 1184186 -3165521 7187808
5546509407764350945 1231538 -2922903 7260912
5546509450803552080 516014 541953 7039184
1106198820858453645 2755964 -19926 7034928
1106198917022655420 -728680 2095788 7041632
1106199065657809072 1693151 -2346496 7270592
1106199124063727251 -2576731 -2083734 8188960
1106199165690193102 -1896244 -383281 7461600
1106199179357766262 -644601 -1301487 7154256
1106199231903066901 -3075939 1258103 7203120
1106199253356470514 664314 1099613 7542480
1106199279463945198 2579750 1013715 7342080
1106199398987860850 -2964751 -2621326 7118976
1106199414529940781 -900521 -2306257 7858208
1106199428616829142 1987826 -2581655 7096320
1106199435637505464 -251703 1392325 7076544
1106199451139611047 2623013 -1275462 7139040
1106199481527031030 1954180 -1808463 7139712
1106199493053724258 1667537 -537048 7010752
1106199598494067015 -1183937 404255 7671056
5159149007416215790 2489948 696826 7027392
5159149125431319159 162683 -2487352 7084848
5159149138056108721 -1924718 -1353936 7332768
5159149168741504263 -2463012 300003 7096032
5159149186203630374 -2043974 -1358744 7023712
5159149237632545944 -2490933 -1485888 7457024
5159149263507302822 -1129343 -1314296 7004176
5159149417505829595 646425 -2745129 7113296
5159149419608183853 -1052787 2269027 7519264
5159149495989157584 -2781728 -380365 7036272
5159149516143776280 2674400 -1901317 7277504
5159149517098090379 286647 87772 7065232
5159149591431367599 -818862 -1704366 7115776
5159149694410896466 -686524 2134057 7178064
5159149702886660944 -2477933 -1589683 7275408
5159149716012746748 2461349 983396 7052992
5159149732197474247 -1945833 949299 7026656
5159149789752911056 -606241 1269733 7224800
-6863081339885582885 -2951644 -78027 7138160
-6863081334675176893 2417805 -1208391 7927840
-6863081307404526179 -2239488 -2787821 7176384
-6863081283380960925 -2643596 177235 7022736
-6863081267052571801 -2488647 1515300 7608720
-6863081044384721277 1115589 -3375899 7129520
-6863081022879099870 -994193 -2251377 7451088
-6863080927051461462 696409 -2444706 7102528
-6863080915701289069 1129457 765817 7102480
-6863080824388617701 292265 -1729309 7348576
-6863080671578388026 1424449 1599761 7830032
-6863080632370001310 -1420151 -936628 7648128
5486118146838906844 -2746028 -1227890 7347120
5486118203549054066 1257527 -2885309 7270640
5486118217688248201 -1384823 2105389 7401872
5486118247198620793 -2131398 -1026146 7173456
5486118301899393197 1315745 -1402182 7232384
5486118360288337898 -2555579 -419162 7216832
5486118447511793806 303900 -1775823 7460160
5486118467287053804 190841 -2072319 7505280
5486118502375718826 2267621 464506 7376800
5486118532526550410 3017777 1495692 7495664
5486118548247400963 1709484 -1675234 7533424
5486118549193877370 1358650 -1912001 7089952
5486118577985614448 -2589738 2455794 7023040
5486118654228763414 -2569954 -1021548 8346800
5486118664121964161 -438579 -734639 7006208
5486118686639037041 -1812167 -2352445 7200672
5486118763370933594 -1273155 341077 7048608
5486118802863065957 -37534 -1622194 7399808
5486118846516481529 2414621 -3029838 7962368
5486118985825319083 -952932 821471 7060880
5486119039884819799 2451895 361348 7293120
1413625544756785371 1832257 -840934 7725696
1413625578072405172 -856421 -459808 7721632
1413625640904710119 151721 -861054 7365776
1413625654731295470 -663988 653787 7293088
1413625655397130640 86628 323294 7193184
1413625809727690741 -2227154 -2100149 7021696
1413625893260699633 -3043574 270538 7278304
1413625990316363810 1111368 -2224829 7074256
1413625994924603396 -2918118 -160294 7221008
1413626010258914188 1177175 1480521 7247904
1413626043767196456 -2300290 978301 7246080
1413626048665003682 966290 1174713 7121968
1413626069208554787 -3024106 670906 7244512
1413626083097840158 -2101738 -2568613 7086192
1413626085641020415 -592850 2136157 7051984
1413626094446782459 -519973 -879602 7049136
1413626098853608934 -1117518 1186951 7142496
1413626121165040399 -2598020 -1351672 7651984
1413626191680875906 -846612 -345246 7501296
1413626227776988038 2001309 258028 7246032
-4606884114602998550 -401882 -2927244 7011888
-4606884036485863003 923494 -418876 7750512
-4606884028535058212 2309777 -845445 7441536
-4606883994695921556 118897 1137233 7164912
-4606883912128358181 -465671 -2946596 7077088
-4606883908445434456 -758222 -1012337 7294016
-4606883872760435585 728650 -728426 7274064
-4606883736148103361 -2255687 -1537652 7056384
-4606883728002330852 102854 1985077 7122544
-4606883724281654519 641481 -972572 8076128
-4606883721503625216 1590367 -3487084 7142368
-4606883688720691662 1155584 -751253 7245648
-4606883656130924983 -1370247 -3481871 7112160
-4606883600872654802 1121226 -2821114 7016080
-4606883558888669300 -1385140 -2158234 7319808
-4606883409942511048 -1378291 -1344460 7492176
-4606883404620845964 2519358 -32038 7225408
-4606883385302484915 2444790 738123 7020848
-4606883325490393335 2026873 -1413194 7091712
-4606883323133481182 -1953830 -3004831 7025024
-4606883214543995941 77493 -2621246 7003088
-4606883211791535231 20169 -1973341 7382560
-4606883206572620122 1674691 -950823 7589344
-4606883202434442814 -899290 -1512511 7135536
3227314243539136692 -2673667 928482 7257232
3227314278368891363 -2957812 1396123 7194896
3227314299541000796 -2987420 -1266739 7074032
3227314404981019849 -1792997 -3056992 7154016
3227314415849898795 2573243 672911 7047712
3227314428523217763 10161 -1955731 7042528
3227314454483080965 -55290 1651772 7037200
3227314455483934391 -1396059 2277100 7171152
3227314463792765547 -2991336 -1250575 7280464
3227314469451755402 -508483 -918451 7245728
3227314492645667163 608540 -663138 7032624
3227314503962643990 1135315 -2547987 7755136
3227314517366424727 -2796448 -2309243 7060016
3227314556102439486 1727843 -863464 7154256
3227314625004243263 -2540784 -2100863 7062336
3227314635343433249 2191125 704834 7270576
3227314636940167346 2043497 -900140 7007152
3227314646757551596 2400783 367752 7086432
3227314690913689760 -2532878 -1883961 7119136
3227314734754834104 -574840 -1925315 7078416
3227314742330710332 2380723 465681 7145888
3227314773391571803 -1375 -336253 7425024
3227314831027562305 2755103 -57006 7061952
3227314846379607189 36023 955425 7020864
3227314864952299512 -3329080 -1567427 7197392
3227314893739836128 2550600 -3582408 8137872
3227314913077262468 219079 523206 7196352
3227314955598958393 -804273 -1693729 7123072
-7050616626079758031 2255277 609072 7496304
-7050616598063520192 -1173379 2135346 7332624
-7050616577962080778 2314714 74031 7143008
-7050616531886592559 -380447 -245951 7567712
-7050616511860800840 324643 1266603 7364384
-7050616445345253222 -487948 1881576 8298768
-7050616379427560037 -3196 -1776914 7242240
-7050616377492868235 280249 -2953956 7173120
-7050616361650943842 -709943 -2295639 7003968
-7050616325091488481 -1238520 -2358452 7081696
-7050616280423105613 -2748545 -368314 7404944
-7050616097334808112 362427 981706 7005184
-7050616091573373957 1760759 1625687 7165152
-7050616007850645399 2597780 -1528980 7061728
-7050616001104457505 -942485 -2836337 7076656
-7050615989806524811 518496 -293421 7198112
-5535353786964322608 723306 -1809994 7519488
-5535353728564868885 555826 -1404743 7112768
-5535353727660826592 -420516 1805197 7274032
-5535353616897701574 -1494659 1749950 7063344
-5535353611231402182 -1294424 158730 7074096
-5535353598059648991 -3533606 1380694 8067280
-5535353597670362798 -2553340 1676986 7199216
-5535353555671070758 -1625331 -12143 7407584
-5535353549742557579 -3283369 2191953 7502592
-5535353544713852915 448598 -3165025 7068944
-5535353496403161268 -699217 692006 7118608
-5535353452063592485 -2627025 -3215346 7594176
-5535353449285037178 2258299 -2007655 7374224
-5535353295741810639 -3151105 -1935161 7456784
-5535353295465356813 -843357 1588398 7107392
-7558488958045734482 -506295 -932481 7197824
-7558488934992970573 92206 -3285103 7169088
-7558488910176800832 1323740 169216 7071136
-7558488866743852206 479807 -1579238 7087712
-7558488820140830434 449563 -1172663 7048016
-7558488797985827846 -3158827 -942540 7332784
-7558488760916863026 1524 719406 7281184
-7558488672801310865 -2326920 672287 7120960
-7558488656083970877 2680438 219550 7152160
-7558488529533342467 -2532115 -2546338 7356784
-7558488492576485084 2035153 -362934 7011808
-7558488446353391074 -1058516 -2418483 7038448
-7558488418608030822 -944233 1984809 7260048
-7558488414687209925 -595635 1681093 7372528
-7558488308826084788 -2088157 1570856 7323296
-7558488280975225624 -1486546 -1605825 7270288
1146356608440782409 816658 1078287 7188976
1146356630398556008 -3075606 2075411 7188416
1146356641634400830 -506889 -1797436 7232400
1146356651196519571 -1530729 319432 7155200
1146356674103158937 856321 329229 7089728
1146356749108214736 -1486521 -2938540 7088672
1146356784077418113 439267 1677860 7031360
1146356819228640182 2682035 -3119982 7345792
1146356834180954097 446327 1461857 7998000
1146356984949756991 -1868051 1260248 7820240
1146357023500834832 -965926 -2911357 7166064
1146357030122999818 -3324951 -3302981 7105152
1146357033073696827 -2655027 860128 7276720
1146357061594677141 -2757003 2352825 8062848
1146357108129870212 49911 -1422584 7659104
1146357197065386941 -2805100 -2044671 7339376
1146357197413147534 1256246 1586160 7255264
1146357314536385215 346670 1443956 7133808
-179284584595677388 540514 1464968 7137360
-179284571080936580 -1034203 2363269 7058624
-179284560605573139 2280590 -2990603 7182480
-179284525847237518 1603586 614659 7182896
-179284504576274532 -944340 -2147067 7113008
-179284491207764310 -507627 -547062 7109344
-179284454876485400 -1487457 2472608 7738064
-179284426517474752 932796 922345 7458288
-179284400394136639 -1220506 282331 7590512
-179284347005522050 199105 -2523919 7441824
-179284344830114195 1294571 1325440 7329360
-179284329108028754 -2568005 -1364992 7182768
-179284311202081016 -459845 -719927 7028080
7809783007629857777 -2074114 168428 7037712
7809783011093256681 1051332 -253601 7138368
7809783022804375265 -1567439 916421 7130656
7809783035686448691 -1655332 1735787 7160336
7809783067139144459 1833834 -974278 8037904
7809783207534486091 -1349580 -1535266 7212768
7809783272800214905 2106575 -2531710 7481808
7809783328653961865 -2863230 -1425448 7743616
7809783375251329540 -2696210 1916935 7298768
7809783420365970394 -1090393 -2191658 7004400
7809783469994587765 2432178 -2895745 7882992
7809783475364824776 970343 -2258536 7694256
7809783521737813110 -3155436 -1855954 7199664
7809783562250856701 -226624 -1420577 7131616
7809783601887021411 565884 1425974 7441600
7809783638541727152 466481 -600118 7194784
7809783714705685797 -1859278 -1607330 7462512
7809783726087693136 2139140 -2533644 7015824
7809783727482696106 2515142 185058 7732624
7809783760644209639 -2509785 -370692 7171648
7809783774538175821 1019738 -308680 7182528
7809783794050100795 -750487 980301 7174608
7809783807385683960 -1256086 919775 7399760
7809783808406038996 283452 2002604 7074896
7809783811041439494 2862131 -2331432 7124496
5545018856572168761 1834839 -2429970 7030096
5545018869999500293 1221224 -2214785 7033744
5545018880306624957 1922032 1106680 7795584
5545018906290081704 2533977 -1773792 7006080
5545018932599140383 459587 -3284510 7023744
5545018978145398884 -1911795 1989541 7108592
5545019058200526224 -1878033 -2076549 7190928
5545019096785419270 1257016 -2307758 7070592
5545019152569923839 822123 1603255 8550528
5545019191831154619 -64583 -157858 8620864
5545019196152193438 -1232133 -3114338 7334592
5545019199837858175 -2070144 1063452 7374304
5545019249102628021 -1665534 2060974 8272928
5545019366603444628 1002964 1856142 7325712
5545019421394770287 -2238528 2240571 7048976
5545019468926745976 -1574471 975047 7647088
5545019511920717490 -231435 -393486 7301856
5545019515124908228 1197338 -740897 7435344
5545019562556310490 315542 -2589350 7080400
5545019640404721785 -79929 1158145 7384656
5545019737350595499 -2880708 -2621198 7092528
5545019768679070029 -1125870 -2077929 7190816
-7530406361518906769 2576531 -295795 7514352
-7530406314475444376 1773582 -2712653 7018848
-7530406280260656657 -388956 -3255653 7261776
-7530406225723903951 -1999684 1776386 7068784
-7530406202861100596 -700916 874535 7054832
-7530406180404490888 2119001 1314489 7014352
-7530406094771301173 -2862584 -103936 7038960
-7530406084773780220 2160589 1060632 7468160
-7530406082848956519 838356 -1500464 7502144
-7530405990183821831 -557212 -156775 8020960
-7530405983269844185 -837101 -1142400 7023056
-7530405944132305526 2162585 -2786463 7802896
-7530405932983068349 1465242 -180489 7498240
-7530405814088186218 -1684993 -210464 7287280
-7530405711324487284 1771455 1200115 7404528
-7530405672719075358 -965281 -2908126 7396784
-7530405518406075220 529623 240354 7274528
-7530405495427776436 2265425 -1610974 7248272
-7530405483587097142 -626468 -2761195 7109360
7689769594551073169 1194059 -2355605 7570480
7689769671508995325 -3107272 336942 7245040
7689769786719558500 -2873602 -2859556 7204752
7689769841098243621 70256 225489 7783088
7689769852189752042 1304032 -315249 7309440
7689769854801233079 -117162 -993355 7062128
7689769882283888953 -3183533 1964607 7922608
7689769926284934223 420557 -1703954 7012464
7689769982112399786 265531 691176 7787360
7689770005133663548 1926814 -2032791 7053904
7689770043954974368 593319 -1953548 7916736
7689770049581981717 -1690938 -482939 7260352
7689770102164314279 1028964 -409510 7232048
7689770157440003743 289843 1900805 7297632
7689770229064622729 493396 1696991 7318368
7689770280001701824 -971533 -1589501 7408112
7689770344732966810 -1569472 -3001840 7088048
7689770370189877149 -665330 -2908194 7025888
7689770429926806121 -679235 1881391 7433344
7689770446356579017 -1019196 579026 7082160
-4077357084146387838 -3024234 -2731455 7077744
-4077357042454550624 1324914 -137883 7149600
-4077357031417065302 826176 938026 7593952
-4077357029985263933 1432804 -936141 7514288
-4077356987295746821 1424253 -2991032 7027456
-4077356986148780950 1731376 1143517 7084672
-4077356983108343504 -1081838 -1188812 7338032
-4077356929065605929 -3048093 462700 7400336
-4077356774329450910 113734 199335 7014416
-4077356772267285718 -1993936 -1397296 7165104
-4077356760607646801 -2581644 -591552 7383648
-4077356749645903008 -1779408 -1991439 7381920
-4077356745471536836 287956 452800 7116528
-4077356691772573328 856262 1725280 7533856
-4077356681068302372 -1424321 2085157 7003248
-4077356661171175786 -2866321 -3486750 7070240
-4077356627677783839 54857 2398367 7074400
-4077356491287225905 891828 -798150 7278800
-4077356465626106756 191664 1038007 7795424
-4077356450224665895 -892483 -3207649 7653600
-4077356444225459783 2364282 1448345 7228256
-4077356412732161210 -3147075 17300 7088240
-4077356361075511791 -2075174 1091433 7790592
-4077356330983993003 2789342 -1268985 7752688
-4077356283012260113 475117 -1479114 7113664
-4077356161846155726 630065 -1534683 7296752
-4077356149982182432 1290640 -1340183 7001648
3817475657835537570 -2571125 -1375473 7383248
3817475744613774861 -287641 -2860229 7095008
3817475755774195167 215638 -128488 7927280
3817475757451806963 -2172373 -1862460 7410784
3817475781165624571 843660 -602576 7143232
3817475781506445172 -1684077 -1558927 7444512
3817475814456312702 -558364 -1592193 7087904
3817475825663662829 1900328 -464966 7648224
3817475851278013395 -2805471 -3137942 7979920
3817475864607570435 2234275 1121765 7221632
3817475882217729936 -2681296 1897238 7200368
3817475905964092710 1623401 -1062809 7871952
3817475936641716980 -325148 735963 7006992
3817475937797845601 -1254557 -2760366 7838208
3817475956968117019 -903529 -3125113 7319232
3817475976563936908 2716779 -2884445 7173840
3817476044756564334 -3171188 -1994757 7127008
3817476046850122063 1608567 70654 7173808
3817476145557636265 469779 2098208 7286880
3817476205492929713 455991 -2802715 7218656
3817476237265040674 -130892 1099977 7141232
3817476328021043305 -253596 1460483 7037872
3817476331411511982 -2196724 474350 7170272
3817476361580641469 266767 -379620 7148752
3817476441255212565 -2206010 -917432 7244912
3817476467352723991 1761941 1386235 7084560
3817476538186997519 1817103 13032 7158048
3817476546271736014 -2829791 2433857 7601056
3817476548112073361 -660661 -1055765 7180144
3911056176030986837 -663631 -490824 7318928
3911056180183623737 -1921535 -2233044 7178400
3911056232823647862 294626 -270670 7213760
3911056307511839880 75887 -38423 7095056
3911056367360950825 -1842703 -2880910 7094864
3911056392495290966 -195667 -1261831 7152544
3911056402666693539 360685 836975 8326720
3911056436044670514 -771669 -1700406 7075104
3911056650958370687 2903535 804940 7107136
3911056654613995491 -1457397 -1701117 7064160
3911056658999304145 -1664643 1283969 7077408
3911056711888750046 -1642820 1223264 7370960
3911056796721542554 -2115875 2424184 7105952
3911056801427612892 -1272847 2449699 7403600
3911056818658121161 -528827 -3120896 7076576
3911056873423865625 1010090 1073640 7346544
3911056968528909083 1087169 341384 7032960
3911056987002893276 227924 -1187511 7707184
3911056989387224363 -3326896 -747285 7019136
3911056990202944292 -1144176 -3213608 7300208
3911057009470201455 850429 -708334 7047440
3911057059722492836 -3330105 775031 7101360
3911057082930266550 -838734 1121758 7140960
1337947748211621271 -1131453 924809 7289088
1337947788534280355 -1450684 1259257 7332608
1337947820607138920 -2323102 -1496761 7119264
1337947953333283330 1305042 -785894 7063104
1337947962580191244 -1990338 1046984 7202048
1337948015817639910 -269952 -2249466 7394592
1337948019490635103 -2505425 -2857366 7037456
1337948085143721366 -2073389 -1748371 7327840
1337948086258947807 1884313 -892147 7144912
1337948103953594128 -1292569 -1186023 7188528
1337948131691001206 -1978835 1978576 7050944
1337948180419400749 2682701 -56697 7077664
1337948222766770762 2287082 1146658 7299584
1337948326257183113 228415 -1382609 7065808
1337948361078153546 -1996484 666762 7294128
1337948370592122161 -1708315 -1786364 7081744
1337948412643371059 -2047027 -1854829 7245680
1337948436627575067 1748152 -1224929 7163328
1337948451083462039 -337148 -2663838 7904544
1337948499263935139 2212890 -167786 7441600
1337948500761014282 411752 -631971 7165568
1337948527775547095 -2356374 -2463375 7055024
7840008738758214531 -1881726 -2823317 7056016
7840008764748554620 96983 1956536 7068736
7840008852644252391 1350313 -915297 7096960
7840008948586306355 -1026603 -2664604 7312544
7840009009988265682 -1783101 -52390 7542144
7840009029615649022 483002 -1092903 7030352
7840009035226219714 -2122107 -3251504 7056384
7840009038211660389 1995879 -354791 7350784
7840009045534736143 2138594 305566 7022272
7840009046473618610 -944192 -3093561 7123680
7840009072254999330 -2476183 -1413845 7068896
7840009084205967590 -365955 2370486 7325520
7840009098878720936 -312696 -1053155 7195712
7840009106126308576 349196 2339710 7083488
7840009119914887594 2617181 1487726 7487696
7840009146401293612 3024971 -2868254 7244560
7840009165046432887 -1218307 -3286337 7229360
7840009171223926623 -2176841 1081808 7154656
7840009206942996574 -279011 1550348 7429936
7840009412753097908 2548265 -1269037 7149648
7840009416604295609 -757291 -1249982 7559264
7840009424100621151 1129024 1097579 8012816
7840009530871535945 2059924 -2033074 7742688
7840009719835319546 -1536497 2113010 7173184
8323563715605758144 -2753701 -1977099 7028048
8323563738386683067 -137539 996720 7182304
8323563741431907059 -2334245 452678 7395280
8323563746331156567 -3364403 -3240287 7264544
8323563749137545213 1498373 -889610 7016752
8323563792441943446 947466 -2272192 7043104
8323563807047217461 2183953 -463807 7077840
8323563815575377670 -2312355 -2609969 7070336
8323563869454308425 124990 -448850 7162480
8323563901418567752 -159051 -2604369 7097104
8323563909949477038 2702451 -3341191 7054336
8323563932289135714 932692 -1244498 7177936
8323563943024327734 2890572 -1293355 7475776
8323563992930584141 -970954 1719126 7205600
8323564061313667401 1415562 -1049065 7532656
8323564063120434841 2014230 134218 7034656
8323564096927540525 284004 -1478515 7088624
6459838464154056477 154319 1269220 7111376
6459838494528306953 2430700 107341 7478096
6459838573366343856 254556 844255 7225712
6459838577825318096 2486269 -2273514 7302208
6459838594811575989 -2257616 504823 7159456
6459838637523355122 2830846 -2793515 7041568
6459838651177783126 2141464 -2133201 7635760
6459838710983502630 613272 -1316850 7026512
6459838720807813711 -301984 -3462834 7650112
6459838756159269870 987393 -2999320 7666400
6459838756439173822 1286599 1069244 7404624
6459838771725146627 -3024407 -2218811 7040416
6459838817516288152 -1525079 2135277 7118032
6459838823423273338 1630045 -2090353 7047824
6459838868673554125 -3459893 1128911 7080928
6459838915030597539 -3160589 511913 7239104
6459838925265235488 544319 1978392 7202736
6459838992775162480 -1755759 1469003 7934608
6459839007402835609 -3188538 1726369 7198000
6459839056650987438 2107660 1027480 7405136
6459839104587118909 1622604 -2730028 7125296
6459839117795889693 -2738267 -2837534 7300800
6459839169904515973 -595430 468971 7050016
-370360491802556895 -2366364 636790 7231696
-370360423431621956 -463429 1437520 7146528
-370360374240152283 -2400051 -227363 7966496
-370360204704520162 -1863280 -2630605 7260336
-370360180126194659 1629799 3525 7371040
-370360121744347711 -204943 -19017 7015648
-370360091901810324 -1015871 -3248923 7093184
-370359916023968237 2888231 -163144 7078192
-370359877379750142 2552129 -2131120 7121488
-370359871735928717 -2289479 703749 7086224
-370359795758815823 -2877188 2099059 8690416
-370359772795915948 -729153 -2682028 7427792
-370359760517510702 -1272431 1337716 7005552
-370359732919029672 401386 473643 7533568
-370359702388251434 1530457 -214395 7025008
5008361194646534983 -494320 -1977336 7426816
5008361211786940193 -2542012 -2103269 7348256
5008361244448732957 1450402 -2399470 7807616
5008361262693684127 -546561 894724 7166672
5008361271153565369 -2866612 -646520 7296208
5008361300311222958 -738765 2051380 7168400
5008361302392237762 -817806 985538 7184352
5008361358343478909 2856297 -2155964 7207504
5008361384437811644 -2072809 872989 7148064
5008361415761029546 258497 -1614406 7294576
5008361440868069420 -714134 -2311906 7289888
5008361518309026429 1313987 1617867 7106880
5008361652474728641 -115211 465867 7006912
5008361690397232514 1877974 -2918272 7025696
5008361746229632711 -1394983 -1402170 7945040
5008361787885338135 -3084003 -1404309 7189808
5008361821658323179 -3474057 -245340 7305680
5008361860283986135 -368551 130979 7495456
5008361890672655051 1317336 937125 7340544
5008361948029334100 -3495586 584878 7050496
5008361963834845020 -1312475 -2336894 7259120
5008361964420210711 -1829756 -2098018 7545792
5008361978139432194 -1439103 -2753870 7117184
5008361986990325667 1058388 101428 7583280
5008362002851546650 -2419899 2447895 7441808
-5675936454342310872 1305823 -1516211 7073472
-5675936436490733948 5248 -2063135 7131872
-5675936382479173510 -3319419 -384343 7177296
-5675936367034658049 683345 -670577 7029920
-5675936341270463589 2403304 -2520074 7147552
-5675936338810010396 1422123 -1068321 7221568
-5675936317932523234 888769 77 7104464
-5675936315142727845 -2338618 -2005977 7010656
-5675936273859306551 -1526327 488263 7078496
-5675936216813509791 -1862319 5862 7199984
-5675936204000859826 2195289 -2386790 7520416
-5675936125495097400 2065540 -3382606 7009152
-5675936063382310506 2969668 1288831 7535744
-5675936021888513702 1315380 -31509 7644512
-5675935987249530481 -2163842 -132168 7482096
-5675935925773641902 -342301 -1196886 7150144
-5675935917995030200 -2556195 1825199 7120208
-5675935884965130292 -2090169 -1287632 7108528
-5675935851561852058 -2082682 1562245 7435472
-5675935814913352689 602629 -182219 7284720
-5675935728781291173 -2582492 -269189 7282720
-5675935713978989277 -2708643 -2480862 7034048
2280100422415495725 1567693 114449 7258176
2280100423889042810 437713 -2082700 7170816
2280100447899601865 -568519 -383289 8600080
2280100451913709203 -940043 -1944699 7233184
2280100523692723536 -625195 1897748 7609104
2280100527671744132 1020407 -1895042 7020240
2280100589603911351 286417 1422589 7183744
2280100704939235035 -2474519 -2289099 7163536
2280100705493137403 1977685 274414 7146752
2280100934408033002 688992 -1652167 7172944
2280101001785052171 -3233401 446320 7055056
2280101027539662022 2102788 -3150061 7297872
2280101055959146734 -1346762 2477307 7158016
2280101069972683302 -3183910 -2880797 7433984
2280101159277240730 -1573532 -402142 7481056
2280101197174876438 2100587 -2621781 7081296
2280101234701031000 926867 -2478414 7360128
2280101235094473851 -1816993 481689 7457248
2280101259204196991 -3417019 -1748301 7795584
2280101267649896282 -113450 513493 7059856
-1251293953800311202 1396597 -1873651 7040480
-1251293880532027890 -3275981 -2302697 7212320
-1251293872397230248 542102 1464801 7619600
-1251293813685470241 -1294850 1296049 7105664
-1251293734768010306 1614951 -2625084 7229600
-1251293688501306734 1661186 -2989149 7007760
-1251293655721135829 1174673 1879013 7696912
-1251293655183482020 1005162 1164906 7015872
-1251293601314430869 1534942 -2789150 7325120
-1251293453479502727 -2863301 1505902 7106624
-1251293422921689138 -1647009 -1585287 7344176
-1251293394730142393 -1732734 -1725072 7333104
-1251293383024781299 1426526 -2222419 7462368
-1251293380978163405 -1141590 -1151399 7058288
-1251293274024043244 -102032 1919260 8165104
-1251293220384300404 -876129 2409884 7014032
-1251293197763682278 58252 -2271869 7098224
-1251293173896404582 -1713869 614231 8655424
-1251293172506745955 815402 1687167 7025792
-1251293103524646843 -263432 -1059958 7510688
6528465560506398841 -2643155 -2845929 7129056
6528465568245265162 2006872 1775740 7251152
6528465620740197408 1688340 -2671705 7076800
6528465626877257828 583024 1601099 7150672
6528465663832225265 -2115517 -1288299 7139152
6528465673325197912 255495 1636187 7079408
6528465700259638838 -992222 -447261 7499936
6528465734585153801 999913 -23572 7037152
6528465789327772715 354857 1234056 7138752
6528465807027555720 -353244 -729405 7248384
6528465838163349053 192123 917404 7014752
-5322189603231469309 -1713430 1949292 7150752
-5322189537073045381 522594 -1226512 7259440
-5322189527968538664 -1603437 -222807 7312528
-5322189523158493566 -3403150 -1555800 7021696
-5322189498532059973 1615795 125633 7061456
-5322189473314023875 -2633926 -877231 7191072
-5322189448190671713 -725026 1490168 7813696
-5322189383423853798 -2956748 1696735 7015280
-5322189344340815546 -3171145 1889396 7278176
-5322189340262664426 1040696 -810128 7328272
-5322189304891300601 -2950166 -1025144 7054320
-5322189270672846727 431826 -3053080 7407664
-5322189183179340695 2626882 -3031395 7018752
-5322189115358605304 903657 -266638 7283376
-5322189099674068321 -704313 -1614146 7122048
-5322189096154921942 -2384414 873026 7307904
-5322188998264674863 -1623849 -610635 7043840
-5322188806817608873 -3076569 -1580981 7440592
-5322188799010411722 2262415 533420 7092752
100224799182254309 2032341 -2526400 7039408
100224826065446571 -2485581 -2350733 8137264
100224938546191446 -1390159 -1669397 7199616
100224985993759127 -3059460 -1663902 7186128
100225002996316056 -1672222 316698 7124400
100225022594959992 1070173 1098566 7126080
100225025784018357 -3355821 -1628466 7429648
100225044303425593 719386 2179291 7212000
100225125903649056 -2008980 -3017899 7200192
6405150375304178016 -713813 -3336064 7722416
6405150388457852384 -2365155 -1993833 7005936
6405150421388143687 2614249 377050 7190048
6405150443152812964 270686 36931 7712864
6405150500133702695 -851971 -1714813 7549824
6405150570723809549 -2968405 374358 7213056
6405150629603863984 -2447195 -329813 7358528
6405150673993594162 -879651 1814432 7085824
6405150693235136160 -1026957 -1756431 7397504
6405150859359111222 1342780 1788854 7148464
6405150860729971623 2283443 -2176693 7545936
6405150876277835371 -632697 -335225 7099968
6405150940311495523 2447328 -543458 7551376
6405150957335670449 -196642 -236560 7079392
6405150987132453214 -1309769 -654427 7119184
6405151057641969394 -227092 -2370345 7136816
6405151072316618392 -86122 -1595996 7158272
6405151080076967358 -1575020 891665 7231872
6405151109284924825 -1710867 432276 7468896
6405151116144256066 900609 2052136 7252176
6405151128111785528 -2642227 691953 7311808
6405151195536198162 -712962 1526624 7900608
6405151242372792845 -2849199 -37986 7351344
-8935453735541260360 1910765 -2741826 7402400
-8935453706330913706 -1578795 -883415 7049904
-8935453621559324385 54850 208734 7055024
-8935453604475303650 -1783509 -256631 7098064
-8935453587458042916 -956462 -1418532 7070736
-8935453469760280251 2135088 -2284587 7131408
-8935453392314075811 2530487 990834 7751504
-8935453379089674487 2968416 -2384910 7151296
-8935453374671245938 -2982395 -1826896 7503280
-8935453332190884334 2612044 484962 7030064
-8935453319228631165 -1531726 1949869 7106432
-8935453217092834221 -2405977 1780626 7274352
-8935453160194588032 1294647 -606994 7469040
-8935453111900201144 -711235 -1962349 7160720
-8935453075785569016 -661818 1068565 7019312
-8935453025615829659 2188991 -430278 8186192
-8935452995597927489 1917227 1451933 7543712
-8935452904283568551 2767102 -2873940 8021984
-8935452865086031714 1482105 -1620020 7494400
-6903812197396021584 -3346090 -2185299 7174080
-6903812096575715088 -2543563 -1894199 7146288
-6903812072208848317 -2966342 326466 7985104
-6903812065027453384 904453 551594 7144128
-6903812037020028545 -2439131 -557247 7501584
-6903811951651422993 2345652 1800339 7368464
-6903811877377853438 2069133 -2811301 7198464
-6903811875711652402 -705137 714656 7188896
-6903811858732832908 -2807873 -2959739 7426224
-6903811852466440683 -623744 -2250740 7078736
-6903811742457806587 -3128313 2020230 7164496
-6903811692521855241 -1667316 -351445 7152720
-6903811599411914368 2529712 938131 7256032
-6903811532371958148 1585485 623301 7086432
-6903811460727470069 -383983 2066111 7346960
-6903811451091856089 -544158 -1487274 7064144
-6903811438290674519 1780372 1584328 7281296
-6903811409620304439 116521 -1417402 7086256
-6903811407125870509 -1052770 -852517 7329408
-6903811402943540598 1853102 -109449 7660016
-6903811367940856117 -1715403 433570 7262240
-1444933226949511873 -2770535 -2036651 7014576
-1444933148389333986 -917101 -2746635 7275536
-1444933148212815150 243860 487579 7198512
-1444933120245098459 230512 1296647 7098672
-1444933069464772257 -2804686 1439676 7157728
-1444933045997087104 1213248 -73414 7000176
-1444932953749878751 2123924 -1791272 7851328
-1444932915701470572 -2434391 -2700124 7040448
-1444932821845109609 2117523 503154 7448736
-1444932814389945453 1156758 -1488932 7181728
-1444932788722643632 412054 -2512452 7005872
-1444932788490235247 1445257 -256594 7144992
-1444932788035613430 1414485 -1405668 7089664
-1444932705921653177 363420 -802097 7115584
-1444932665542292412 1715503 -1301424 7075952
-1444932652965759627 -501715 1375731 7093776
-1444932651617544268 1991 1804510 7163888
-1444932649748518643 1161887 1691378 7402480
-1444932633810234798 -1946523 2193564 7200544
-1444932626126221921 2650449 821848 7001504
-1444932599431778012 1927053 -1173591 7365296
-1444932572621132235 1699804 -1831617 7537488
-1444932540243767648 2127245 -88827 7383248
-1444932487709665219 -1665858 -2537413 7639712
-1444932436440339287 914334 -2722013 7940416
-1444932353731907439 1232910 -1736420 7119648
-1444932330533266849 1886129 -489953 7166032
7411588951069109230 1076517 -955734 7276768
7411588998301439905 -2943715 2126356 7015424
7411589026684508457 1163911 -2960229 7063328
7411589062031319130 2018021 -1101653 7258704
7411589120118531465 -3084133 -780060 7018048
7411589127827434052 782096 -1707887 7596352
7411589205661161081 -581610 1705060 7044192
7411589230811219540 2945535 -1811434 7175008
7411589304943039653 -3172160 -1623635 7469936
7411589362318105136 -2627485 2065135 7438240
7411589423057555254 -2625767 1877115 7255456
7411589424805919031 -74581 -861811 7102080
7411589482781883505 -1153969 23831 7170928
7411589484011511530 -1835883 2262198 7204912
7411589530591693663 -1976735 -886888 7218912
7411589542587961511 2344765 -2290559 7382176
7411589591647300854 617116 -2729306 7472736
7411589653107131419 -151449 -2723586 7171888
7411589693377908809 765110 -1949961 7137440
7411589708827665538 -2758015 -2389130 7266256
7411589716487630152 1155583 -381232 7194080
7411589719663156293 1810862 -2298374 7211392
7411589722959411343 -785397 1820038 7173808
7411589733603884026 -2809023 670550 7105680
7411589744795696533 162713 -3180741 7618880
-5584982280896619406 852451 402846 7302032
-5584982268965901235 2068368 1599843 7637760
-5584982246166926741 2193512 332985 7217696
-5584982190481823139 -1982229 -287286 7014784
-5584982122872157804 -466060 -1734769 7184432
-5584982116559764003 -386615 -828718 7094704
-5584982108744643577 -184532 1659197 7583584
-5584982011501120427 -3213892 2135227 7010544
-5584981983092460301 -731199 590261 7078176
-5584981907121064056 -775546 -2429094 7183712
-5584981837639704845 84972 158196 7014944
-5584981828825210045 781396 -267710 7070640
-5584981824126411878 -788022 1148236 7599568
-5584981784377223795 -2241272 -3080350 7212224
-5584981729684262682 -3319602 -3089934 7629744
-5584981684900263360 -1933492 1216396 7295376
-5584981672104293646 2371607 356526 7092016
-5584981570269342866 2443743 -362624 7071376
-5584981554582479465 -1953403 -2883675 7035456
-5584981413289435098 -390051 -2312080 7005328
-5584981408615528664 -366295 -3009713 7358192
-5584981338623689353 145719 -1696949 7400704
-5584981336398488346 -2798572 -2154825 7772832
2139358252440049556 -3023341 908987 7392864
2139358268898838680 1911216 -1591194 7187824
2139358279442944668 1590765 -364420 7601936
2139358306423815328 -551720 2156639 7370112
2139358315462634812 -2558591 -2494329 7256448
2139358319424429178 1376013 1243047 7107136
2139358354837683268 2339219 -835740 7347632
2139358374769957585 -1672834 24326 7446832
2139358415069079502 -1646551 -905037 7211648
2139358427087746946 136542 1676430 7494912
2139358432261876101 1791775 718791 7140528
2139358462495990220 1547097 2044881 8418544
2139358505609189698 493968 -2382116 7736064
2139358519995757960 1397655 -2358392 7350464
2139358619771434734 2579546 -1944090 7324448
2139358630596661286 907495 -2027047 7263888
2139358639699491709 -975367 17395 7350768
2139358650837049078 -1227762 510552 7167824
2139358659745654367 1291932 -973580 7316272
2139358676187199839 -2304126 -3334894 7133360
2139358679400472027 -2738708 1572303 7783264
2139358737680614189 -3214655 1933189 7021376
2139358774265152573 1350448 227323 7019024
2139358777816291118 -1508014 2183219 7211664
2139358831915629718 2035541 -1834428 7037440
2139358903330991291 1833917 -1935155 7535104
2139358909475220719 2398914 144478 7256048
2139358945624483275 -1970248 -294525 8055744
2139358966525984728 -3421825 -1220349 7041264
2139358981769984878 -2241574 -3522447 7444528
2139359002832723602 1515571 -3022395 7135632
2139359015111737637 -2149939 -2426205 7084528
2139359034883701316 1602807 -1162009 7095904
2139359129307109082 -13848 934100 7166016
2139359235970391680 -1059912 -1905417 7309024
980122638293548068 1348702 -2274536 7027360
980122647651378843 71401 510998 7063536
980122731293032631 -822768 399881 7055824
980122753371135068 1862837 1765466 7285584
980122844523057388 -2659949 -2022904 7009216
980122859138605988 -1613007 -1057084 7456384
980122892986606819 -675660 -2687019 7015216
980122895658140904 2185072 -1638998 7015344
980122938963526771 -2040162 -413905 7371680
980122942843614950 1256650 150710 7281840
980122978628914502 -3035202 758526 7078512
980123010442997802 -853414 1451816 7062208
980123037118355762 -3326228 -1414720 7486096
980123047807942053 -1655516 -1366872 7157968
980123175062003083 -958957 2227365 7627152
980123182839532077 1220102 1107638 7349504
980123268846097989 -2957725 649819 7502160
980123269982797631 -1952511 1492940 7051968
980123343581039610 -2087100 158432 7148400
980123349322890787 1955465 -475209 7267040
980123379515316838 -3044400 776303 7087216
980123405811114995 1828974 -502867 7129776
980123445306409332 2569463 -217215 7245728
980123464932915260 2196764 -3377463 7053504
4865406357360078802 -1286599 -3148687 7148736
4865406406020957888 1229460 -3373626 7049232
4865406459167111566 -1453574 -3105579 7116832
4865406473377750786 1038779 -541069 7437904
4865406621060004589 -443602 -2988523 7183088
4865406665112127312 1780175 961428 7029504
4865406682220231348 -2580470 1545861 7129776
-6111485253528106383 -2660325 -2743335 7243424
-6111485237757849785 -2940964 -1355083 7503184
-6111485110784605770 -2076422 1635579 7133696
-6111485066247686729 -2236719 -290846 7079584
-6111485056897801523 2276772 668889 7750288
-6111485039464189261 -1042874 842163 7192784
-6111485033286805882 -499520 -2975863 7179152
-5042957770870627898 -1490614 -1900212 7227696
-5042957595551587882 2409498 -1226844 7098016
-5042957587331168492 -1273542 -274101 7281952
-5042957544127071336 -1261952 -2044496 7197856
-5042957482625890688 1210694 -1974088 7978560
-5042957461838953868 -1205935 -2005788 7215120
-5042957391066438248 2852931 -1591040 7007328
-5042957267959913923 2705187 1782897 7257920
-5042957223994997127 1512631 -2433506 7487152
-5042957212208285735 -1848781 -350997 7046976
-5042957123678112273 -1856374 809602 7216720
-5042957094613568179 -3137420 -1215617 7427984
-5042957093426764849 -993643 -507526 7000592
-5042957038071750532 -1842641 -1132913 7220752
-5042957015098820924 2263262 -2857406 7001744
-5042956944363542181 -443458 697080 7439168
-5042956883338803066 2710982 -1231552 7553952
-5042956854043000176 -2635782 200331 7010496
-5042956765934065391 -593601 -1344641 7816448
-5042956765020667812 1307927 -2207638 7092336
-5042956741384864779 -1045323 -1105099 7029232
-5042956715323599156 -1807285 -2457767 7142448
-5042956682994480422 -1570563 813045 7094624
-5042956648400515996 115384 -2194086 8195728
-5042956632769609112 1303812 -2758519 7060624
-5042956631161329125 304600 1829197 7329216
-5042956622103138442 -1466649 -1445558 7457952
-5042956600336535093 -1721815 -387385 7981728
-5042956561401864278 -1093464 908154 7236896
-5042956546943491470 382008 1037058 7238304
-3046582328290319499 -2810018 -917693 7184320
-3046582318511461532 397431 -296955 7341792
-3046582162544830639 -972117 -1276311 7034160
-3046582105383842967 1232859 1681570 7814208
-3046582067299167367 -31250 151490 7207872
-3046582005825462510 -5213 -507424 7501872
-3046581970919838410 1625474 -1980587 7053376
-3046581949006868147 1682955 -1587171 7473728
-3046581895956691555 396601 -2815335 7577168
-3046581793040889759 -2541743 2390584 7074848
-3046581720529543549 -2690356 -3273496 7541904
-3046581687578064677 2636086 -1519719 7536608
-3046581655963089973 2089072 -3090564 7477872
-3046581528331914631 -1297120 -235032 8101216
-3046581438861963855 689314 -3534257 7004128
-3046581437006862814 -1146101 185165 7325600
-3046581433631202800 -2321702 72561 7320752
-3046581423249737796 -3168515 -1127271 7283664
-3046581367959200614 1945193 1836934 7580848
-3046581346895855916 211682 -85962 7710896
-3046581341999759003 -512817 1568888 7127712
-3046581309398865882 2808391 1665517 7001200
-3046581292540489683 -2249194 -1570311 7073184
-5873856909896730047 -3038182 -3017459 7643280
-5873856864521280080 -3501773 2142852 7014384
-5873856861925554664 -2455299 1632015 7500672
-5873856851933561339 2026333 276554 7017456
-5873856754886208760 2815200 -1046186 7207936
-5873856742872218035 -43381 1463447 7102416
-5873856718423057408 -407970 -3099068 7200736
-5873856714098761142 1730737 792373 7183664
-5873856697378460623 2429067 -2112694 7048048
-5873856688235492560 -46459 440644 7819552
-5873856663760474015 912225 -2507002 7505312
-5873856584764888548 2203720 100306 7275040
-5873856486239765019 -1676701 -81580 7208208
-5873856483145316053 -694034 1039481 7560720
-5873856479509625385 -2932512 -930008 7412320
-5873856445939673003 1777681 -705569 7130240
-5873856437918941385 557488 551356 7485152
-5873856410902376646 -417573 -655295 7400016
-5873856369233132970 -3285633 -1434178 7321792
-5873856333381394572 2985891 -1108483 7111568
-5873856305315244189 1116264 -3183856 7544384
-5873856221685356653 1849328 -2346281 7017984
-5873856188369071771 -222473 -10230 7045584
-5873856178985860450 -1050328 -1586874 7113312
-5873856146940800356 -906421 1465497 7577504
-5873856081232471129 -2099569 1491778 7197344
-5873856049566134127 -548006 150939 7181584
-5873856003624283120 2380821 -1518174 7048416
-5873855937057961481 -3380470 -3202454 7044784
-5873855935372726198 1657277 1703521 7023584
-5873855927598758375 2267024 -843922 7234528
-5873855890228903117 -1573873 -587010 7057568
-5873855888862603096 -2411455 1458391 7045808
-5873855847765369342 2270380 1341235 7189392
-5873855789943419105 4263 -1509236 8113312
-5873855769402431342 -3054664 1216586 7575952
-1492470579407458323 879662 -2402688 7864768
-1492470523311791044 -895441 -1598336 7014096
-1492470495478637364 1786432 1685915 7156992
-1492470436493276934 1126473 -2039414 7135408
-1492470396497106016 -2605071 1740654 7145520
-1492470370483828728 -960796 726260 7463808
-1492470349565754304 2539501 -889804 7559072
-1492470338213303804 -109404 1519507 7887088
-1492470328682209507 -3448041 -1944763 7072096
-1492470327336473366 -2602976 1783801 7014880
-1492470295397596619 -922785 -897667 7192544
-1492470085059261170 -3188275 260762 7165664
-1492469982699262731 -1727819 1715890 7128032
-1492469893525749176 1229366 1708111 7149968
-1492469889369918984 189410 -2230352 7223536
-1492469730721542852 241108 -1126226 7496784
-1492469660566600093 -334003 114406 7223008
-1492469657622563305 -2556438 636142 7183248
-1492469639100434672 -943758 510455 7197344
-1492469590136026262 -2137675 -377071 7017584
-1492469562731047809 1012841 885930 7174816
-1492469483110626802 -2188324 -3277879 7760240
-1492469412967289151 2222834 1534688 7123680
4253713569451000994 402284 1869259 7050672
4253713660652416649 1558433 -2264802 7560816
4253713690826921346 1673351 780219 7643600
4253713719796277100 -770556 -2498542 7095456
4253713727256627507 2102786 1030576 8446256
4253713747423556570 777844 -1897863 7188832
4253713805365499352 1936936 1425732 7107040
4253713948220624834 -986346 2231224 7013008
4253713954395745569 2586391 1466707 8159072
4253713958239587658 -1224729 -3324698 7363488
4253714028598618084 -327005 -1649686 7423600
4253714036937281652 -1029704 1106692 7043072
4253714055991842519 -2587055 825302 7572560
4253714079006104927 1452491 1321785 7680640
4253714110378678005 3014964 -2050909 7024576
4253714138017885885 581380 2031684 7151872
4253714209453337168 272141 -885871 7296752
4253714219428690091 -2892989 -1598291 7167664
4253714220757734032 -1075916 -1409087 7301840
4253714230921361597 973059 1162550 7231120
4253714235476860213 -1725137 -1863440 7068160
4253714261252021734 2971431 -2279054 7112112
4253714310269639003 -764719 1744574 7002960
4253714360537560659 -1656459 -286585 7003376
4253714389782340339 2029000 -2197485 7210272
4253714412562339970 613091 -1367578 7031168
4253714442881129660 2685500 -805499 7164816
4253714445373847496 2033500 -1656411 7404624
4253714466310859252 1488001 -2366812 7120032
4253714486812676148 -836634 -2581643 7347440
4253714567034457093 836572 -1577628 7937008
4253714683342316301 -723900 -43042 7263632
4253714724978457669 -388590 1002885 7130688
2914517071588377081 1452353 -2972957 7100912
2914517126718020023 5287 -1524562 7303648
2914517226194309407 1343404 -1214142 7128400
2914517244069984044 -1134396 1682262 7279696
2914517255124981180 1797925 -2395368 7282432
2914517259456129268 -1621205 -644902 7993056
2914517276453610934 -1637738 -2165309 7613488
2914517293584848406 1575243 557085 7032112
2914517298089559719 -2584780 -2634783 7108272
2914517360744140366 -2619538 -93873 7219200
2914517373800318004 -395269 -1500528 7220672
2914517383220091712 -2543974 940628 7224720
2914517397453980597 -3275735 -1353920 7387696
2914517418301970619 -2328243 750097 7569248
2914517434037556749 752257 -742692 7046288
2914517434375534148 -944635 -1990963 7515504
2914517562141097979 -3245105 1183942 7126000
2914517596552409822 1056264 566538 7397648
2914517658229453551 -480739 -473705 7078576
2914517677883163428 2311593 -3100736 7643904
2914517682256748947 1048569 -211930 7170288
2914517751475881655 1279692 -3572233 7162192
2914517779292508994 -2147796 -1896142 7021664
2914517830385669959 2682029 -2898729 7114208
2914517906187983392 -1919510 -2214518 7173536
2914517907531462071 2509845 -307141 7478768
2914517914959416396 1819461 -715114 7454240
2914517997007233061 -2678182 2140364 7628512
2914518093434843413 2516439 -221560 7321312
2914518103587439664 -177086 -1653332 7114928
2914518182886229359 1135036 -1646412 7089552
2914518210677074032 2737513 -2999701 7006128
2914518214487350440 2578381 744713 7191792
6343269027616535733 -3397363 -2637012 7027872
6343269084921337576 849554 892415 7266272
6343269100251080449 2751529 -1425679 7288448
6343269113423424341 2165970 1740175 7032576
6343269116777219771 224623 -1600156 7911456
6343269171107566145 -1950547 -1201736 7231776
6343269178012628870 -239492 1971079 7443024
6343269321946188203 -2021587 1009871 7036304
6343269354704053012 784043 -239507 7329392
6343269377505526247 741908 -898760 7343152
6343269392535851588 342098 -1043145 7712128
6343269417893027409 2254241 217578 7042784
6343269442538859952 266817 -1136395 7624288
6343269492307918815 44652 -1978450 7032032
6343269513629441829 2758232 -1319924 7046032
6343269516701754878 -863270 -254713 7132560
6343269530108685480 -1332904 425262 7073920
6343269536881063924 144660 -1401577 7024624
6343269571157548497 2088769 -338216 7088752
6343269576905852285 5640 -928219 7217632
6343269603586371829 -1942488 1898600 7417184
6343269674207582220 1846541 349456 7545728
6343269748968075170 125573 1119924 7545648
6343269780412165204 -433382 1687121 7528976
6343269793403824783 -879631 -1805417 7326000
6343269794709515207 -860910 -211772 7055472
6343269821689711549 -466279 1100635 7108384
6343269822681204579 -2579296 1140738 7603056
6343269915215789022 1475678 -846415 7070640
6146029588002268068 1988664 -1124994 7006288
6146029612244524491 1351124 -603143 7081488
6146029654301046051 -2021493 1175319 7324912
6146029724352471428 1127867 -1455825 7109328
6146029731623978225 -1915232 -2017963 7032368
6146029752517243676 -1821526 356901 7131296
6146029832072164044 -2021739 2445675 7165472
6146029853947166673 1555030 1248971 7039488
6146029893270374586 -12914 -2650115 7634592
6146029904864616634 -159787 -1573183 7608784
6146029935879540866 268170 -2289717 7185952
6146030050665389659 -1045300 1500936 7016608
6146030067437806780 2507193 -3028798 7022640
6146030067800844643 2241275 519277 7056160
6146030068602789294 -195301 1481352 7189392
6146030087949143962 -1782502 2437194 7100432
6146030279771959461 -2109909 -2052908 7022336
6146030295657664481 601720 -2015184 7179392
6146030504953410628 -709706 -2656797 7105040
6146030554875027893 -3342718 778667 7040800
6146030570950224187 1186088 1037261 7193648
6146030571982662544 -2065917 -2169950 7353440
6146030657298309264 -2802379 583062 7187536
6146030757720974053 1530471 -190570 7630224
6146030798433575315 1573767 -269481 7696880
6146030798529836485 -748363 2237320 7270176
-391696022147913436 1764907 -1238647 7427664
-391696010391311910 -2001889 -1833532 7182800
-391695995677083367 -17104 286376 7012224
-391695937528278733 1462153 1360866 7026384
-391695888379129278 -1751902 -2260039 7538080
-391695845373075864 1558330 -1953868 7289168
-391695833045784305 -2583892 794540 7274224
-391695830705982676 83144 -671498 7130384
-391695803100249088 -872509 926026 7114656
-391695797317215011 -1517369 160825 7053888
-391695785740817310 1311590 87460 7080400
-391695768128847018 -1669902 -969068 7339536
-391695704103531315 -2241470 -2749997 7252992
-391695670581260191 529497 -515087 7234400
-391695601802148081 -3169910 -1535990 7291936
-391695522368825087 -3073984 1964029 7173392
-391695487866708091 -3137287 -195496 7129792
-391695132895222253 -2284741 -2013633 7421328
-391695112451494632 2129465 -1582944 8174688
-444409247291128215 -1266259 -2988255 7305104
-444409192970515791 -1588666 2028633 7153024
-444409131532574922 -2048910 -1577005 7155632
-444409088592304507 -1236128 2060293 7131536
-444409038382529726 -2085265 919921 7243040
-444409026715495446 452989 -1748095 8332000
-444408982081498683 -1752592 -2739835 7164576
-444408955477209000 2196163 1545365 7094000
-444408879074603996 1555714 907336 7381088
-444408842267414523 2129450 -1413588 7140448
-444408839888921335 -140455 -1252080 7211232
-444408819358992304 -535447 -282994 7224992
-444408796018233573 904409 -2471735 7110784
-444408764959462563 -657938 -2819694 7114128
-444408763087012918 1756921 -2238377 7000720
-444408751821447751 2975545 1886780 7317536
-444408720321895468 1707316 194607 7597184
-444408643358100494 1938910 -392091 7223584
-444408616970357594 -3013962 -2555285 7338640
-444408600172724609 374137 -1327300 7219472
-444408508864106291 -1939702 -2977432 7429056
-444408488803304110 956783 -1253671 7488032
-444408484532517652 2187096 683679 7580784
-444408421593496816 -2003767 -2138943 7004544
-444408401138251737 -1115341 1338977 7268992
-444408220822890744 -998284 2000896 7582336
-444408215426788724 -3023552 1484923 7081776
-444408184655236992 -1484988 891414 7447504
-444408107619362284 66682 -219710 7006000
-444408055102054548 -1276948 1833693 7171808
-444408050380148340 2012909 -1322119 7245696
6924333375849364737 1496133 1021844 7359360
6924333423678911080 463186 -3049142 7174768
6924333458320717844 -2979837 -452746 7311296
6924333549730177628 1328799 61541 7159712
6924333657654737749 548294 -978734 7006432
6924333675699706909 -561017 1130855 7209552
6924333715099802004 1914680 -472263 7703040
6924333736380759817 2351191 1268721 7006624
6924333788026122410 1417197 -199493 8333152
6924333828216918389 -2872297 2255820 7318000
6924333873030152648 2250327 -1787247 7313584
6924333911835596572 -3155118 -446177 7209616
6924333914324209635 1870011 -2553106 7108544
6924333922286021587 -1254336 2197720 7338208
6924334032705276135 -2172634 1898957 7033488
6924334046619877981 -2423017 -2890867 7303968
6924334065127542057 2772290 -2868355 7630400
6924334095289118166 -2207233 -730998 7084736
6924334112005045647 1208209 -1701267 8030256
6924334158880785799 815098 -2688428 7058480
6924334183506907217 638714 1508684 7745728
6924334206630766644 2352931 -1073658 7117584
6924334335571590410 -1442609 2216998 7558848
6924334345204436371 3029917 697546 7640656
6924334370136999258 -1912770 2166423 7188000
6924334480703955411 -2945785 -1749719 7229280
2411278360692632405 2634180 -1489615 7078144
2411278415175154988 1044941 -2222464 7507504
2411278577974131673 -1143579 1623848 7298192
2411278641513947301 1577297 -2281295 7044432
2411278783160903369 -3165337 -1510369 7240016
2411278791644885158 1439857 -2335187 7759056
2411278853974904975 -1468211 556704 7092656
2411278877216640185 959912 -214091 7340816
2411278899411168737 2032861 1789126 7026208
2411278904385255737 -1641647 -634969 7108336
2411278933585563683 -1488926 -2145203 7142656
2411278979230068078 1598763 -553486 7039568
2411279098787919559 501167 -112129 7253072
2411279123892114552 499337 862221 7326864
2411279152686466259 -2862188 64043 7572704
2411279236480527067 -50421 2129083 7378656
2411279266356774955 1184949 -2657608 7353792
2411279302343373005 2097026 -1323004 7472288
2411279372983644294 -241284 -1097340 7029392
2411279484299605222 -2979311 2300885 7110704
2411279491215550278 1851141 -754983 7408352
2411279515413880561 -2153224 1656107 7179488
9220351927666740106 -210082 370830 7349440
9220352072019737798 748144 -3236848 7722528
9220352084021852009 1415406 491290 7217600
9220352329256437499 -660647 -841890 7187424
9220352342340427420 -398439 2246141 7331680
9220352344666042215 -1723369 451531 7058464
9220352371151042426 423768 -3147994 7008640
9220352394864097556 -1089518 -3212001 7181520
9220352402559640885 1175632 -1854478 7176688
9220352497088443002 1780527 -2377762 7110496
9220352548029527531 -486724 491477 7009088
9220352555875491146 1087358 658035 7689744
9220352688210349312 -2138054 118728 7064832
9220352692383472105 811665 -1589365 7773664
9220352811695609369 2617760 -2569076 7278000
9220352815272095892 -610264 2577063 7205904
9220352833706099313 -1445960 -274661 7272304
9220352875540036515 1284981 -949473 7142144
9220352920661909428 -2089796 1681837 7502112
9220352928240040940 -2371175 2272995 7111728
9220352948012913558 -2599980 -985974 7128368
9220352965081162483 -121979 -2865690 7165328
9220353046262454942 -1206285 1924512 7141472
9220353061000751646 1805471 420388 7215568
9220353094744117832 -1136166 -1169460 7275696
-1286778919304424943 -429730 -1635074 7007424
-1286778828570572760 -3084855 74039 7442288
-1286778828564011839 758799 686496 7889536
-1286778792797262653 2178436 -2786204 7337408
-1286778757082172451 2626842 1878461 7089232
-1286778663621529170 1427582 -2163039 7092688
-1286778661899096101 2455944 -165106 7413488
-1286778634356768224 -1348166 -2567437 7125472
-1286778629415853750 1435015 -1062154 7048336
-1286778598267085561 -500557 790729 7332800
-1286778532675098253 765696 -1651154 7213136
-1286778459056180346 -77749 543281 7213216
-1286778419950849155 1507840 -514809 7122032
-1286778412531049743 -344253 -1448125 7312512
-1286778384321103495 -1058506 -824883 7259536
-1286778381482508095 714960 -2069572 7151296
-1286778354463248108 -1374337 1375136 7031824
-1286778227734686975 954499 -508336 7084384
-1286778208684230779 -2619344 449598 7912016
-1286778138592864608 -650031 -220728 7031632
-1286778116147177419 2803033 -485300 7316480
-1286778098848121739 1984422 1071411 7116448
-1286778063433898443 -2018460 1921245 7270096
-1286778061714496617 -2712552 -2576636 7568608
-1286778056638510970 -234515 2183412 7669520
-1286778053708992887 -2538047 -1218093 7255152
-1286778042609520795 -2720616 -2044983 7078704
-1286778020400779588 -212261 -1055550 7114192
-1286777919187070874 -3422745 -1609324 7081792
-1286777878080152609 -1893789 710132 7174672
-1286777873199716273 2435273 -2082077 7006144
-1286777853469793474 293598 507604 7565344
-1286777845322345914 2020360 454162 7222768
-1286777784692330254 -854895 807701 7235184
-1286777775509175971 1762163 20742 7342240
-1525812438896649142 361034 -2431357 8288288
-1525812434747301773 -720443 1655975 7178640
-1525812402634824359 -748195 1019784 7104400
-1525812370682618745 -828158 958314 7072640
-1525812346749101126 -1279057 -594013 7020768
-1525812334337854631 1970272 -1142122 7215792
-1525812326565116241 -383858 -2584331 7364320
-1525812261814920468 933614 -512681 7625328
-1525812185657616918 -1634848 156480 7415744
-1525812142548858813 -3232325 -1873309 7394736
-1525812132083456822 -2181651 -1903237 7282000
-1525812128604673124 -386384 -3161166 7325952
-1525812075906738017 -361287 401002 7163968
-1525812002852698996 -2058491 -3249772 8213728
-1525811953002371283 446340 1388619 7192912
-1525811949480345157 1806676 -129728 7634144
-1525811861136388286 -2411862 -2597012 7429968
-1525811821352141245 -1482422 -555007 7271472
-1525811784255589331 -2083088 -1042638 7181728
-1525811776852218266 -580299 -1640034 7427856
-1525811617615227579 -2565226 -3291832 7283408
-1525811595488130662 109312 1202195 7085392
-1525811591862925449 -1013854 -3426788 7252032
-1525811527008280165 2119938 -108208 7011392
-1525811358975810934 1981541 -2374576 7101872
-1525811351103521307 2615075 -2512093 7369744
-1525811335622136344 -1865065 -237778 7098464
-1525811306846106107 294636 1497703 7260464
-1525811282690606994 3045576 -2533398 7149776
3996650313728699981 -2807938 87028 8275232
3996650471095441059 -1141532 -3088088 7438272
3996650504500784441 573541 1046792 7095520
3996650608683639068 772228 -3292284 7036912
3996650693108338504 -2812364 -2192977 7387584
3996650723763108927 642130 -2993539 7352880
3996650725636412427 -3337725 2181177 7508000
3996650796569449136 -2119645 -835342 7145360
3996650982509942547 1283716 -1610398 7035968
3996651090044099455 -707396 -1640529 7307408
3996651109496949988 714918 -1298461 7281200
3996651149373140787 662558 -1310129 7055216
3996651207853555538 -1934841 -1417783 7062496
3996651246914145762 1388175 -1443735 7244944
3996651253372592048 -956133 -3325225 7642048
3996651318539502431 -2722241 -832564 7546448
3996651326864027110 -2962799 -2955352 7179728
6589199902170482362 -1628711 279590 7168640
6589199906583202873 -258556 -480742 7204496
6589199969648250603 933787 -84842 7027024
6589199987457406013 2743351 -750690 7639712
6589200034637623807 740188 -1875764 7214768
6589200040969141826 -2535164 -2849225 7268032
6589200063595397932 2025488 -2185557 7085648
6589200093669231163 -1027332 -3172792 7005952
6589200126559415205 -1484487 713472 7280016
6589200155063687979 388316 -1141066 7016496
6589200248810468772 1319733 -44796 7638848
6589200280633859621 -465387 -2356886 7082576
6589200299295472340 -3199540 1810490 7258432
6589200311885789185 -2304295 -1545566 7069520
6589200318497511356 1998530 -2850615 7115568
6589200335263089312 2323644 -990010 7596816
6589200371553665421 -1752806 -582551 7250736
6589200403076561836 1636394 1509752 7047232
6589200462805364367 2116330 66857 7267936
6589200468896453186 -2539652 -505680 7485312
6589200483255298341 -160857 2019409 7143936
6589200630251704707 2018239 -454126 7314512
6589200737470650258 325009 411938 7144736
6589200765754273444 -486323 -3086404 7022448
6589200765831838949 96690 -751274 7340320
6589200766254600163 -3229382 1762590 7359168
6589200773029065820 2269311 -1972162 7506080
6589200815053436142 206191 -1482618 7018256
6589200829819274540 -2317016 -3000745 7223072
6589200880721684099 1525801 1440684 7146112
6589200885104787000 2027749 619866 7040640
6589200905615217772 87257 -239841 7082912
6589200963929763445 -1024528 435847 7460944
6589200985653765854 -1283786 -299933 7009728
6589201035171519218 2889836 1794741 7852912
-6091802924922748021 -2922842 -207985 7235728
-6091802890584176903 2175428 -408021 7048160
-6091802870885696269 -1356037 1310385 8092784
-6091802847355264819 2278745 -3526639 7054688
-6091802825830283942 -85429 746975 7053472
-6091802803377310718 1351717 -32821 7062000
-6091802796366951410 379916 60254 7160512
-6091802794538696911 -199259 -19244 7448112
-6091802753890195350 601442 -1884447 7154288
-6091802742769992618 -1654737 90744 7240176
-6091802678788385115 -1306012 -1987616 7371536
-6091802602815883564 -1913170 -1738063 7574848
-6091802591745207307 2391088 -2042981 7074848
-6091802334636272432 -1025238 2194838 7012256
-6091802318388385458 2823340 -2552281 7011456
-1705079247838756504 1397010 954135 7046112
-1705079236077775456 903590 1051749 7317936
-1705079208357470685 867859 -1761911 7571776
-5923423075536539538 862077 880323 7157712
-5923423026160859135 1368314 -2839168 7269296
-5923422996892571011 -1049304 -656991 7047136
-5923422971398400461 -1805384 -467112 7342624
-5923422894468410098 -481256 -1657302 7096928
-5923422857482002935 954014 -298794 7162960
-5923422853544012066 496316 -223686 7002976
-5923422839527285438 2873735 -2073117 7299984
-5923422827591446278 957365 393412 7215264
-5923422824364185068 432545 1552463 7654256
-5923422740085212119 1134288 -602763 7613616
4546063415276191559 -1956897 -1850201 7185856
4546063436285700507 -121201 1234040 7260784
4546063489885052674 -2127090 -1651096 7794288
4546063590676806265 922899 -130538 7489664
4546063706954176764 1602861 -998531 7231808
4546063767337029833 -1369029 -1604348 7473936
4546063771188665029 637068 -2810714 7056192
727531133416814588 1402983 -189161 7493008
727531200470938598 -1221694 -982672 7423408
727531289261380880 -1503937 -613250 7069952
727531382242626656 -900086 -1811331 7135920
727531404851081632 -3114566 1968511 7496240
727531412044935795 -2610771 -2933756 7150576
727531460619101894 434552 545664 7090352
-3667844379108131218 -2715823 305389 7154240
-3667844232858506322 2511631 -3153532 7277440
-3667844181874476207 1190026 -196486 7077328
-3667844174898156498 1377086 -1525649 7476128
-3667844123339211553 -2592026 -96260 7070640
-3667844089519450914 858223 1513717 7633152
6502160461252592589 151581 -2799144 7450832
6502160469449700743 -990518 -1659400 7265648
6502160533581149226 3080536 -2417099 7479920
6502160544572608160 1827178 -832379 7118928
6502160611248853645 -2817266 -1268796 7023312
6502160646937355535 -2649327 491744 7154224
6502160672027524918 2349505 254935 7125664
6502160676346801818 2043025 1555105 7532432
6502160713521368845 1052100 1757503 7186224
6502160754901574573 1545950 551351 7137488
6502160770588533203 -1190959 2319800 7676336
6502160824775594019 -2243233 -2339389 7177696
5144426494252417635 -3298434 -1228146 7047440
5144426586068466374 -1304847 -1291341 7005616
5144426596560711666 1969725 214561 7328288
5144426626300801464 -3203316 -2032855 7095984
5144426631729119383 -3019320 943366 8462064
5144426711960535513 -170040 -1086950 7005440
5144426716761102393 -9963 651376 8059504
5144426741094263631 -2685629 -2713702 7157776
5144426795997990291 -3425276 -2974511 7684800
5144426798741446023 -2604040 -1206691 7286848
4733695094146377470 2629155 -1398445 7559136
4733695097514680683 -3182130 -2800174 7414368
4733695135219710041 626716 -489099 7017088
4733695156593818354 -2645971 -1775651 7056384
4733695187191689860 -1729733 -243480 7161088
4733695235873566815 -1869077 1597537 7017824
4733695249766892236 -536010 -3098565 7015968
4733695303936413740 -1724152 -320980 7151296
4733695392141174382 839319 20439 7059296
4733695411225051035 -1089909 -1854379 7002352
4733695413566158007 -2030149 -413294 7018624
4733695421320454309 721890 1316627 7871056
4733695429704066990 1848463 -3220960 7071840
-3122634839798003023 -1899701 -2771453 7034928
-3122634789831282358 593950 -523345 7851408
-3122634748430505368 233507 1522294 7076912
-3122634713785425323 -878871 1934116 7217104
-3122634643921000967 1425892 -551154 7182992
-3122634639333680977 -624670 -3348104 7371728
-3122634615807020198 -2547783 2248228 7052784
-3122634607256369390 -440367 256864 7498704
-3122634553929564204 -2129034 -2540433 7153952
-3122634540901402736 -1113408 -2758278 7392656
-3122634480476864032 1740979 -1126643 7000688
-3122634432113397897 918666 760556 7076960
-3122634352952995189 367667 -1974362 7605328
-3122634283235223516 -2859112 -2843358 7022256
-3122634192138838164 437912 2435424 7898112
-3122634191877984793 1013375 1069632 7491488
-3122634174107436703 -2863054 -2595845 7520352
-3122634167557003261 -2592893 -1713015 7345408
-3122634135536398325 -3062727 2464314 7032768
-3122634101710341159 -941242 341019 8078192
-3122634031412781316 119855 -3538097 7625120
-3122633981231473125 -1076448 -2959871 7069648
-3122633957350419150 889030 -3072774 7082544
-3122633897812500823 -2276182 1672274 7688192
-3122633866800218114 -829698 -1647298 7365776
-3122633854466484786 1820333 -2931061 7019136
-3122633744792371029 -876729 575904 7283552
-1181466212632543461 -254403 -1421409 7118464
-1181466156687172752 -94492 2140585 7043488
-1181466132370949427 861710 -2571747 8004896
-1181466105156893349 -2368449 -2764361 7015664
-1181466099903594219 2495690 -54817 7026512
-1181466054673542813 -2330716 -3161073 7319776
-1181466015100627911 -1674039 -1750002 7231728
-1181465971734999351 1232562 -2370300 7041776
-1181465946513691363 285230 -1305025 7251392
-1181465925098039832 2474052 1393799 7311424
-1181465852666182780 2319095 -2531843 7349504
-1181465834257578088 -2967794 -2571576 7065648
-1181465827457507826 -1858361 -2881714 7004416
-1181465743753145374 -1862357 -1382488 7073152
-1181465616805248402 -473856 1159514 7138656
-1181465605130350517 -1346088 -1819276 7325232
-1181465604070081459 2179230 -1856547 7234608
-1181465532925456034 261843 -1692391 7772656
-1181465525611416212 2620136 1538678 7133664
-1181465524737184340 -185014 -3371254 8199232
-1181465467576218917 -2780041 -2004835 7082240
-1181465414414419828 -714507 -2947957 7285744
-1181465411983033258 2180039 -583186 7097888
-1181465357045432075 1047912 -2758538 7068912
-1181465329339939431 2248862 -1469727 7279440
-1181465241422488092 -1340532 129737 7031504
-1181465082377079332 2152206 -2422508 7005808
1753581287107681811 2389856 710501 7108672
1753581349607061217 645439 -1192207 7035040
1753581430413629791 -1795033 -1457457 7388560
1753581463143291153 -2082058 -2964232 7313392
1753581473451983888 -1946152 -2595010 7020720
1753581475558364121 -987275 -3090882 7847904
1753581488608649555 -2253355 -1814663 7178304
1753581493394486265 -3358663 -454368 7167584
1753581541457387050 -2137276 1532053 7085504
1753581599090237307 2485659 1592015 7439456
1753581663070126357 -1217478 -1183286 7964848
1753581694009083599 1763796 -3523678 7060192
1753581764781604016 200926 -303179 7106336
1753581822077365875 -567448 85448 7334960
1753582020165489683 -2513081 -1664748 7195168
1753582065492244771 -722833 -2403914 7005440
1753582101289309531 2359313 -2873501 7436144
1753582287048718717 -706803 -2287422 7196752
1753582321177512259 2098985 -1535760 7317680
1753582371890899262 -952151 2416643 7127552
1753582383878440944 -1840125 848966 7247120
5343219202726012990 -2796871 1121550 7294304
5343219203703237306 144512 -1820599 7405136
5343219245613750282 1247441 -923450 7131920
5343219249333341013 -686426 -1390307 7472208
5343219253281443500 -2391437 -948737 7270992
5343219278363877988 -3167358 2177508 7279728
5343219311583850137 -2996707 -1388048 7094832
5343219350817156670 1849866 1163938 8221360
5343219372157255560 933919 -982981 7117360
5343219383151806190 -1479964 -1725219 7463280
5343219508193611793 -829282 1245190 7325312
5343219517557578627 756734 -693098 7263520
5343219541427178420 -2369741 2078185 7210144
5343219571117035604 -2511159 -1174241 7447792
5343219572356808885 -2181280 -3532456 7320064
5343219642840399133 1833528 -2637987 7015472
5343219743847317830 -445725 1570703 7047904
5343219794556132619 -384142 -398573 7506256
5343219799418566695 1932746 -493892 7574288
5343219854477363583 -1320643 -1877332 7340976
5343219901684413505 -1338356 -1418590 7988912
5343220045702215896 1362278 698429 7074992
5343220063429414320 -2761008 496896 7408944
5343220204344529049 2364852 -3222381 7437856
5343220292085258551 402362 1989723 7360064
5343220328061374175 -769998 -1859269 7097200
-4229159742895508558 822003 -148038 7014960
-4229159683830744764 -2829449 112183 8406032
-4229159659211115129 820655 -435175 7195328
-4229159591885475380 1842563 -2678632 7103744
-4229159554791269502 -2277732 -953225 7021232
-4229159535990525450 -3135326 -352974 7277712
-4229159531988256610 -3410706 -1916336 7032240
-4229159526165773425 -1500414 -1601910 7763248
-4229159476453650854 -1395352 -517285 7472448
-4229159438159197428 1803127 -2315025 7008864
-4229159434308931264 -3550700 2103374 7550624
-4229159432880470108 -2805648 1719280 7448720
-4229159423638288258 -254522 -836712 7040432
-4229159363686910567 -490183 -3293707 7117744
-4229159294068675350 -1613906 -3040615 7793248
-4229159275974811437 -1970101 1795495 7200000
-4229159273119317986 676565 1061096 7154688
-4229159272079461590 -3237360 282576 7474992
-4229159262671808378 -858916 -65728 7082256
-4229159201977766932 -1804394 -2556225 7105616
-4229159150475205362 -1761704 -1650621 7298064
-4229159042399105344 -1488755 -1656228 7334176
-4229159034181620611 2265430 -145436 7307120
-4229158949876897013 -2949511 -3161174 7036928
-4229158886777784552 -1185296 -2251625 7147648
-4229158841544163938 1134080 -325608 7050576
-4229158743037215474 -2871926 379205 7369664
-4280646317804588062 8770 -3284372 7155072
-4280646314638960578 -230494 -2656657 7002176
-4280646267196331995 -781369 383267 7186000
-4280646173496071537 276967 -483552 7559184
-4280646092968432638 632439 338629 7169792
-4280646071764988975 -686099 1518491 7361312
-4280645820115698088 -805504 -764418 7039872
-4280645636624566006 -2039681 -1642064 7271504
-4280645588777207391 649138 -1906427 7442848
-4280645579381124666 -1004879 -1961557 7213312
-4280645570206600214 525477 -1872750 7131472
-4280645555007112466 1791370 -3169411 7381424
-4280645551494997433 -2603859 2264956 7065232
-4280645529305399089 2205559 915950 7346880
-4280645519889696083 469779 2247776 7298592
-4280645492315458193 -1179731 193976 7047760
-4280645458851943019 -2141516 -3233135 7200480
-4280645379074963521 -1316758 -1963089 7165808
-4280645371688871846 -2882812 -2349850 7169104
-4280645347776427842 -1987107 635552 7289296
-4280645297001272140 -2999504 -3011161 7194240
-4280645274159561328 2231809 -826237 7316048
-4280645252269069866 -3206507 2103183 7105472
-4280645223092533592 2435747 1691366 7081680
1775181688569351637 1286578 -1498317 7189952
1775181726782957024 582318 1158624 7227760
1775181733633435685 219313 -1760556 7135760
1775181807114275841 -1501384 2221826 7117200
1775181812553361919 2135417 -2146499 7642160
1775181897592966689 -2372494 -1526000 7958688
1775181909423534085 -1558540 -2534909 7132368
1775181922981208580 2056590 1459174 7056064
1775182007842389799 -3161932 -1404512 7136384
1775182073088866172 2933904 -1779528 7041952
1775182144603792715 1608209 897140 7636496
1775182178660336126 -1079471 701645 7384960
1775182238119931665 1372075 -688538 7430032
1775182307877830457 636668 -3069505 7359728
1775182340454882587 -1631145 664246 7527280
1775182345745051344 1728570 -1594916 7146224
1775182500422986903 3085167 -814806 7093488
1775182513622207671 2003263 1089361 7037568
1775182557399020434 -2566778 -265629 7234080
1775182618838838032 969207 -585879 7119488
1775182698853034547 -2248696 -2430751 7287472
1775182717099166646 1815277 1781627 7424352
1775182758439106333 737534 -822357 7182592
-6379711842252431410 -1150824 1855597 7038432
-6379711739462974783 2151109 -2313207 7541392
-6379711717879746747 -3168342 612825 7031376
-6379711697134833922 2608195 982306 7582176
-6379711682002023245 -810627 -2269290 7004640
-6379711609857148951 648875 -2102340 7685296
-6379711570215968377 -470750 69646 7225648
-6379711541993652513 -780113 703921 7474208
-6379711507354307626 -2356448 -2227131 7342480
-6379711490928938921 2525146 -1751380 7228192
-6379711488359010268 -518805 538022 7282560
-6379711403675488720 -906224 -3144025 7277680
-6379711296821355683 773398 1671588 7030384
-6379711295844173899 -866015 -2657903 7114704
-6379711271948097780 -579586 1370274 7251184
-6379711256966615002 -1704691 1620263 7090512
-6379711253448729311 -1124571 1770668 7001504
-6379711196708694809 -691161 2359517 7417728
-6379711143146894836 -1505843 252667 7105312
-6379711095145069784 1783314 -511251 7546784
-6379711080083007221 1658364 474602 7328096
-6379710886554098253 861511 -2008967 7250320
-6379710853108190740 -2680932 -2481775 7677392
-6379710799923046676 2917555 -1052051 7232096
-6379710731757715752 -2413575 -451474 7598960
1259636049868522930 -1295110 124982 7064480
1259636062401583231 -2992360 -2062414 7053408
1259636190700349879 1708324 -2344460 7305712
1259636352717371738 -1623250 -1698090 7330128
1259636375690022830 -2610878 -2102528 7985456
1259636402735435573 -2518022 165623 7110256
1259636432111685892 -2994090 -471043 7990160
1259636440661136877 -225986 -473066 7846368
1259636493703628919 1333684 -1399072 7626784
1259636585139388509 -2593825 -1468770 7118736
1259636690400867190 -211546 -1622711 7107568
1259636775306073298 792550 1099185 7742768
1259636783014338547 -827801 1250734 7323392
1259636797133478919 -2836615 -2793204 7161712
1259636814776938305 -185310 -1092368 7043136
1259636968254527370 -1831422 1568552 7823280
1259637035811000399 -127905 -2703891 7468240
1259637036724677033 -2490134 694029 7085280
1259637045885308398 1692411 207510 7432272
1259637054519583952 1712582 -329297 7095008
1259637096956156230 -160725 -904827 7402128
1259637110693316208 1094468 -1567131 7116368
1259637118956333177 -2279363 -1721953 7452848
1259637185724818094 829236 1870735 7930288
1259637234739832763 2247698 541921 7087824
1259637300729675644 -326388 323838 7910784
1259637311267991392 -1630490 -1280292 7237952
1259637311699751636 840659 1213441 7927328
1259637334813234090 882476 927964 7055600
1259637365252910233 -1545381 -85961 7553136
1259637454553099207 686363 972255 7084400
-814192204320718328 937666 -1168189 7145504
-814192130589225401 905229 -1278665 7215184
-814192110433310381 -2069496 -2019155 8093440
-814191939319906798 455821 1852389 7187568
-814191906644095809 1970021 -2636343 7001648
-814191806840715606 -2073185 -3461467 7208144
-814191795507537229 2785951 269473 7427392
-814191775096912919 -90719 2162300 7124992
-814191740151377393 178610 -3580127 7532848
-814191738607697601 605050 1970117 7193504
-814191737825928007 1576330 -1671446 7289712
-814191702947250688 101461 957331 7022720
-814191618068995353 628044 -2986323 7524608
-814191554733143321 927580 2051926 7528432
-814191522087984768 -2037990 1215834 7532624
-814191514825861392 -1973143 -662888 8042288
-814191509440843851 2158757 -3205969 7165744
-814191457636502485 1363647 1387452 7157984
-814191431848218322 1897050 -2703739 7634768
-814191420190395055 -1507170 571287 7138304
-814191390008224311 -651374 -1074331 7585344
-814191268300226555 -2105282 -1929053 7637760
-814191265958607475 2213791 1659538 7035344
-814191233141181576 -2833580 815891 7381968
-814191205376109199 -503979 1194615 7327840
-814191111662465237 56722 -671104 7248592
-814191062738728140 2916728 1008532 7160080
-814191052925337360 -480100 798236 7130448
-814191029208422638 1394231 1363526 7099472
-814191013828041004 86561 -1499678 8475040
-814190861451763260 -986901 1605567 7129648
-814190739852630596 2516545 -2415629 7024560
-814190736000067554 -1270089 -2621340 7170896
-814190721474388425 2759906 -624216 7221312
-814190719630095236 -492984 1492954 7136848
-814190702494688244 736982 -2331907 7196528
-814190641805415677 -1001214 326835 7155824
-814190595350862245 1106285 -1691429 7119824
-814190572908075538 2816963 162662 7275520
-814190570451893465 558403 -146408 7213408
849546104210036332 -1312504 888792 7373488
849546188912282305 2768868 255290 8167296
849546253797843298 -976540 1967353 7129200
849546360877306275 -360537 -1345721 7293248
849546390350363424 1211472 26806 7150880
849546391821829130 -1858356 -2089080 7029904
849546404615917131 451491 -2059286 7176160
849546419521606455 544815 -750627 7346832
849546428578466615 1165461 1751825 7230976
849546466611497400 2228684 -2841884 7208032
5229440231586499132 469842 -1757209 7277376
5229440232191900945 -1474144 -2381411 7061952
5229440403786800458 -684469 2192328 7226064
5229440427729063082 -1585219 -1753086 7257616
5229440444970822171 -66270 -968574 7239312
5229440562223915408 -1235052 1685091 7197328
5229440585353793447 -1263048 -1941889 7337968
5035771843920702915 120943 116067 7272976
5035771903129839074 -1615633 -238286 7220048
5035771933523027674 2915354 476658 7030512
5035771949727429500 -3028886 -94754 7351776
5035771956797755880 -2034310 1910189 7159248
5035771974746980391 2130705 -633140 7892256
5035771979818318816 1359669 -1368645 7223216
5035772005323231258 1600676 1341111 7202208
5035772057577626716 -1051608 1113193 7067392
-8197461083519868558 587184 -3375521 7172592
-8197461015500710098 -1211835 1417105 7311312
-8197460959451438739 589044 -86417 7400448
-8197460952146913501 1497127 1071343 7521712
-8197460820769511007 1220542 -795761 7154320
-8197460730352140089 1550342 972525 7034432
-8197460725898190044 -3423838 -1583975 7080880
-8197460686941022876 2184865 -1321243 7608320
-2320622156241241742 -806019 -664313 7409424
-2320622058210242984 -2170619 -15027 7209440
-2320622012388176130 1022248 1294608 7330656
-2320622005771825004 1048057 -1494588 7602608
-2320621956550500116 -1767424 -2706453 7045984
-2320621920147037569 -2905313 25622 7166608
-2320621913688193715 2132048 -2954153 7196768
-2320621900538503709 -2211515 -533452 7774432
-2320621888715537311 -1966818 -1213468 7040864
-2320621862669440419 1744875 373125 7041216
-2320621742340699859 1357063 -2684570 7432304
4817631842302479695 -2381848 637096 7352800
4817631912664715807 -907372 -2328238 7123472
4817631933877663842 -1514042 1040651 7691296
4817632008560026990 -2666954 -162408 7342560
4817632050278391082 2149123 1611979 7311536
4817632068774021319 -2161277 -2873921 7346992
4817632172522718341 2500229 1457333 7068912
-1113137029996620777 -2368404 -892797 7341552
-1113136985652398040 -1633357 1941744 7031056
-1113136962387957703 -3304559 -2726640 7175936
-1113136868423424317 -40358 172981 7360480
-1113136854785365044 -1621479 -2937387 7006368
-1113136820352751965 -3014907 -2523169 7526784
-1113136784334061990 -1623921 932553 7130480
6391052086739939976 1480271 -1389296 7039392
6391052092112119641 2918913 381524 7099936
6391052092249905587 -3534613 -242481 7139904
6391052107381270784 -1564842 -1385264 7077328
6391052119777177260 -2247504 1684914 7005184
6391052166293043123 2478083 -2183885 7059200
6391052171790445274 -2708942 -75027 7047744
6391052219118011020 -1419118 -2565197 7047280
6391052257893997477 -2982377 -2402233 7042832
6391052292019347827 378144 1366813 7301392
6391052302114093390 2300385 -1799553 7656544
6391052360180958634 -2007358 -2396573 7031104
6391052420781151875 -3552476 -3046152 7041600
6391052478766161803 -2823573 1011188 7015616
6391052535016451251 1816393 1462495 7124176
6391052542084122719 1296050 -1220708 7149152
8898950719460458737 -1616112 827191 7625632
8898950736892476311 1458297 -2086190 7023104
8898950786291198787 -2588214 -686986 7536064
8898950794377585805 -1214921 1434212 7291424
8898950832678600417 16132 904646 7119552
8898950842371254302 2901849 29635 7552272
8898950865182184740 -1742528 1278809 7157344
8898950868065410681 -731554 309037 7727648
8898950913058988315 1756150 -336620 7020560
8898950964819359630 1498975 1395895 7431376
8898950971079643306 -1058529 1565918 7380400
8898951023081999776 -2478579 -132924 7260480
8898951130807164024 -3180908 478238 7207056
8898951165121925334 2712284 -562330 7002048
8898951165144515199 -2008680 -3257601 7004960
8898951181870102375 1474810 268998 7430816
8898951207511998366 -1015288 1048645 7003488
8898951239764322010 1631095 -2077537 7163360
8898951265928625570 -390323 -3548747 7036176
8898951286222406584 2076276 -2085007 7173552
8898951317283758866 -951020 1723123 7119712
8898951351529203854 -2783172 43964 8155312
8898951380983392028 -471787 -236606 7131232
8898951386415927049 764115 108245 7155216
8898951421055709155 840632 1778391 7361408
8898951450752004227 1716996 -2565744 7052688
8898951451751392310 -76406 2107507 7563792
8898951477666187286 -795595 343212 7014192
8898951536452553152 2489617 422806 7106208
8898951551604761362 388622 -1685068 7084176
-5774147200374648008 2533596 8711 7080176
-5774147188524446458 1955447 -510624 8524512
-5774147151261488887 -759920 1516062 7504400
-5774147034911473054 -173386 1625354 7048448
-5774146996421853374 -2891847 1015663 7343920
-5774146984723162188 2483979 -1787846 7022368
-5774146907612782881 -326983 1546452 7167136
-5774146883939088036 2083577 -1986464 7390240
-5774146880507496232 -2373494 1659063 7364096
8636612440728432709 -489485 423985 7480528
8636612505624913148 1862919 -540028 7051968
8636612511638902367 -2671537 225822 7616720
8636612527267921730 -1781301 -2956686 7591440
8636612558163759672 -2294148 -478738 7070768
8636612569354718693 2779274 -875659 7209840
8636612604964366689 -3076893 -1153340 7324704
8636612605646335515 2470701 1227314 7020368
8636612631048719736 1291365 -2944944 7016560
8636612717299334514 -2352153 1425978 7493344
8636612732579392445 -1741080 -197663 7548160
8636612760653324598 2535735 571042 7229568
8636612777663132827 2688897 -817058 7146576
8143836851553408986 -2773652 -2922316 7342528
8143836994921282657 177462 -1930056 7233440
8143837029359314505 -2712478 -2257909 7059888
8143837079161671590 -824824 -1788149 7048896
8143837115824149699 -925033 -386820 7045488
8143837197653701747 1790295 -1911691 7414528
8143837232554725223 -2366918 -118088 7056320
8143837236085662453 -887860 573391 7145744
8143837292559639526 -1422368 1666527 7436976
8143837338270350158 -1946224 171966 7057408
8143837403108328536 -1772613 1071267 7065328
8143837498223612029 1636838 414191 7579120
8143837518823857558 -45886 1140739 8082496
8143837521645989682 208321 2005077 7042464
8143837562298377363 1556113 1867523 7044592
8143837577992035743 1392188 -3104814 7126752
-8180889508085948275 -311869 -112873 7036240
-8180889459073197748 -1189115 1198316 7352736
-8180889456477458991 164767 1811266 7342928
-8180889447627748483 -1568232 1874278 7336816
-8180889423172498460 -3006864 -2705240 7159152
-8180889387887968121 -1014292 1817793 7113120
-8180889385341550543 525435 1315624 7068336
-8180889287959098912 1845260 -571915 7565744
-8180889258123608663 -1282872 1342297 7006000
-8180889228954440341 1666579 -1095967 7473136
-8180889203484327008 -2533511 421240 7575392
-8180889090166992732 1031190 -762163 7188656
-8180888948029169297 2576374 -1715973 8023232
-8180888874822429557 -2904844 1499253 7391472
-8180888870738050136 -1193783 220294 7335312
-8180888794056852321 -26187 -1735865 7090144
-8180888772056309324 -2445399 -2508238 7257968
-8180888765093372395 -1088641 1794825 7017008
-8180888758120572286 -3389813 2421371 7617744
-8180888716232288584 -179103 -2642337 7391712
-8180888713138229755 1050501 11136 7155760
9085732067034992647 1904069 -346237 7663152
9085732075689658610 726706 97888 7393584
9085732231894329432 -1603112 -2427950 7029488
9085732304222518507 -692541 1998297 7480560
9085732363035902374 143884 -1158598 7216640
9085732389129989379 2312449 -2266896 7311504
9085732447111773497 906722 700828 7071072
9085732458165567164 -602471 -1640344 7046976
9085732502198118250 152639 -1185420 7906688
9176487926486858391 -151936 -1942317 7064720
9176487983084209066 1383592 2031031 7376896
9176488181519310644 950941 1174097 7390416
9176488193263139997 946764 -3219229 7050544
9176488327828200761 1015805 -2216487 7037936
9176488346644644538 -1508050 -736029 7085184
9176488412307553021 -2144673 -1008140 7264064
9176488475718279622 2962813 1890266 7259792
9176488499784647271 -1137006 -2460435 7032336
9176488507299512818 -336962 -642586 7554640
2923553425442331140 119209 -2980045 7065168
2923553436140753098 1934138 -855489 7036448
2923553507136551375 -2063378 1170748 7129504
2923553531738103579 -627560 -2198218 7073424
2923553582433925031 -1797254 2011720 7962464
2923553613733219428 729294 -151516 7141456
2923553650829791279 410975 -2291597 7020064
2923553662821473005 -903692 1547234 7482480
2923553776047444925 -2249981 179357 7243088
2923553788147524133 -2920455 -795410 7060432
2923553821321158759 1646006 803734 7254608
2923553836750842137 -140293 1219205 7348784
2923553993907009910 -2673935 897723 7395856
2923554000328776942 2026982 383658 7462112
2923554021793462715 -2052747 -2457762 7245408
-4270964473906755347 -2906376 -1774204 7067616
-4270964467333059518 -1138141 -2509312 7278480
-4270964414612962395 422851 -2074847 8028016
-4270964410444403053 -38344 -470814 7247296
-4270964408013141719 2675362 -890927 7062352
-4270964406373608611 -544732 -196148 7490896
-4270964391193388595 -1979953 -3496146 7114160
-4270964302636239718 -1778970 424287 7218448
-4270964169079004612 883142 1278543 7083456
-4270964153227159841 -854293 1424842 7212016
-4270964111311902707 2737097 345921 7249120
-4270964108505477101 1281162 -1981932 7053600
-4270964056295941799 -943153 -3098288 7086160
-4270964044759786817 689385 -1859043 7127888
-4270964029794122230 -3564305 -2317053 7266832
-4270964010449629325 -657664 -2621660 7208704
-4270963997627727111 -2220676 -1373772 7275952
-4270963880497968078 2088172 -999619 7174160
-4270963843315725153 2300355 -519692 7113424
-4270963805741966647 1338694 -757742 7051936
-4270963768602339524 -112780 -1989223 7439872
-4270963740535648857 -1896390 -1490789 7065632
-4270963735906493091 -3182948 -2629259 7179472
-4270963702945158429 2484872 674612 7348960
463656520257390058 1491941 1073341 7288528
463656524306358693 -2140659 -2207658 7213616
463656550688822254 -819784 1338307 7026624
463656578006426576 -2709665 -2527650 7163632
463656645336725850 -2452964 -1773151 7120624
463656735339393377 2387665 1605045 7716384
463656758160612693 784357 460546 7098192
463656773199645976 1976649 89219 7563184
463656807900303878 352401 -24870 7150304
463656827182963174 319031 2057920 7202976
463656859304465358 -1101276 1934219 7602592
463656866342184180 169205 337819 7631648
463657071532251490 -1132722 -324585 7201536
463657078383085577 -1800411 246382 7054192
463657081133268250 -3090681 -1327811 7009040
463657086603655343 665411 -2993246 7431600
463657142172220083 1576592 -625158 7127568
463657192780225467 -1863598 659764 7139312
-1852067818889254822 2251852 -3143588 7152208
-1852067809748474167 -1085668 1484545 7140976
-1852067778356421396 -1336021 1853807 7114560
-1852067720587926922 -1481536 1235167 7277344
-1852067716820038894 -2430937 -421382 7009168
-1852067695244174530 -1101525 1878596 7166944
-1852067571606630208 -2528084 -2738819 7006880
-1852067503276797468 -2724325 1695968 7090240
-1852067481807917568 -132269 -1934530 7100176
-1852067477876439234 -2024698 -2332806 7740016
-1852067369983267910 -146045 365731 7123664
-1852067357462589352 -3243581 -2334956 7042592
-1852067271664433122 -1302463 996944 7469312
-1852067225472363583 2226547 -2627625 7276560
-1852067142978421449 437362 -459217 7159904
212372554734855884 2419210 454843 7277392
212372567429875153 -2277454 527091 7791328
212372592840923636 2460205 1080325 7083376
212372606573429123 -3447350 -3459733 8254608
212372629405036391 2125404 837807 7194096
212372656489403885 963762 -2585343 7175408
212372699283404057 2110254 750219 7176288
212372721572926431 2942548 -2862610 7265104
212372811664707718 2108112 -2937934 7258992
212372850090530603 923044 487923 7172656
212372876274322251 1073542 -1104656 7295024
212373034826434841 -283440 -1782571 7821504
212373117984094352 967495 -2365693 7549904
212373127279128038 408551 1064241 7036576
212373129021306459 -691654 -2098087 7248304
212373161976654914 -1095378 1478183 7253728
212373164520293140 -2525775 1683927 7153728
212373180591011235 425962 -3321397 7171024
212373228210061839 -19047 711113 7081376
3592390627977029637 2187125 -3033980 7113744
3592390653189925541 -1390057 -645454 7489664
3592390738799212229 -22876 2086752 7183776
3592390856282252877 -2125533 1705291 7264640
3592390911278041492 -3210911 1421924 7030240
3592390986835648640 -1711221 766992 7256240
3592390993977057945 938932 574484 7058176
3592391002888517617 311139 2509327 7391136
3592391115063578763 -3148424 2193006 7242864
3592391139449070532 -260843 -2172602 7443232
3592391156152654093 -2499788 1660838 7036848
3592391228656157420 2424159 -1935148 7005056
3592391289380820821 541403 -1243235 7164832
3592391333436038907 2748501 -2060974 7650752
-8676732137184791325 2242513 1124069 7156208
-8676732063385938055 2276598 -1887530 7059808
-8676732048537002859 -1380520 1101060 7739280
-8676731754091338775 -2907623 246763 7029312
-8676731647219375226 -2238760 -2083888 7161856
-8676731623012851598 -3161432 -2848883 7268896
-8676731620791933014 1674481 -3208603 7882848
-8676731516882740900 -2526117 -1839845 7002032
-8676731485729841562 -138497 -1723735 7558528
-8676731444436756838 -1703290 -882324 7429520
-8676731434024383678 -3109948 1811907 7140880
596473680270107171 1867721 1089992 7571536
596473683537164055 -1650898 -1337497 7066992
596473786399728534 -2449997 -1696737 8026864
596473797449950830 1362237 -1376206 7110592
596473798376686139 -198664 536283 7095920
596473994879860434 1618084 -792886 7172864
596474034444986347 746439 -178513 7053840
596474169548855136 288400 2123332 7019424
596474184256006678 2637308 1369038 7138928
596474187489098832 -2257647 -1670641 7290400
596474283019355476 1577144 326281 7131184
596474302796882709 340661 -551994 7019792
596474329697563594 2980530 -2827583 7348064
1167169729104842330 -880966 -1710849 7331888
1167169748994167020 -2234382 7 7069344
1167169867423057283 -860277 -1549548 7456960
1167169893272169236 297791 1902814 7604496
1167169907172737472 2190186 -885282 7108080
1167169985730604214 456526 -66385 7036912
1167170089429000469 -1981930 -1762296 7895040
1167170125280816388 2551375 -597276 7034816
1167170153763870386 -166341 1918696 7088384
1167170222808892102 -1738397 -2930068 7370912
1167170306744849355 1553395 -2495988 7327184
1167170376105692869 -743619 -156885 7071408
2799357089791656771 -1040742 1304844 7009792
2799357179755500426 2116361 492215 7415088
2799357180057991426 -1183923 737369 7001072
2799357205852173841 656354 -1041564 7033856
2799357237890113034 -948010 1347205 7246144
2799357331777868883 -1542298 615357 7415408
2799357368566880569 -1407163 954416 7133184
2799357467574787433 -996145 -2416576 7232064
2799357470562030082 -2719076 -1948497 7004624
2799357479637954279 1533516 -408882 7446320
2799357517273068137 -1402885 2078017 7726080
2799357558452644197 2461316 -1262882 7152864
2799357643812140539 -94412 -1886195 7331056
2799357706898626392 -2907066 1850820 7266880
2799357762390119803 50169 1680149 7089152
2799357822330530542 -999714 -2931306 7018592
2799357854055070339 -1558102 -1558340 7279184
2799357863698558317 -1579446 -202273 7115616
2799357955368519982 1922257 -2319880 7079104
2799357972440274832 1937871 1053582 7067376
2799358103507795304 1411270 306748 7155456
2799358159667810066 2287746 449714 7245616
2799358161049208201 -2673075 -3266121 7021696
2799358193125814951 -116213 -261391 7133888
2799358204569611133 447978 -388514 7076528
-8842372582615591839 -2229847 269991 7023408
-8842372563750502496 -2676948 -2836226 7203744
-8842372480822185373 1128054 1201793 7150384
-8842372418920591746 -1904791 -1203208 7014976
-8842372409738834792 2578473 -683052 7128272
-8842372365975763632 -1469561 1191762 7257200
-8842372326977538517 2797719 1684061 8003664
-8842372282703852847 -207012 -1070633 7497328
-8842372270921103998 -296115 888886 7055616
-8842372231505978449 2812795 -2384072 7374736
-8842372199603208044 -1572690 -593271 7283712
-8842372110529818165 -304278 -1286848 7036976
-8842372076309613864 2021974 -827918 7089520
-8842372009049567284 -2810094 502015 7217344
-8842372001598908283 1912153 98345 7146320
-8842371938800388369 -1915201 -2173073 7269952
-8842371886160558502 -2061930 -1807700 7650336
-8842371885484811573 -1486634 805551 7049280
-8842371879307581318 2000151 1621252 7090208
-8842371819572624885 1971006 -3296526 7276624
-8842371755243812349 -1671725 -1052904 7452544
6303116712926850552 257321 1793872 7135072
6303116802433119535 2311372 -1398608 7687776
6303116832179734213 568167 -2649280 7037120
6303116833276496846 -1708316 -1850294 7180672
6303116921876515173 2666735 -1218737 7428656
6303116939350825423 2856350 -2933198 7691536
6303116955442128166 -62848 352476 7306960
6303117000905948207 1215393 929405 7117296
6303117008592663780 -2900847 1706818 7079088
6303117031451109303 1015330 362537 7372192
6303117038088906861 1384887 846241 7127776
6303117112355098197 984756 -2167694 7067664
6303117148171466673 2658557 1489366 7296368
6303117154441862897 1100447 1991410 7229968
6303117219558366110 -1401951 1043528 7619888
6303117243134572736 1227795 -2205255 7127120
6303117244657649892 -3268492 -2045715 7093760
6303117264421352280 2043249 1129286 7071792
6303117278967539289 1853518 1603431 7413792
6303117316926526877 576352 -2194135 7045120
6303117321879747710 -665380 166302 7389344
6303117369332133472 -2035678 1604781 7034112
6303117406561942283 2556706 -3546458 7541312
6303117462128706767 2574402 -1769983 7106112
6303117483000598194 -3233939 639984 7188496
6303117684977600301 -1883290 -427779 7124640
2929222677855645431 -371710 -333728 7178944
2929222690279673282 956852 1159777 7029680
2929222719940947730 -291957 -852491 7073456
2929222780647860813 117536 -334880 7126848
2929222843891352092 2945979 765918 7657024
2929222881955256990 2392151 1267247 7178656
2929222960194854316 -2288317 905076 7123072
2929222985862737025 2410154 -14609 7025968
2929223018389413318 47660 1381868 7146192
2929223044085467280 -2519866 892720 7501280
2929223109126737923 529213 -2296769 7512336
2929223110146958590 -3589754 1498585 7251264
2929223155291592569 402953 -1497974 7092544
2929223220687342498 1815421 1298257 7004336
2929223264736578493 -1514488 -946634 7511744
2929223270543121503 2619982 -1559682 7367376
2929223282042605405 -3167665 -801235 7371856
2929223303320885486 2322575 -1615106 7257648
2929223325541224292 1056245 809881 7116672
2929223342059364604 2058715 -2661890 7109456
2929223391925237079 -151056 -2313053 7162352
2929223393370992198 -3011816 1872598 7189200
2929223396202274533 1411933 1115327 7662688
2929223535561584814 -555470 1748428 7327312
2929223698863765306 638444 -1229389 7201680
2929223739206549148 -1048754 -30430 7153696
2929223796657626915 -2639337 1763203 7565264
2929223803321867656 843525 -1434030 7948016
2929223831054460057 1230889 -1902545 7218224
2929223862738753612 -2551933 1362262 7055696
-854390373796049974 -2316545 -1024800 7047360
-854390365808860083 1987229 1790425 7772960
-854390166338364165 2441330 70773 7998672
-854390159145996282 562632 897241 7101632
-854390105218539928 1654546 184705 7537088
-854390088342193856 -597113 298585 7516752
-854390080753407340 1423921 -1609485 7262288
-854390048293921602 -677102 -540809 7120800
-854390028814271513 -1810869 2057167 7121024
-854390025303945421 2197680 -738499 7107792
-854389845551239325 287707 -1703842 7077888
-854389800818706397 -2964111 -1779301 7113648
-854389794983705372 -253434 -2629537 7014272
-854389720359788900 -135206 -2230588 7533296
-854389684651730756 2895449 -689325 7146416
-854389675664380086 415201 -3376068 7119088
-854389638100968450 178892 -2796100 7236736
-854389600096078963 -2044760 2279951 7072576
-854389570021255695 -1087795 -3276911 7220016
-854389520527529850 1284326 -772561 7425232
-854389493804627325 2754992 -2098501 7011504
-854389480614074137 250193 -146143 7439760
-854389457031268547 -1347737 1184899 7822848
-854389263826536058 -2487112 1821224 7208336
-854389248590953161 -394871 -3276323 7129184
-854389235791021487 -1371344 -1013818 8167952
1639004462984826817 -2478154 -2271394 7040144
1639004492188805396 -3295643 -2445576 7298304
1639004574375463579 228560 -1044888 7448368
1639004721037178344 120989 748899 7244464
1639004743258033069 -495809 2350797 7023120
1639004830695526290 -3441554 1001112 7133792
1639004851080341056 1573233 852829 7208288
1639004904920453580 -2281369 1680065 7464032
1639004988971163909 -331483 -2156185 7225456
1639005023921049139 1379783 -461871 7039392
1639005141628240445 1291231 -71100 7478320
1639005179696141513 28988 -1903945 7147760
1639005225133546451 -2149979 2329201 7067696
1639005459413043992 1778591 1461487 7513792
1639005462216998975 2238024 -260234 7165056
1639005471502255025 -2509874 -1766830 7190304
1639005481346309774 -2518962 -1622510 7136592
1639005481280868344 2206738 1537927 7488064
1639005506260586179 -1002025 1628390 7824736
1639005600048504145 -173485 -2412780 7131984
5935084889000206081 1256208 -2296745 7444720
5935084951134556985 -646792 -1836674 7074192
5935084996983107722 1252495 573392 7132352
5935085100185032391 -2493827 -2454714 7153648
5935085143556221764 -536298 210014 7001952
5935085144842965119 -962155 -2237820 7030336
5935085154557207733 386112 -2864120 7156816
5935085171715053384 -1464917 590264 7126016
5935085213154489499 2128500 -2191427 7344016
5935085285678466329 2027909 -1368958 8252928
5935085384118352598 1595890 -2636524 7235584
5935085414237931442 -731126 -344130 7370128
5935085416141775925 -3219371 -345869 7485600
5935085440089853017 -1270230 1519763 7092704
5935085531561172353 584116 -455022 7359504
5935085546966496310 -2479649 -3064695 7839872
5935085657067978399 -3164441 -578464 7414064
5935085689689140925 2727847 610745 7241376
5935085706241892767 -130444 -1225800 7137472
5935085711089627002 -3432506 -1850209 7402128
5935085761536760716 1450072 -77677 7942944
5935085800847995427 2809645 -2200073 7085408
5935085807923909831 343198 -1940711 7146144
5935085897151980600 1221022 -1569104 7058944
5935085994386338786 549150 -1681589 7437984
5935085999697502753 2587391 1546862 7176688
5935086000888399177 2159738 305462 7704304
5935086006016646245 797819 -2178049 7011456
5935086066320280983 -3009052 561586 7268288
5935086067388175148 1796870 -1925014 7106896
-3668279955411044114 -2191669 -10937 7603456
-3668279907132834776 -1574186 2268979 7028368
-3668279895066027620 -2012002 198562 7693424
-3668279828507558114 1540878 -1774367 7822608
-3668279715588818602 -897282 -1520746 7629440
-3668279666578794199 -3164372 653164 7631056
-3668279645093120491 -2763604 -3311426 7107840
-3668279589777992645 2729776 -493094 7220720
-3668279512361583764 -2177582 -510005 7056032
-3668279415478707054 1692023 -262422 7016048
-3668279391430032262 -1005458 401813 7029536
-3668279289658394448 -536408 232147 7636736
-3668279254629831397 542996 -1938516 7153312
-3668279218099382152 -3471306 2245124 7021536
-3668279205446875283 -2141827 -532295 7478112
-3668279160475996729 -1099942 -89345 7110672
-3668279094008589031 960928 -2593815 7411600
-3668279064562774944 -1157521 2436127 7638768
-3668279060278229286 -3505409 1958161 7324976
-3668279052349528523 -2982721 -3032190 7070480
-3668279039559871107 -732714 1245946 7146640
-3668279025037589017 2647655 1353740 7011984
-3668279023120857633 -711748 2197975 7080224
-3668279013031889591 -854943 767619 7660752
-3668278980383993789 -1815206 -2052571 7613472
-3668278956332961371 -800942 -3403580 7087520
-3668278862402522385 -3146461 -1811952 7105152
-3668278857936272970 -186630 -605788 7312560
7268727475699940341 -1736475 -2551453 7171808
7268727477634083706 2745930 -1180421 7215440
7268727491476398020 1614965 -765917 7062160
7268727639553537929 144889 -2214106 7023680
7268727732018162925 2126575 -132082 7278944
7268727743556297812 -2135701 -1492865 7035760
7268727807606788520 -582040 660130 7505088
7268727861497844470 1613208 -2798669 7039056
7268727886458744576 -1994634 2018989 7272208
7268727891190773982 -236342 2334515 7092560
7268727934914430822 -1426142 1541880 7743584
7268727943284890607 935323 925257 7709584
7268727964176681143 851146 -1112661 7052528
7268728018864806100 -656883 -3113593 7356544
7268728088933955674 -3303115 797400 7405376
7268728213726844199 1760883 -418216 7256448
7268728238156503529 8244 -3337373 8090368
7268728261063233670 -2249218 -196441 7009040
7268728292013546203 1334311 826046 7370496
7268728319906864565 1268496 -241497 7606752
7268728423123458794 -554287 -2285013 7589456
7268728427651292944 1206265 -671406 7037184
7268728455598757032 -2409095 -1090589 7621984
7268728551729553009 2241950 -818197 7179744
7268728626432960519 -1203339 982598 7679184
7268728667449626855 -1149955 2064133 7026496
7268728682283501485 874204 -2309169 7208240
7268728699672805705 -3375529 -972403 7470368
7268728703389526164 2675729 -507020 8371664
7268728729949556877 -1349974 1278372 7096256
7268728772295490866 1366 -2234497 7046064
7268728773675067216 -2672291 -2003224 7430656
7268728861776901220 810127 287537 7004384
7268728901744594144 2216732 -1896837 7258064
7268728913003813260 2183279 1490128 7117792
7268728916090965141 -2530215 -172344 7377056
-5939089355045352881 -2844319 753755 7129744
-5939089295151112563 -1102570 -2061750 7410256
-5939089235168310152 2301684 101851 7810240
-5939089177866361299 2441892 -1886434 7888112
-5939089122348737417 -3316776 -1801740 7744496
-5939089011199811332 -1663954 649633 7100544
-5939088995312259047 -2854738 -3023592 7082784
-5939088967350547944 -1503169 -2597056 7213664
-5939088914823475025 206404 -185189 7317488
-5939088805715799259 -869624 -1610795 7088608
-5939088803188161886 1745999 1954485 7299312
-5939088741513936322 -317744 -475015 7224848
-5939088724952377842 297065 2044155 7497520
-5939088709387468696 426851 -2196321 7142368
2095956021066937549 40183 -3064606 7015904
2095956038128850927 -1253395 782002 7260576
2095956150174949355 2702141 1064149 7208432
2095956221578492038 -168117 2267162 7129824
2095956243433457488 2298817 10325 7195072
2095956259890127296 1578122 -1606066 7070704
2095956260659258818 982422 -386648 7493376
2095956355271260826 1116827 728733 7127600
2095956374430936984 -538676 -716873 7790704
2095956468223553709 -781944 1664716 7331904
2095956583280289650 -689234 -2157080 7484592
2095956602330010712 -1493720 712121 7020000
2095956640833073616 -1712709 -563950 7105152
2095956664545408776 -2440786 -810081 7807264
2095956691136257525 -16771 447058 7043472
2095956736054584666 1368188 -2582535 7275104
2095956763264894440 857306 -1143653 7060672
2095956791893969943 -15379 -2731025 7167392
2095956804490144505 2940205 -2381022 7596592
2095956839124608443 -3341747 -300511 7096528
3352920867991262818 -2186217 -1123429 7128704
3352921010743611561 -2979773 -1239306 7104992
3352921030197090330 -437097 863827 7527984
3352921039543522544 -667813 1276793 7026192
3352921047154321752 -3076893 -2056308 7223024
3352921319339053596 -2256047 -361165 7278816
3352921342253274454 -782989 -761680 7109088
3352921345368551746 2101294 612787 7239232
3352921358717677999 -2694371 235469 7036480
3352921416901699594 -1716802 -1851354 7233184
3352921449988094115 -1760047 1637183 7112432
3352921483768572401 771681 -1506956 7264624
3352921580937940484 -910687 2240485 7434528
3352921599340828748 280935 -3186032 7548560
6658416430196252689 -2800565 -494878 7164768
6658416502354167488 749835 -2262649 7665264
6658416515878439702 -2045051 -1297435 7068464
6658416526233161968 2197289 950666 7454912
6658416529511951095 1760588 -2803878 7005168
6658416534298129089 -3047456 -1686988 7464704
6658416572246091397 -2401144 -2679663 7184960
6658416594065068914 1060490 -2716285 7131664
6658416635913229200 -745560 199233 7390672
6658416690769296004 -2603850 97413 7045184
6658416749229018229 1504555 711219 7129536
6658416833225807716 341110 -1004410 8164480
6658416843807509626 -226415 -2665146 7267216
6658416847978753640 -2262069 -2218772 7432736
6658416859071955830 1421901 -1319729 7003040
6658416952152175615 433956 1573964 7104656
6658417041136992426 -2462012 -3243949 7044544
6658417042648019582 -1284827 -2802252 7000192
6658417155338447167 793067 -478362 7200928
6658417164477626750 -37922 -2321195 7029296
6658417177954503057 1926048 -44831 7575152
1120084836492019851 -48720 -1840419 7050416
1120084837639424906 1216941 -334633 7276592
1120084844896272743 -2371263 -1740812 7069984
1120084876129383340 -300500 -935898 7287360
1120084955165198658 -2624789 -1450832 7047376
1120084976271577146 -716668 -3139711 7262224
1120084990685116594 -192086 1328436 7476112
1120085062552675280 752904 1671895 7216976
1120085073459838227 561502 -2064532 7311360
1120085189803373091 -2921106 -223332 7650560
1120085255457476439 -353625 10146 7187120
1120085264953776864 -1999687 -1832797 7275920
1120085291870111547 -1925214 559811 7375712
1120085306524187916 -1189066 -627082 7316512
1120085366485885835 1322326 -1732010 7189152
1120085439095290057 -2715067 1459972 7231248
1120085504194679731 1017499 276518 7021872
1120085530789021514 -1758499 -2144313 7111392
1120085551967214154 2361691 1320202 7424944
1120085599885429424 2164709 -646261 7599232
1120085645584325666 -361409 -16456 7034848
1120085715418073452 518246 -1103076 7154832
7049074674669440213 449199 -2848045 7201840
7049074684609205533 2442455 -2596533 7175392
7049074694401848837 1418423 -2530504 7127296
7049074754091996748 -32118 -406822 7355536
7049074859481711410 1717338 264232 7076016
7049074883249816380 2546038 6638 7194288
7049074922577782181 -2000124 -1245700 7053200
7049074933990194791 -564028 -1629375 8890384
7049075023029032950 -1371828 1277043 7308032
7049075051806334303 -2105681 1199988 7316672
7049075108078501664 2428366 -469658 7120208
7049075115529430553 469540 1904308 7108352
7049075118632318307 -114331 -1686429 7206640
7049075160215856420 2448267 -265559 7113088
7049075301223748852 -1145874 -2098582 7687504
7049075313408760273 12936 -595772 7026208
7049075324269262503 -3096343 1361696 7419984
7049075386269889042 2522947 -1389096 7184208
7049075427891705058 2020054 -3319349 7451488
7049075433475751163 1434047 -3185151 7268464
7049075439725028210 -663126 -3171607 7088800
7049075461099823687 -3459949 -1140512 7035088
7049075465096295636 -830206 1247739 7126800
-6471322244533318410 -2114955 1619818 7354960
-6471322234014018772 1060671 454942 7654384
-6471322125102956290 -316308 -234173 7212240
-6471322119490671734 -414480 1152327 7050592
-6471322113874208595 2816640 -885452 7970416
-6471322099047379960 -3325273 -917349 7046032
-6471322065081215449 420359 1444158 7626496
-6471322048306880755 883078 -2420137 7131168
-6471322028093211998 -948696 1407647 7705248
-6471322003206772997 -116545 -1588005 7822736
-6471321996287190551 495319 -2482403 7023104
-6471321861068548087 2131813 -2988382 7168320
-6471321851654012890 -414492 144611 7125920
-6471321834189767900 1749147 1193645 7056384
-6471321823075062434 -56602 -250466 7014560
-6471321804355127950 504507 256792 7209296
-6471321799759342264 -1015135 -153438 7572448
-6471321749822325700 1777224 -2970142 7418688
-6471321718834320578 -3353580 1146001 7700752
-6471321626697423019 -162218 -3073902 7073520
-6471321614085728184 -3149774 -2321995 7565872
-6471321610842087368 -2247139 -3188421 7035872
-6471321592472479678 -2280441 -692992 7136912
-6471321579439348206 -2075017 329443 7006416
-6471321504278449636 -1005073 1630313 7096112
-6471321460500308484 -915393 -1570623 7071232
-6471321376869326504 1381228 1600726 7189456
-6471321310986637968 906521 -233705 7005328
-6471321304978503038 -2017236 56544 7043392
-6471321297244463959 1646763 -629684 7032192
-6471321272439315314 -2935584 -3222527 7180368
-6471321212323634920 -1313378 2134992 7563680
-6471321162109943083 1601713 -597666 7076352
-6471321082755386868 -939742 -981290 7023360
8248093034352535122 -2053385 -54424 7151392
8248093040260313825 -727288 1261347 7343200
8248093156922895447 2163966 -1435770 7155472
8248093202597969699 -2298227 732414 7266096
8248093354268179883 -2287362 1457558 7759888
8248093362757399230 1163205 -1178853 7135600
8248093391434247652 -355130 -1571668 7153664
8248093415314351513 -3353953 -1808439 7025728
8248093483081365512 -1113363 -87469 7079040
8248093523481300393 -314088 240093 7194752
8248093541430589207 -589512 -1881385 7216416
8248093666509464322 -1232028 -3154464 7176912
8248093757346757573 2089855 484609 7462208
8248093771187390565 -2175503 -828315 7105712
8248093797884889603 -3300306 807836 7007568
8248093836602331823 1757127 -392959 7626048
8248093956193512096 -1200856 1919095 7019648
8248093990244917196 -602777 736577 7089168
8248094009206613046 801828 1947430 7166704
8248094040848113164 1321865 -1282142 7144576
8248094207584924403 -2800437 1464635 7309696
8248094237963543042 -521623 588132 7123152
8248094253526399156 97173 -2017293 7505808
8248094333088927786 -916968 -2216498 7159152
8248094375303232761 -2324264 -1006218 7200768
8248094403558922195 388362 -2671425 7128336
8248094425983896786 110546 1660256 7097264
8248094426662948317 -585912 905235 7076432
8248094498244199414 1667599 1517212 7312112
8248094523692882713 828191 1223171 7064240
8248094551544984578 1830109 -1167502 7546672
8248094635745274753 416379 1583439 7011728
8248094704061808432 -301353 1885625 7220864
8248094730130923550 2439680 -3057162 7372080
8248094760931474933 781267 1795263 7014208
8248094762193144755 1504286 -336950 7102800
8248094772854037477 -3147573 174236 8485472
8248094801156273061 1307770 -950290 7050048
8248094818868428058 2388128 -231318 7317056
8248094820245411666 1588498 -902276 7223440
8248094898832638270 840454 -441554 7028176
8248094941308612939 2574607 -1751908 7016448
8248094941745811513 -1847206 2028279 7500448
8248095005167766662 1912902 -2803816 7433040
6914340952408833412 1292386 -2519556 7056512
6914340952690028007 -951887 -2782499 7082288
6914341098774917565 2244799 -1556028 7177920
6914341129109471228 389598 -2054892 7025776
6914341141290785827 184317 -3198963 7209824
6914341242603098643 -2818323 412744 7268528
6914341528742148361 -1418477 750662 7454128
6914341553893821889 -2257362 -2064443 7489280
6914341564552286418 1632699 1323419 7384768
6914341622895958599 1892984 -449240 7032272
6914341643926697686 1382949 -2864290 7705856
6914341658006103078 -403519 -1756990 7340016
6914341728416141269 -288045 -1530935 8339968
6914341854627603477 -3086448 -2126087 7841792
6914341912840826981 -212992 -2690173 7484800
6914342092246390436 2060579 -1168855 7291104
6914342202361910209 -349552 -3376699 7150000
6914342205473853027 -670005 -262339 7684928
6914342222856730401 1262394 -3269119 7254512
6914342242092490183 -1273804 -2276606 7331216
6914342380017197692 -1038004 1073515 7612848
6914342491765263355 -192851 83660 7723088
6914342524243861677 289592 -2238325 7059200
6914342671045267390 -2669028 -1561302 7114544
6914342700322737070 -2713425 -2398857 7280608
6914342741650238922 89842 -1727681 7326448
6914342751836031533 -1892611 -874075 7243568
6914342797731752349 2348623 -2893936 7146352
6914342800530485259 -849713 1117899 7002144
6914342820189953798 458391 942192 7059040
6914342874546483014 -2889575 2307207 7620560
6914342889471374399 -1033258 2047435 7516496
-6269780314219350705 -2751810 -871503 7096768
-6269780217318838389 -2373605 1518141 7565712
-6269780191508084517 288394 -3284971 7397856
-6269779881693777213 -513255 1776179 7249920
-6269779843127821189 622315 444593 7023488
-6269779798653856835 -3181181 -3134152 7094112
-6269779731072845686 1718557 1302088 7112144
-6269779619957256368 -2103720 -1881557 7521040
-6269779577285813277 1980966 693777 7394848
-6269779540790883118 1491299 1378895 7616160
-6269779511233159318 1860584 -1998675 7193648
-6269779495476599957 -934868 -1779558 7204128
-6269779440824805184 -2654407 -1502560 7112816
-6269779434690104544 1188358 -598691 7111376
-6269779351966124144 -336210 1219486 7338480
-6269779349275599144 -2481961 -2490382 7216288
-6269779321316032906 1684473 1899602 7782832
-6269779319453939910 1390922 1045736 7847840
-6269779312421078488 -1216383 -1773744 7402976
-6269779260478889581 1885173 -1180570 7111232
-6269779208682763868 -1382102 -3159846 8339520
-6269779035717445104 -1604676 -1945305 7193120
-6269778950748070011 2097571 -228670 7284848
-6269778926075627715 1975401 -2427069 7223216
-6269778923599946329 -1427257 47330 9237312
-6269778911257078728 674612 -425347 7193120
-6269778890068792786 -2736948 -3483789 7084672
-6269778748817930221 2094868 1151371 7249392
-6269778727760914265 1854307 -2893431 7280352
-6269778708740341901 -1319522 -1447362 7293904
-6269778696476150112 854732 -437313 7064400
-6269778675911844584 -1251950 583151 7580736
-6269778659771977873 -2954526 -3063426 7142576
-6269778579644980187 1790209 -1311711 7493824
-6269778438344877178 1469432 1047384 7156624
-6269778370098637823 -1540417 -1556488 7065856
-5472171777563122202 -18414 -377240 7238112
-5472171768432552002 2614322 -118662 7089200
-5472171740414018151 -1249193 -3171244 7636032
-5472171587774149749 -207815 -323137 7116032
-5472171477804869937 94075 -1354824 8262320
-5472171466170908567 -2887303 1807226 7017024
-5472171462638226667 -749380 -420527 7023888
-5472171367091789891 865286 1819520 7151920
-5472171362178473756 -2571817 2196393 7141904
-5472171324836481514 113455 450134 7151744
-5472171306012826823 2119520 -2811839 7650320
-5472171304411386591 -138601 -1496868 7447344
-5472171300262913434 -3514590 2206166 7063008
-5472171273813613445 1546520 1988710 7116816
-5472171231387169046 -1296232 226040 7062160
-5472171071651849863 2818822 1055328 7873312
-5472170988377951870 914843 -287693 7558656
-5472170980097517657 -3271674 -3069011 7192000
-5472170816138641063 1653593 -2012926 7332976
-5472170745811797492 2013088 -2654057 7044592
-5472170722236145958 1819979 -237086 7211344
-5472170697177833620 -2199837 1701029 7125696
-5472170494662581790 2779250 -1459768 7060512
-5472170491756057050 2140686 -539282 7006656
-5472170458228344126 -824204 2082897 7039520
-5472170355816623456 251630 -1848137 7136496
-5472170349120061129 -903640 -1509641 7125392
-5472170343736325739 -1501663 222969 7029728
-5472170330410939919 11546 -2833563 7055664
-5472170307858337916 2765830 1255204 7041984
-5472170247841763991 744218 -773970 7337904
-5472170190813929809 231084 -2311482 7063328
-5472170125637997601 -2588848 -987613 7624224
-5472170116981471851 2129153 -383436 7033024
-5472169982298194874 2152290 -1134829 8196160
-5472169980942103314 1052597 -2597940 7077552
-5472169957018151763 1482010 -1131426 7592240
913047827643777453 2235001 1085029 7009840
913047842265406755 574774 -541931 7077488
913047845594233722 1805032 -977033 7257648
913047851246933642 -66015 -1693033 7027520
913048041795682519 -408516 -3167711 7131760
913048093936888022 2079291 -930107 7383168
913048131704632092 2251493 -726493 7134288
913048159752452718 -2751159 846897 7653664
913048256569152452 752770 -2651720 7411056
913048266651795018 1058358 -1754231 7115232
913048346104950935 3024309 1352108 7096592
913048385230520521 -1539687 -73631 7259312
913048401080268677 -2185713 -44306 7268448
913048404659082824 41285 -2836304 7030304
913048450041098388 -1281239 -1001328 7548208
913048493255403747 750954 -2935197 7065424
913048564559716825 -1994932 2058699 7167712
913048583006096532 29976 1604247 7276432
913048764569056431 -1511130 -1088817 7072128
913048852244785042 -1614457 2468161 7017904
913048856717708559 2042392 1101420 7150320
913048908586253188 2088680 -3026814 7447968
913048933712678646 2140471 -117766 7115568
913048993324731292 -1945645 -2827858 7006624
913049025249575850 133327 -978791 7605808
913049070765516258 1113883 -2677675 7263408
913049175790163507 2280436 -2301752 7009504
913049220705125796 2882844 -2847656 7234816
913049222675523729 434762 -2991636 7166144
913049292512330560 1930098 210326 7512224
913049330012622659 1313039 1659818 7365920
913049403383615187 2908820 -377292 7309344
913049410831883335 -558854 1458402 7107744
913049414147528442 -3231326 427812 7047488
913049464362111550 860925 -2463671 7768704
913049509978293988 -1798751 -2232644 7360512
913049619392386962 -3028964 732701 7158784
913049658943407089 -573837 -129806 7560384
913049844454620593 -1653363 -162266 7557312
-4675508319773035394 2077289 -2990401 7846016
-4675508306065073623 -2639649 2526650 7241008
-4675508259770417420 -1135210 -829181 7086688
-4675508252943908542 312779 909165 7029792
-4675508023209067286 639611 139558 7163248
-4675508011819207868 -676031 -2257361 7256832
-4675508009636699210 -2821502 -471998 7221152
-4675507978367352314 -2882188 -1410220 7107088
-4675507901793483870 -1758509 2415976 7072064
-4675507881260807133 2922381 122261 7054224
-4675507770500033653 1622124 1523373 7034368
-4675507755960164727 -61933 522942 7667760
-4675507660980035391 -2320516 1016343 7185552
-4675507567059402218 -628375 1053694 7425760
-4675507556575990773 -4755 -2176665 7297120
-4675507549651249627 -2896008 525459 8176064
-4675507520672579034 1524528 -1047247 7352048
-4675507469568232799 -2114033 -1470993 7279680
-4675507411279378513 2217095 -1812750 7013056
-4675507385862300552 -816702 1693500 7041904
-4675507273516393662 -131642 -867774 7347376
-4675507252332224787 1664752 -1155460 7393856
-4675507172896323890 -2541450 -446719 7702784
-4675507163793071668 -2157895 -2253647 7515792
-4675507060173596585 -195101 888676 7343568
-4675507031145092588 401595 -2243348 7914944
-4675507021543997359 2194462 -2931992 8442256
-4675506995875732667 -2802344 993221 7260896
-4675506986884450178 -132811 2465275 7083824
-4675506963543714115 -776017 1025333 7007296
-4675506926509941397 -3361831 -194470 7174528
-4675506889531188033 -211312 889636 7142800
-4675506878297911368 781805 1393892 8225872
-4675506774329600339 -1336378 112940 7004192
-4675506769710317462 -1371344 -1525402 7107472
-4675506742418676499 -256938 64952 7451216
-4675506740590545977 -179644 1947770 7086496
-4675506732134344634 775504 1325058 7269584
-4675506584162256606 -1275096 -59938 7422576
-4675506563830311599 -2980173 1675779 7055328
-4675506525402648825 -912139 -1004963 7054832
-4675506515298635022 -3001049 -27139 7089664
-4675506508941060570 1995888 1467440 7620112
-4675506400892678305 714054 1784376 7102848
-4675506378284377475 104498 -1492437 8146848
-4675506332026060994 -2210595 -2920788 7256944
1988000234390059313 -2288750 -398606 7128304
1988000296323895352 601940 -3285687 7100576
1988000333963502281 -1058047 935298 7046784
1988000348257534201 179575 1083186 7308336
1988000365613358896 1210264 -2097427 7147040
1988000540215381805 -2846099 -1009417 7110608
1988000606698918086 123235 1897910 7069408
1988000612076404671 -541511 -1162456 7110112
1988000639617124159 413579 -1905130 7099984
1988000708346185148 1939087 -1715051 7313792
1988000748914071459 -2746283 -1740332 7081136
1988000779901106585 813515 -263336 7403808
1988000811036533640 -1279782 -3054562 7272640
1988000832947041965 794123 -301665 7198704
1988000858767626217 194966 -2046312 7017328
1988000982016356890 -1878809 -3111251 7070416
1988001027258006559 -1787386 -701331 7144144
1988001110285247202 1967287 -2243847 7697216
1988001164909255879 2686423 768065 7484144
1988001165767887388 -734547 -1701686 7040864
1988001175939442977 -2585177 -654814 7225696
1988001215047028692 -2336784 901531 7568128
1988001216036844448 181141 2225323 8272272
1988001289540069035 -3171601 -2755941 7713728
1988001307801436545 -73452 148563 7632176
1988001309620267537 -211563 -173953 7164640
1988001312000386746 -1374869 -1718464 7487744
1988001324961729606 2625660 -3132047 7247776
1988001465536461685 -1388874 -936891 7984512
1988001613125149898 1205703 1776756 7113120
1988001640721836430 418258 755359 7095168
1988001660140650817 -2604375 -3294262 7268032
1988001671477763824 -2116355 193624 8028128
1988001672116671761 2760796 738575 7330240
1988001798737161021 380142 -488081 7086208
1988001865293989884 1245420 -2681339 7015328
1988002020308362989 -2824195 -114863 7001936
1988002031097659111 -1275862 -1460737 7376032
1988002031230457204 -1838601 -2806545 7287056
1988002049288395890 -1687945 -2640050 7251792
1988002082634938989 9073 -2115006 7031152
1988002115667778892 1628810 -185507 7708192
1988002183513666722 1304530 449519 7207424
1988002213767767579 739258 -1818589 7120832
1988002284395706389 1283264 1150708 7220544
1988002345482962060 -1028410 -274121 7060752
1988002357956228039 -1282677 -1886035 7551056
1988002359000524483 -3392912 1345442 7033952
1988002372496767252 2005905 -960101 7022016
1988002384131104202 -3116063 2152506 7343248
1988002437841631570 1266804 1159928 7162304
1988002526185806963 1783661 -3517581 7378176
1988002593826218817 -2560527 356007 7561472
1988002600614554737 -269028 1915827 7748512
-8241284989798989211 1424284 -1326661 7489568
-8241284925702069380 2606104 1288807 7060912
-8241284875000582412 -3097402 145648 7107088
-8241284820486716892 -1007286 -2121542 7492528
-8241284801978213328 -966668 -1359070 7097984
-8241284761112433097 -1337975 -1997994 7087936
-8241284695421776354 -187100 -522835 7032704
-8241284679299391137 -645945 1119415 7609008
-8241284640796051970 2000660 1793249 7195424
-8241284597196515135 -1586962 -3149930 7152944
-8241284486819053721 278920 -864588 7130688
-8241284474543880747 -648809 239667 7907216
-8241284460221219437 31917 -473803 7122192
-8241284380800099119 2137853 -2787848 7218448
-8241284375375862163 -1436354 885629 7029568
-8241284351234510457 -1940406 149022 7253664
-8241284327940539301 1322571 -435534 7177760
-8241284314734380703 1778661 -245568 7097616
-8241284214769139628 1536422 -2889867 7321680
-8241284203679901087 -2205076 1896810 7014048
-8241284165545808271 -1907336 1550145 7470816
-8241284139886949960 2514527 -1825111 7235376
-8241284097749301046 1379380 818896 7190416
-8241284059060259183 1476788 1570980 7414336
-8241284053362916779 243453 -1837947 7102624
-8241284039572961322 -3245028 511550 7414368
-8241284034401721267 -1693835 -375787 7076656
-8241283898795320952 -2661388 863854 7165232
-8241283791936041736 1898421 -1762210 7174176
-8241283769477482414 -3218608 1452577 7299536
-8241283751059247665 -159399 -1778526 7308048
-8241283628512425655 -231480 -3078094 7106080
-8241283563733953784 -2320716 2276853 7437216
-8241283543516932044 -813590 -1430761 7204592
-8241283540677453153 -2539700 -494738 7390976
-8241283536894945099 147078 49040 7046192
-8241283527084230387 19775 937816 7062736
-8241283497028274630 677135 -2113119 7208496
-8241283428790167223 -1325885 -2405749 7125744
-8241283366715027753 331374 2466912 7257312
-8241283230208453248 -3446800 -437421 7184272
-8241283182458307202 -646168 1602184 7356368
-8241283170337096043 -824405 -1452970 7420928
-8241283143814327880 -1407228 -3015758 7214304
-8241283063397863835 -1010894 -3132025 7076288
-8241283028165680674 -1047573 -1895585 7242144
-8241283026962089266 15332 -1862276 7060000
-8241283014972439692 -1664141 -607900 7016592
-8241282983030911218 -173432 912392 7137168
-4468611253864724429 1915406 -3199187 7410176
-4468611164173588030 -3358097 -2027212 7117120
-4468611143849810531 -729061 2208646 7208208
-4468611088710839123 988863 -2916579 7104800
-4468611055736650865 -1443754 257656 7107216
-4468611054840446425 1715134 -3039895 7168160
-4468611047015901845 2103343 44104 7501344
-4468611011750868472 -1705706 1515201 7760528
-4468611007785541982 2097935 -655235 7245072
-4468611007540951612 -1058807 2243877 7364464
-4468610978962763867 550989 -1249414 7024864
-4468610938019020015 3050197 1544671 7122080
-4468610916760631655 -2372764 -3113600 7291936
-4468610915381965988 2389212 -1236132 7548976
-4468610904468432262 55260 -2071745 7166336
-4468610817837912407 -2987496 1365622 7269568
-4468610813636641831 2854347 -1208875 7008416
-4468610785141097846 -3242190 -3038424 7018320
-4468610737915383439 -1290090 -183145 7113776
-4468610552981059996 -1132046 2201342 7183312
-4468610521317534935 2434794 -2977007 7321600
-4468610491752435442 690224 -2333140 7089584
-4468610453790145217 1500920 -2874821 7045056
-4468610350741514780 -1083387 -2907917 7638096
-4468610333713181786 -337102 522811 7070352
-4468610248237376171 -1036915 -1010369 7818608
-4468610213435219332 158593 -434909 7465776
-4468610047625037624 834090 -363685 7222896
-4468610001444330236 276313 -133833 7127472
-4468609959482553012 -2170368 1974825 7498352
-4468609943240534337 -2035732 -1963890 7267664
-4468609873339692223 -2113297 -2860650 7589568
-4468609867365434480 1476730 -3446023 7122352
-4468609834630879271 -3158205 -2482502 7652528
-4468609821647569839 -574517 763960 7014832
-4468609804114838489 -1341646 1997270 7979296
-4468609774058891639 2597631 -538744 7295920
-4468609744512525785 -2964815 -1196488 7195984
-4468609644376888334 -107551 -378845 7161088
-4468609629071925776 -157170 19387 7071904
-4468609625878098397 -396775 287845 7325280
-4468609595085381084 -328621 2159455 7368304
-4468609581423252010 -2592613 -2938753 7088448
-4468609566542231358 -1420312 -1258990 7324720
-4468609512468297590 -2749711 -783241 7230288
-4468609478733011622 390480 1415982 7419248
-4468609416678275162 792709 1996194 7269024
-4468609399000192855 2292147 1603789 7180816
